date,season,week,game_type,home_team,home_score,away_team,away_score,neutral_site
1920-09-26,1920,1,REG,RII,48,STP,0,0
1920-10-03,1920,2,REG,AKR,43,WHE,0,0
1920-10-03,1920,2,REG,RCH,10,ABU,0,0
1920-10-03,1920,2,REG,DAY,14,COL,0,0
1920-10-03,1920,2,REG,RII,45,MUN,0,0
1920-10-03,1920,2,REG,CHI,20,MUT,0,0
1920-10-03,1920,2,REG,CBD,48,PTQ,0,0
1920-10-03,1920,2,REG,BFF,32,WBU,6,0
1920-10-10,1920,3,REG,CBD,42,TLM,0,0
1920-10-10,1920,3,REG,BFF,51,ABU,0,0
1920-10-10,1920,3,REG,DHR,40,CLP,14,0
1920-10-10,1920,3,REG,AKR,37,COL,0,0
1920-10-10,1920,3,REG,CHT,0,ARI,0,0
1920-10-10,1920,3,REG,DAY,0,CTI,0,0
1920-10-10,1920,3,REG,RCH,66,FTP,0,0
1920-10-10,1920,3,REG,RII,26,HAM,0,0
1920-10-10,1920,3,REG,CHI,25,KEW,7,0
1920-10-17,1920,4,REG,ARI,33,MUT,3,0
1920-10-17,1920,4,REG,RII,0,CHI,7,0
1920-10-17,1920,4,REG,RCH,0,UTI,0,0
1920-10-17,1920,4,REG,CBD,7,CTI,0,0
1920-10-17,1920,4,REG,AKR,13,CNC,0,0
1920-10-17,1920,4,REG,FTW,14,COL,0,0
1920-10-17,1920,4,REG,CHT,12,DHR,0,0
1920-10-17,1920,4,REG,DAY,44,HAM,0,0
1920-10-17,1920,4,REG,BFF,28,MCK,7,0
1920-10-24,1920,5,REG,DHR,6,COL,0,0
1920-10-24,1920,5,REG,RCH,21,SYR,7,0
1920-10-24,1920,5,REG,BFF,38,TLM,0,0
1920-10-24,1920,5,REG,AKR,7,CTI,0,0
1920-10-24,1920,5,REG,DAY,20,CBD,20,0
1920-10-24,1920,5,REG,CHT,0,CHI,10,0
1920-10-24,1920,5,REG,RII,7,ARI,0,0
1920-10-31,1920,6,REG,DAY,23,CNC,7,0
1920-10-31,1920,6,REG,BFF,17,RCH,6,0
1920-10-31,1920,6,REG,LOG,9,HAM,14,0
1920-10-31,1920,6,REG,ARI,21,DHR,0,0
1920-10-31,1920,6,REG,RCK,0,CHI,29,0
1920-10-31,1920,6,REG,CTI,7,COL,0,0
1920-10-31,1920,6,REG,CBD,0,AKR,10,0
1920-10-31,1920,6,REG,RII,20,CHT,7,0
1920-11-07,1920,7,REG,CTI,0,CBD,18,0
1920-11-07,1920,7,REG,RCH,27,UTI,7,0
1920-11-07,1920,7,REG,RII,0,CHI,0,0
1920-11-07,1920,7,REG,CHT,3,ARI,6,0
1920-11-07,1920,7,REG,BFF,35,ATN,0,0
1920-11-07,1920,7,REG,PUL,13,HAM,14,0
1920-11-07,1920,7,REG,ZAN,0,COL,10,0
1920-11-11,1920,7,REG,CHL,0,CHI,20,0
1920-11-11,1920,7,REG,THO,7,RII,7,0
1920-11-14,1920,8,REG,MNM,0,CHI,3,0
1920-11-14,1920,8,REG,CBD,21,CHT,0,0
1920-11-14,1920,8,REG,ARI,20,CNC,0,0
1920-11-14,1920,8,REG,CTI,7,AKR,7,0
1920-11-14,1920,8,REG,RII,0,DAY,21,0
1920-11-14,1920,8,REG,FTW,0,DHR,0,0
1920-11-14,1920,8,REG,GAR,7,HAM,6,0
1920-11-14,1920,8,REG,BFF,43,COL,7,0
1920-11-14,1920,8,REG,RCH,0,ATN,6,0
1920-11-21,1920,9,REG,ZAN,0,COL,0,0
1920-11-21,1920,9,REG,CHI,28,HAM,7,0
1920-11-21,1920,9,REG,CTI,14,TLM,0,0
1920-11-21,1920,9,REG,BFF,0,CBD,3,0
1920-11-21,1920,9,REG,ARI,14,LAN,0,0
1920-11-21,1920,9,REG,RCH,16,ROS,0,0
1920-11-21,1920,9,REG,AKR,13,DAY,0,0
1920-11-25,1920,9,REG,ELY,0,COL,0,0
1920-11-25,1920,9,REG,DAY,28,DHR,0,0
1920-11-25,1920,9,REG,CHB,27,HAM,0,0
1920-11-25,1920,9,REG,RCH,3,ATN,14,0
1920-11-25,1920,9,REG,AKR,7,CBD,0,0
1920-11-25,1920,9,REG,CHT,0,CHI,6,0
1920-11-28,1920,10,REG,ROS,6,RCH,7,0
1920-11-28,1920,10,REG,RII,48,WJA,7,0
1920-11-28,1920,10,REG,DHR,0,LAN,0,0
1920-11-28,1920,10,REG,BFF,7,CTI,0,0
1920-11-28,1920,10,REG,ARI,7,CHI,6,0
1920-11-28,1920,10,REG,DAY,0,AKR,14,0
1920-11-28,1920,10,REG,CHT,27,THO,0,0
1920-12-04,1920,10,REG,BFF,7,CBD,3,0
1920-12-05,1920,11,REG,BFF,0,AKR,0,0
1920-12-05,1920,11,REG,DHR,7,DTM,7,0
1920-12-05,1920,11,REG,COL,24,CWP,0,0
1920-12-05,1920,11,REG,ROS,0,RCH,0,0
1920-12-05,1920,11,REG,ARI,0,CHI,10,0
1920-12-05,1920,11,REG,WGC,0,CBD,0,0
1920-12-11,1920,11,REG,UAP,13,CBD,7,0
1920-12-12,1920,12,REG,CHI,0,AKR,0,0
1920-12-18,1920,12,REG,RIC,0,CBD,39,0
1920-12-19,1920,13,REG,CST,14,ARI,14,0
1921-09-25,1921,1,REG,AKR,14,COL,0,0
1921-10-02,1921,2,REG,AKR,41,CCL,0,0
1921-10-02,1921,2,REG,ECG,21,LOU,0,0
1921-10-02,1921,2,REG,ARI,20,MNN,0,0
1921-10-02,1921,2,REG,BFF,17,HAM,0,0
1921-10-02,1921,2,REG,RII,0,DTI,0,0
1921-10-02,1921,2,REG,DAY,42,COL,13,0
1921-10-09,1921,3,REG,ECG,14,MUN,0,0
1921-10-09,1921,3,REG,CBD,7,HAM,7,0
1921-10-09,1921,3,REG,DTI,10,DAY,7,0
1921-10-09,1921,3,REG,BFF,38,COL,0,0
1921-10-09,1921,3,REG,ARI,0,AKR,23,0
1921-10-10,1921,3,REG,CHI,14,RII,10,0
1921-10-16,1921,4,REG,CHI,16,RCH,13,0
1921-10-16,1921,4,REG,ECG,0,HAM,3,0
1921-10-16,1921,4,REG,CTI,35,COL,9,0
1921-10-16,1921,4,REG,MUN,0,CCL,14,0
1921-10-16,1921,4,REG,DAY,14,CBD,14,0
1921-10-16,1921,4,REG,DTI,0,AKR,20,0
1921-10-16,1921,4,REG,ARI,7,RII,14,0
1921-10-16,1921,4,REG,BFF,55,NG1,0,0
1921-10-23,1921,5,REG,DTI,0,RII,14,0
1921-10-23,1921,5,REG,BFF,28,RCH,0,0
1921-10-23,1921,5,REG,CBD,0,AKR,3,0
1921-10-23,1921,5,REG,CTI,28,CCL,0,0
1921-10-23,1921,5,REG,ARI,17,COL,6,0
1921-10-23,1921,5,REG,CHI,7,DAY,0,0
1921-10-23,1921,5,REG,GB,7,MNN,6,0
1921-10-30,1921,6,REG,GB,3,RII,13,0
1921-10-30,1921,6,REG,AKR,19,RCH,0,0
1921-10-30,1921,6,REG,BFF,21,DTI,0,0
1921-10-30,1921,6,REG,DAY,3,CTI,2,0
1921-10-30,1921,6,REG,MNN,28,COL,0,0
1921-11-06,1921,7,REG,CHI,20,DTI,9,0
1921-11-06,1921,7,REG,CBD,14,DAY,0,0
1921-11-06,1921,7,REG,BFF,10,CTI,6,0
1921-11-06,1921,7,REG,RCH,45,TON,0,0
1921-11-06,1921,7,REG,COL,0,AKR,21,0
1921-11-06,1921,7,REG,RII,14,MNN,3,0
1921-11-06,1921,7,REG,ARI,7,HAM,0,0
1921-11-06,1921,7,REG,GB,43,ECG,6,0
1921-11-13,1921,8,REG,GB,14,HAM,7,0
1921-11-13,1921,8,REG,BFF,0,AKR,0,0
1921-11-13,1921,8,REG,CTI,0,CBD,7,0
1921-11-13,1921,8,REG,CHI,3,RII,0,0
1921-11-13,1921,8,REG,DAY,27,DTI,0,0
1921-11-20,1921,9,REG,ARI,3,GB,3,0
1921-11-20,1921,9,REG,CHI,22,CTI,7,0
1921-11-20,1921,9,REG,BFF,7,CBD,7,0
1921-11-20,1921,9,REG,DAY,3,AKR,0,0
1921-11-20,1921,9,REG,RCH,27,COL,13,0
1921-11-24,1921,9,REG,AKR,0,CBD,14,0
1921-11-24,1921,9,REG,CHI,6,BFF,7,0
1921-11-27,1921,10,REG,ECG,48,CCL,0,0
1921-11-27,1921,10,REG,SEN,0,CBD,15,0
1921-11-27,1921,10,REG,CHI,20,GB,0,0
1921-11-27,1921,10,REG,BFF,7,DAY,0,0
1921-12-03,1921,10,REG,BFF,14,AKR,0,0
1921-12-03,1921,10,REG,NG1,0,CTI,17,0
1921-12-04,1921,11,REG,LOU,0,COL,6,0
1921-12-04,1921,11,REG,CHI,10,BFF,7,0
1921-12-04,1921,11,REG,ARI,0,AKR,7,0
1921-12-11,1921,12,REG,SEN,7,CTI,0,0
1921-12-11,1921,12,REG,CHI,10,CBD,0,0
1921-12-18,1921,13,REG,CHI,0,ARI,0,0
1921-12-18,1921,13,REG,SEN,14,CBD,28,0
1922-10-01,1922,1,REG,AKR,36,COL,0,0
1922-10-01,1922,1,REG,RAC,0,CHI,6,0
1922-10-01,1922,1,REG,TOL,15,ECG,0,0
1922-10-01,1922,1,REG,RII,19,GB,14,0
1922-10-01,1922,1,REG,CBD,38,LOU,0,0
1922-10-01,1922,1,REG,ARI,3,MIL,0,0
1922-10-01,1922,1,REG,DAY,36,OOR,0,0
1922-10-01,1922,1,REG,BFF,7,HAM,0,0
1922-10-08,1922,2,REG,TOL,12,MIL,12,0
1922-10-08,1922,2,REG,OOR,20,COL,6,0
1922-10-08,1922,2,REG,RII,6,CHI,10,0
1922-10-08,1922,2,REG,GB,6,RAC,10,0
1922-10-08,1922,2,REG,DAY,0,CBD,0,0
1922-10-12,1922,2,REG,AKR,13,RCH,13,0
1922-10-15,1922,3,REG,ARI,16,GB,3,0
1922-10-15,1922,3,REG,DAY,17,MNN,0,0
1922-10-15,1922,3,REG,CBD,14,OOR,0,0
1922-10-15,1922,3,REG,MIL,20,RAC,0,0
1922-10-15,1922,3,REG,CHI,7,RCH,0,0
1922-10-15,1922,3,REG,BFF,19,COL,0,0
1922-10-15,1922,3,REG,RII,60,ECG,0,0
1922-10-15,1922,3,REG,TOL,14,HAM,0,0
1922-10-22,1922,4,REG,MIL,0,GB,0,0
1922-10-22,1922,4,REG,DAY,20,HAM,0,0
1922-10-22,1922,4,REG,ARI,3,MNN,0,0
1922-10-22,1922,4,REG,RAC,0,TOL,7,0
1922-10-22,1922,4,REG,RII,26,RCH,0,0
1922-10-22,1922,4,REG,CHI,7,BFF,0,0
1922-10-22,1922,4,REG,AKR,0,CBD,22,0
1922-10-29,1922,5,REG,AKR,62,OOR,0,0
1922-10-29,1922,5,REG,TOL,39,LOU,0,0
1922-10-29,1922,5,REG,ARI,37,COL,6,0
1922-10-29,1922,5,REG,MIL,0,HAM,0,0
1922-10-29,1922,5,REG,RAC,9,RCH,0,0
1922-10-29,1922,5,REG,GB,0,RII,0,0
1922-10-29,1922,5,REG,DAY,0,BFF,7,0
1922-10-29,1922,5,REG,CHI,6,CBD,7,0
1922-11-05,1922,6,REG,CBD,0,TOL,0,0
1922-11-05,1922,6,REG,ARI,9,BFF,7,0
1922-11-05,1922,6,REG,GB,3,COL,0,0
1922-11-05,1922,6,REG,MNN,13,OOR,6,0
1922-11-05,1922,6,REG,CHI,9,DAY,0,0
1922-11-05,1922,6,REG,RAC,57,LOU,0,0
1922-11-05,1922,6,REG,AKR,22,HAM,0,0
1922-11-11,1922,6,REG,RAC,34,COL,0,0
1922-11-12,1922,7,REG,GB,14,MNN,6,0
1922-11-12,1922,7,REG,CBD,3,BFF,0,0
1922-11-12,1922,7,REG,CHI,33,OOR,6,0
1922-11-12,1922,7,REG,LOU,13,ECG,6,0
1922-11-12,1922,7,REG,RII,43,DAY,0,0
1922-11-12,1922,7,REG,ARI,7,AKR,0,0
1922-11-19,1922,8,REG,MIL,13,OOR,0,0
1922-11-19,1922,8,REG,CHI,3,RII,0,0
1922-11-19,1922,8,REG,RAC,3,GB,3,0
1922-11-19,1922,8,REG,ARI,0,CBD,7,0
1922-11-19,1922,8,REG,BFF,3,AKR,3,0
1922-11-26,1922,9,REG,CHI,20,AKR,10,0
1922-11-26,1922,9,REG,TOL,7,COL,6,0
1922-11-26,1922,9,REG,CBD,20,ARI,3,0
1922-11-26,1922,9,REG,RAC,6,HAM,0,0
1922-11-26,1922,9,REG,GB,13,MIL,0,0
1922-11-26,1922,9,REG,BFF,7,OOR,19,0
1922-11-30,1922,9,REG,RAC,3,MIL,0,0
1922-11-30,1922,9,REG,COL,6,OOR,18,0
1922-11-30,1922,9,REG,ARI,6,CHI,0,0
1922-11-30,1922,9,REG,RCH,0,BFF,21,0
1922-11-30,1922,9,REG,CBD,14,AKR,0,0
1922-12-03,1922,10,REG,BFF,16,AKR,0,0
1922-12-03,1922,10,REG,CHI,22,TOL,0,0
1922-12-03,1922,10,REG,CBD,40,MIL,6,0
1922-12-03,1922,10,REG,RAC,0,GB,14,0
1922-12-03,1922,10,REG,ARI,3,DAY,7,0
1922-12-10,1922,11,REG,TOL,0,CBD,19,0
1922-12-10,1922,11,REG,ARI,9,CHI,0,0
1923-09-30,1923,1,REG,DUL,10,AKR,7,0
1923-09-30,1923,1,REG,MIL,13,OOR,2,0
1923-09-30,1923,1,REG,RII,3,CHI,0,0
1923-09-30,1923,1,REG,DAY,7,COL,6,0
1923-09-30,1923,1,REG,CBD,17,HAM,0,0
1923-09-30,1923,1,REG,GB,12,MNN,0,0
1923-09-30,1923,1,REG,RAC,7,TOL,7,0
1923-09-30,1923,1,REG,ARI,3,BFF,0,0
1923-10-07,1923,2,REG,CBD,37,LOU,0,0
1923-10-07,1923,2,REG,GB,0,SLA,0,0
1923-10-07,1923,2,REG,ARI,60,RCH,0,0
1923-10-07,1923,2,REG,MNN,0,DUL,10,0
1923-10-07,1923,2,REG,HAM,7,DAY,0,0
1923-10-07,1923,2,REG,MIL,0,COL,0,0
1923-10-07,1923,2,REG,RII,0,CIB,0,0
1923-10-07,1923,2,REG,RAC,0,CHI,3,0
1923-10-07,1923,2,REG,BFF,9,AKR,0,0
1923-10-07,1923,2,REG,TOL,7,OOR,0,0
1923-10-14,1923,3,REG,MIL,7,RAC,7,0
1923-10-14,1923,3,REG,SLA,0,HAM,0,0
1923-10-14,1923,3,REG,CBD,30,DAY,0,0
1923-10-14,1923,3,REG,GB,0,CHI,3,0
1923-10-14,1923,3,REG,COL,0,BFF,3,0
1923-10-14,1923,3,REG,ARI,19,AKR,0,0
1923-10-14,1923,3,REG,MNN,23,OOR,0,0
1923-10-14,1923,3,REG,RII,56,RCH,0,0
1923-10-21,1923,4,REG,BFF,57,OOR,0,0
1923-10-21,1923,4,REG,ARI,9,MNN,0,0
1923-10-21,1923,4,REG,GB,12,MIL,0,0
1923-10-21,1923,4,REG,COL,34,LOU,0,0
1923-10-21,1923,4,REG,TOL,6,DAY,3,0
1923-10-21,1923,4,REG,CHI,0,CBD,6,0
1923-10-21,1923,4,REG,RAC,9,AKR,7,0
1923-10-21,1923,4,REG,DUL,3,HAM,0,0
1923-10-21,1923,4,REG,CIB,6,SLA,0,0
1923-10-28,1923,5,REG,CHI,18,BFF,3,0
1923-10-28,1923,5,REG,TOL,0,COL,3,0
1923-10-28,1923,5,REG,MIL,6,SLA,0,0
1923-10-28,1923,5,REG,GB,3,RAC,24,0
1923-10-28,1923,5,REG,CIB,27,OOR,0,0
1923-10-28,1923,5,REG,DUL,9,MNN,0,0
1923-10-28,1923,5,REG,ARI,13,DAY,3,0
1923-10-28,1923,5,REG,CBD,7,AKR,3,0
1923-11-04,1923,6,REG,CHI,26,OOR,0,0
1923-11-04,1923,6,REG,RII,3,MIL,14,0
1923-11-04,1923,6,REG,SLA,0,GB,3,0
1923-11-04,1923,6,REG,ARI,3,CBD,7,0
1923-11-04,1923,6,REG,CIB,0,BFF,0,0
1923-11-04,1923,6,REG,MNN,13,RAC,6,0
1923-11-11,1923,7,REG,MNN,6,RII,6,0
1923-11-11,1923,7,REG,SLA,14,OOR,7,0
1923-11-11,1923,7,REG,CHI,20,AKR,6,0
1923-11-11,1923,7,REG,CIB,0,DAY,0,0
1923-11-11,1923,7,REG,MIL,6,DUL,3,0
1923-11-11,1923,7,REG,RAC,0,GB,16,0
1923-11-11,1923,7,REG,COL,16,TOL,0,0
1923-11-11,1923,7,REG,ARI,6,HAM,0,0
1923-11-11,1923,7,REG,BFF,3,CBD,3,0
1923-11-18,1923,8,REG,ARI,10,DUL,0,0
1923-11-18,1923,8,REG,BFF,3,DAY,0,0
1923-11-18,1923,8,REG,CBD,41,OOR,0,0
1923-11-18,1923,8,REG,CIB,9,COL,3,0
1923-11-18,1923,8,REG,CHI,7,RII,3,0
1923-11-18,1923,8,REG,MIL,7,GB,10,0
1923-11-24,1923,8,REG,RCH,6,TOL,12,0
1923-11-24,1923,8,REG,SLA,0,MIL,17,0
1923-11-25,1923,9,REG,CHI,14,HAM,7,0
1923-11-25,1923,9,REG,GB,10,DUL,0,0
1923-11-25,1923,9,REG,RII,6,MNN,6,0
1923-11-25,1923,9,REG,COL,27,OOR,3,0
1923-11-25,1923,9,REG,ARI,4,RAC,10,0
1923-11-25,1923,9,REG,BFF,3,TOL,3,0
1923-11-25,1923,9,REG,CIB,10,CBD,46,0
1923-11-29,1923,9,REG,CBD,28,TOL,0,0
1923-11-29,1923,9,REG,AKR,2,BFF,0,0
1923-11-29,1923,9,REG,CHI,3,ARI,0,0
1923-11-29,1923,9,REG,GB,19,HAM,0,0
1923-11-29,1923,9,REG,RAC,0,MIL,16,0
1923-12-01,1923,9,REG,RCH,0,BFF,13,0
1923-12-02,1923,10,REG,CHI,0,MIL,0,0
1923-12-02,1923,10,REG,COL,30,DAY,3,0
1923-12-02,1923,10,REG,ARI,22,OOR,19,0
1923-12-02,1923,10,REG,RAC,23,MNN,0,0
1923-12-02,1923,10,REG,CBD,14,BFF,0,0
1923-12-09,1923,11,REG,ARI,12,MIL,14,0
1923-12-09,1923,11,REG,LOU,0,OOR,19,0
1923-12-09,1923,11,REG,CHI,29,RII,7,0
1923-12-09,1923,11,REG,COL,0,CBD,10,0
1924-09-27,1924,1,REG,FYJ,21,RCH,0,0
1924-09-28,1924,1,REG,RII,0,CHI,0,0
1924-09-28,1924,1,REG,DUL,6,GB,3,0
1924-09-28,1924,1,REG,RAC,10,HAM,0,0
1924-09-28,1924,1,REG,ARI,17,MIL,7,0
1924-10-04,1924,2,REG,FYJ,31,KEN,6,0
1924-10-05,1924,2,REG,MNN,0,DUL,3,0
1924-10-05,1924,2,REG,CIB,16,CHI,14,0
1924-10-05,1924,2,REG,RCH,0,AKR,3,0
1924-10-05,1924,2,REG,BFF,13,COL,0,0
1924-10-05,1924,2,REG,RII,9,RAC,0,0
1924-10-05,1924,2,REG,MIL,3,KCB,0,0
1924-10-05,1924,2,REG,ARI,3,GB,0,0
1924-10-05,1924,2,REG,DAY,19,FYJ,7,0
1924-10-11,1924,3,REG,FYJ,3,CIB,3,0
1924-10-12,1924,3,REG,BFF,0,DAY,7,0
1924-10-12,1924,3,REG,CIB,29,AKR,14,0
1924-10-12,1924,3,REG,RCH,7,COL,15,0
1924-10-12,1924,3,REG,CHI,10,RAC,10,0
1924-10-12,1924,3,REG,ARI,13,MNN,0,0
1924-10-12,1924,3,REG,MIL,21,KEN,0,0
1924-10-12,1924,3,REG,GB,16,KCB,0,0
1924-10-12,1924,3,REG,RII,26,HAM,0,0
1924-10-18,1924,4,REG,FYJ,23,COL,7,0
1924-10-19,1924,4,REG,RII,20,DAY,0,0
1924-10-19,1924,4,REG,RAC,13,KCB,3,0
1924-10-19,1924,4,REG,GB,17,MIL,0,0
1924-10-19,1924,4,REG,BFF,26,RCH,0,0
1924-10-19,1924,4,REG,KEN,6,HAM,6,0
1924-10-19,1924,4,REG,CHI,6,ARI,0,0
1924-10-26,1924,5,REG,DUL,32,KEN,0,0
1924-10-26,1924,5,REG,GB,19,MNN,0,0
1924-10-26,1924,5,REG,CIB,59,RCH,0,0
1924-10-26,1924,5,REG,KCB,23,RII,7,0
1924-10-26,1924,5,REG,BFF,17,AKR,13,0
1924-10-26,1924,5,REG,ARI,3,HAM,6,0
1924-10-26,1924,5,REG,MIL,0,RAC,10,0
1924-10-26,1924,5,REG,DAY,6,COL,17,0
1924-10-26,1924,5,REG,CHI,33,FYJ,3,0
1924-11-01,1924,6,REG,FYJ,23,AKR,0,0
1924-11-02,1924,6,REG,MNN,0,DUL,6,0
1924-11-02,1924,6,REG,CIB,35,DAY,0,0
1924-11-02,1924,6,REG,COL,30,AKR,0,0
1924-11-02,1924,6,REG,KCB,0,HAM,6,0
1924-11-02,1924,6,REG,CHI,3,RII,3,0
1924-11-02,1924,6,REG,GB,6,RAC,3,0
1924-11-02,1924,6,REG,ARI,8,MIL,17,0
1924-11-02,1924,6,REG,BFF,0,FYJ,24,0
1924-11-08,1924,7,REG,FYJ,42,KCB,7,0
1924-11-09,1924,7,REG,ARI,23,DAY,0,0
1924-11-09,1924,7,REG,GB,13,DUL,0,0
1924-11-09,1924,7,REG,BFF,27,KEN,0,0
1924-11-09,1924,7,REG,AKR,7,CIB,20,0
1924-11-09,1924,7,REG,CHI,12,COL,6,0
1924-11-09,1924,7,REG,RAC,3,RII,6,0
1924-11-09,1924,7,REG,MIL,28,MNN,7,0
1924-11-11,1924,7,REG,KCB,7,MIL,3,0
1924-11-15,1924,8,REG,FYJ,39,MNN,7,0
1924-11-16,1924,8,REG,CHI,3,RAC,3,0
1924-11-16,1924,8,REG,MIL,10,GB,17,0
1924-11-16,1924,8,REG,BFF,14,DAY,6,0
1924-11-16,1924,8,REG,ARI,13,AKR,0,0
1924-11-16,1924,8,REG,COL,16,RCH,0,0
1924-11-16,1924,8,REG,CIB,7,FYJ,12,0
1924-11-16,1924,8,REG,RII,17,KCB,0,0
1924-11-22,1924,9,REG,FYJ,21,MIL,6,0
1924-11-22,1924,9,REG,RCH,0,BFF,16,0
1924-11-23,1924,9,REG,RII,0,DUL,9,0
1924-11-23,1924,9,REG,CIB,7,COL,0,0
1924-11-23,1924,9,REG,CHI,3,GB,0,0
1924-11-23,1924,9,REG,BFF,0,MIL,23,0
1924-11-23,1924,9,REG,ARI,10,RAC,10,0
1924-11-27,1924,9,REG,CIB,53,MIL,10,0
1924-11-27,1924,9,REG,AKR,22,BFF,0,0
1924-11-27,1924,9,REG,ARI,0,CHI,21,0
1924-11-27,1924,9,REG,KCB,6,GB,17,0
1924-11-27,1924,9,REG,FYJ,32,DAY,7,0
1924-11-29,1924,10,REG,FYJ,45,BFF,7,0
1924-11-30,1924,10,REG,CHI,31,MIL,14,0
1924-11-30,1924,10,REG,RAC,7,GB,0,0
1925-09-20,1925,1,REG,GB,14,HAM,0,0
1925-09-20,1925,1,REG,RII,0,CHI,0,0
1925-09-26,1925,1,REG,FYJ,27,BFF,7,0
1925-09-27,1925,2,REG,DPN,7,COL,0,0
1925-09-27,1925,2,REG,GB,14,CHI,10,0
1925-09-27,1925,2,REG,PTB,28,BFF,0,0
1925-09-27,1925,2,REG,ARI,6,HAM,10,0
1925-09-27,1925,2,REG,AKR,7,CIB,0,0
1925-09-27,1925,2,REG,CBD,14,RCH,7,0
1925-09-27,1925,2,REG,DUL,0,KCB,3,0
1925-09-27,1925,2,REG,RII,0,DAY,0,0
1925-10-03,1925,2,REG,FYJ,7,PRV,0,0
1925-10-04,1925,3,REG,CIB,3,COL,0,0
1925-10-04,1925,3,REG,RII,3,GB,0,0
1925-10-04,1925,3,REG,AKR,14,KCB,7,0
1925-10-04,1925,3,REG,DPN,0,CHI,0,0
1925-10-04,1925,3,REG,BFF,0,RCH,0,0
1925-10-04,1925,3,REG,PTB,0,PRV,6,0
1925-10-04,1925,3,REG,ARI,34,MIL,0,0
1925-10-04,1925,3,REG,CBD,14,DAY,0,0
1925-10-10,1925,3,REG,FYJ,12,CBD,7,0
1925-10-11,1925,4,REG,BFF,0,AKR,0,0
1925-10-11,1925,4,REG,CIB,16,KCB,13,0
1925-10-11,1925,4,REG,DUL,0,RII,12,0
1925-10-11,1925,4,REG,PRV,14,NYG,0,0
1925-10-11,1925,4,REG,GB,31,MIL,0,0
1925-10-11,1925,4,REG,CHI,28,HAM,7,0
1925-10-11,1925,4,REG,DPN,3,FYJ,0,0
1925-10-11,1925,4,REG,ARI,19,COL,9,0
1925-10-11,1925,4,REG,PTB,28,CBD,0,0
1925-10-17,1925,4,REG,FYJ,5,NYG,3,0
1925-10-18,1925,5,REG,CHI,7,CIB,0,0
1925-10-18,1925,5,REG,CBD,3,AKR,20,0
1925-10-18,1925,5,REG,BFF,17,COL,6,0
1925-10-18,1925,5,REG,DPN,6,DAY,0,0
1925-10-18,1925,5,REG,ARI,20,KCB,7,0
1925-10-18,1925,5,REG,PRV,0,PTB,34,0
1925-10-18,1925,5,REG,GB,20,RII,0,0
1925-10-18,1925,5,REG,NYG,0,FYJ,14,0
1925-10-24,1925,5,REG,FYJ,3,DAY,0,0
1925-10-25,1925,6,REG,RII,3,KCB,3,0
1925-10-25,1925,6,REG,GB,33,RCH,13,0
1925-10-25,1925,6,REG,ARI,9,CHI,0,0
1925-10-25,1925,6,REG,DPN,0,AKR,0,0
1925-10-31,1925,6,REG,FYJ,19,COL,0,0
1925-11-01,1925,7,REG,ARI,10,DUL,6,0
1925-11-01,1925,7,REG,DPN,26,HAM,6,0
1925-11-01,1925,7,REG,AKR,17,DAY,3,0
1925-11-01,1925,7,REG,BFF,3,FYJ,12,0
1925-11-01,1925,7,REG,MIL,0,GB,6,0
1925-11-01,1925,7,REG,CHI,6,RII,0,0
1925-11-01,1925,7,REG,NYG,19,CIB,0,0
1925-11-01,1925,7,REG,PTB,20,COL,0,0
1925-11-01,1925,7,REG,PRV,17,RCH,0,0
1925-11-03,1925,7,REG,NYG,7,BFF,0,0
1925-11-07,1925,7,REG,FYJ,17,AKR,7,0
1925-11-08,1925,8,REG,DPN,21,MIL,0,0
1925-11-08,1925,8,REG,PTB,21,AKR,0,0
1925-11-08,1925,8,REG,PRV,10,BFF,0,0
1925-11-08,1925,8,REG,CBD,6,CIB,0,0
1925-11-08,1925,8,REG,NYG,19,COL,0,0
1925-11-08,1925,8,REG,CHI,19,FYJ,0,0
1925-11-08,1925,8,REG,ARI,9,GB,6,0
1925-11-11,1925,8,REG,NYG,13,RCH,0,0
1925-11-11,1925,8,REG,DPN,22,CIB,13,0
1925-11-14,1925,8,REG,FYJ,20,PTB,0,0
1925-11-15,1925,9,REG,NYG,13,PRV,12,0
1925-11-15,1925,9,REG,PTB,14,RCH,6,0
1925-11-15,1925,9,REG,RII,35,KCB,12,0
1925-11-15,1925,9,REG,ARI,23,BFF,6,0
1925-11-15,1925,9,REG,GB,7,DAY,0,0
1925-11-15,1925,9,REG,CHI,14,DPN,0,0
1925-11-21,1925,9,REG,FYJ,0,CIB,14,0
1925-11-22,1925,10,REG,ARI,14,DAY,0,0
1925-11-22,1925,10,REG,CHI,21,GB,0,0
1925-11-22,1925,10,REG,RII,40,MIL,7,0
1925-11-22,1925,10,REG,DPN,20,RCH,0,0
1925-11-22,1925,10,REG,NYG,9,KCB,3,0
1925-11-22,1925,10,REG,PTB,24,CIB,6,0
1925-11-22,1925,10,REG,CBD,6,COL,0,0
1925-11-22,1925,10,REG,PRV,20,FYJ,7,0
1925-11-26,1925,10,REG,CIB,0,KCB,17,0
1925-11-26,1925,10,REG,PTB,31,GB,0,0
1925-11-26,1925,10,REG,DPN,3,RII,6,0
1925-11-26,1925,10,REG,CHI,0,ARI,0,0
1925-11-28,1925,10,REG,FYJ,13,GB,7,0
1925-11-29,1925,11,REG,ARI,7,RII,0,0
1925-11-29,1925,11,REG,NYG,23,DAY,0,0
1925-11-29,1925,11,REG,CHI,14,COL,13,0
1925-11-29,1925,11,REG,PRV,7,CIB,7,0
1925-11-29,1925,11,REG,PTB,49,FYJ,0,0
1925-12-05,1925,11,REG,CHI,14,FYJ,7,0
1925-12-06,1925,12,REG,NYG,7,CHI,19,0
1925-12-06,1925,12,REG,PRV,10,GB,13,0
1925-12-06,1925,12,REG,ARI,7,PTB,21,0
1925-12-06,1925,12,REG,CIB,6,CBD,0,0
1925-12-09,1925,12,REG,PRV,9,CHI,6,0
1925-12-10,1925,12,REG,ARI,59,MIL,0,0
1925-12-12,1925,12,REG,CIB,3,FYJ,0,0
1925-12-12,1925,12,REG,DPN,21,CHI,0,0
1925-12-12,1925,12,REG,ARI,13,HAM,0,0
1925-12-13,1925,13,REG,NYG,9,CHI,0,0
1925-12-13,1925,13,REG,PRV,6,FYJ,14,0
1925-12-20,1925,14,REG,CIB,7,FYJ,13,0
1926-09-19,1926,1,REG,DUL,7,KCB,0,0
1926-09-19,1926,1,REG,ARI,14,COL,0,0
1926-09-19,1926,1,REG,GB,21,DPN,0,0
1926-09-19,1926,1,REG,MIL,7,CHI,10,0
1926-09-25,1926,1,REG,FYJ,6,AKR,6,0
1926-09-26,1926,2,REG,ARI,15,LAB,0,0
1926-09-26,1926,2,REG,BFF,7,AKR,0,0
1926-09-26,1926,2,REG,PRV,13,BRL,0,0
1926-09-26,1926,2,REG,GB,6,CHI,6,0
1926-09-26,1926,2,REG,CBD,2,COL,14,0
1926-09-26,1926,2,REG,MIL,6,DPN,0,0
1926-09-26,1926,2,REG,RAC,6,HAM,3,0
1926-09-26,1926,2,REG,HRT,0,NYG,21,0
1926-10-02,1926,2,REG,FYJ,13,HRT,0,0
1926-10-03,1926,3,REG,MIL,0,LAB,6,0
1926-10-03,1926,3,REG,CBD,13,LOU,0,0
1926-10-03,1926,3,REG,PRV,6,NYG,7,0
1926-10-03,1926,3,REG,ARI,20,RAC,0,0
1926-10-03,1926,3,REG,DPN,7,CHI,10,0
1926-10-03,1926,3,REG,HRT,0,FYJ,10,0
1926-10-03,1926,3,REG,AKR,17,HAM,0,0
1926-10-03,1926,3,REG,PTB,3,COL,0,0
1926-10-03,1926,3,REG,BFF,0,DAY,3,0
1926-10-03,1926,3,REG,GB,0,DUL,0,0
1926-10-09,1926,3,REG,FYJ,30,BFF,0,0
1926-10-10,1926,4,REG,PRV,19,COL,0,0
1926-10-10,1926,4,REG,PTB,24,DAY,6,0
1926-10-10,1926,4,REG,HAM,0,DUL,26,0
1926-10-10,1926,4,REG,BRL,6,HRT,0,0
1926-10-10,1926,4,REG,DPN,10,KCB,0,0
1926-10-10,1926,4,REG,RAC,2,MIL,13,0
1926-10-10,1926,4,REG,CHI,7,NYG,0,0
1926-10-10,1926,4,REG,AKR,0,CBD,0,0
1926-10-10,1926,4,REG,GB,7,ARI,13,0
1926-10-16,1926,4,REG,FYJ,6,NYG,0,0
1926-10-16,1926,4,REG,BRL,0,PTB,21,0
1926-10-16,1926,4,REG,COL,0,KCB,9,0
1926-10-17,1926,5,REG,NYG,0,FYJ,6,0
1926-10-17,1926,5,REG,DAY,6,BFF,7,0
1926-10-17,1926,5,REG,PTB,14,BRL,0,0
1926-10-17,1926,5,REG,ARI,0,CHI,16,0
1926-10-17,1926,5,REG,RAC,0,DUL,21,0
1926-10-17,1926,5,REG,CBD,13,LAB,16,0
1926-10-17,1926,5,REG,DPN,47,LOU,0,0
1926-10-17,1926,5,REG,GB,7,MIL,0,0
1926-10-23,1926,5,REG,BRL,20,COL,12,0
1926-10-23,1926,5,REG,FYJ,17,CBD,0,0
1926-10-24,1926,6,REG,DPN,25,AKR,0,0
1926-10-24,1926,6,REG,HRT,16,BRL,6,0
1926-10-24,1926,6,REG,CHI,24,DUL,6,0
1926-10-24,1926,6,REG,NYG,13,KCB,0,0
1926-10-24,1926,6,REG,BFF,0,LAB,0,0
1926-10-24,1926,6,REG,PRV,14,PTB,0,0
1926-10-24,1926,6,REG,MIL,2,ARI,3,0
1926-10-24,1926,6,REG,GB,35,RAC,0,0
1926-10-30,1926,6,REG,FYJ,6,PRV,7,0
1926-10-31,1926,7,REG,HRT,2,KCB,7,0
1926-10-31,1926,7,REG,ARI,0,GB,3,0
1926-10-31,1926,7,REG,PTB,14,BFF,0,0
1926-10-31,1926,7,REG,PRV,3,FYJ,6,0
1926-10-31,1926,7,REG,MIL,6,DUL,7,0
1926-10-31,1926,7,REG,CHI,17,AKR,0,0
1926-10-31,1926,7,REG,DPN,6,CBD,0,0
1926-11-02,1926,7,REG,NYG,7,CBD,7,0
1926-11-06,1926,7,REG,FYJ,33,ARI,7,0
1926-11-07,1926,8,REG,NYG,20,ARI,0,0
1926-11-07,1926,8,REG,PTB,34,AKR,0,0
1926-11-07,1926,8,REG,HRT,16,CBD,7,0
1926-11-07,1926,8,REG,DPN,0,DUL,0,0
1926-11-07,1926,8,REG,MIL,0,GB,21,0
1926-11-07,1926,8,REG,BRL,9,KCB,10,0
1926-11-07,1926,8,REG,PRV,6,LAB,7,0
1926-11-07,1926,8,REG,CHI,34,LOU,0,0
1926-11-07,1926,8,REG,BFF,26,COL,0,0
1926-11-11,1926,8,REG,PTB,10,LAB,0,0
1926-11-11,1926,8,REG,NYG,14,DUL,13,0
1926-11-11,1926,8,REG,PRV,21,CBD,2,0
1926-11-11,1926,8,REG,CHI,10,ARI,0,0
1926-11-13,1926,8,REG,FYJ,10,DUL,0,0
1926-11-14,1926,9,REG,BRL,19,CBD,0,0
1926-11-14,1926,9,REG,PRV,0,KCB,22,0
1926-11-14,1926,9,REG,CHI,10,MIL,7,0
1926-11-14,1926,9,REG,HRT,7,BFF,13,0
1926-11-14,1926,9,REG,GB,14,LOU,0,0
1926-11-14,1926,9,REG,NYG,0,LAB,6,0
1926-11-14,1926,9,REG,PTB,13,DUL,0,0
1926-11-14,1926,9,REG,DPN,0,DAY,0,0
1926-11-20,1926,9,REG,FYJ,35,DAY,0,0
1926-11-21,1926,10,REG,BFF,0,KCB,2,0
1926-11-21,1926,10,REG,PTB,7,HAM,0,0
1926-11-21,1926,10,REG,HRT,16,DAY,0,0
1926-11-21,1926,10,REG,CBD,2,DUL,10,0
1926-11-21,1926,10,REG,CHI,19,GB,13,0
1926-11-21,1926,10,REG,BRL,0,LAB,20,0
1926-11-21,1926,10,REG,NYG,21,PRV,0,0
1926-11-25,1926,10,REG,CBD,0,AKR,0,0
1926-11-25,1926,10,REG,CHI,0,ARI,0,0
1926-11-25,1926,10,REG,FYJ,20,GB,14,0
1926-11-25,1926,10,REG,PTB,8,PRV,0,0
1926-11-25,1926,10,REG,BRL,0,NYG,17,0
1926-11-25,1926,10,REG,DPN,6,LAB,9,0
1926-11-27,1926,10,REG,HRT,0,DUL,16,0
1926-11-27,1926,10,REG,FYJ,7,DPN,6,0
1926-11-28,1926,11,REG,ARI,2,KCB,7,0
1926-11-28,1926,11,REG,CHI,35,CBD,0,0
1926-11-28,1926,11,REG,NYG,27,BRL,0,0
1926-11-28,1926,11,REG,PTB,0,BFF,0,0
1926-11-28,1926,11,REG,DPN,0,GB,7,0
1926-11-28,1926,11,REG,PRV,0,DUL,0,0
1926-12-04,1926,11,REG,CHI,6,FYJ,7,0
1926-12-05,1926,12,REG,KCB,7,LAB,3,0
1926-12-11,1926,12,REG,PRV,0,FYJ,24,0
1926-12-12,1926,13,REG,KCB,12,DUL,7,0
1926-12-12,1926,13,REG,PTB,7,CHI,9,0
1926-12-18,1926,13,REG,PTB,0,FYJ,0,0
1926-12-19,1926,14,REG,GB,3,CHI,3,0
1927-09-18,1927,1,REG,GB,14,DAY,0,0
1927-09-24,1927,1,REG,FYJ,3,DAY,6,0
1927-09-25,1927,2,REG,PRV,0,NYG,8,0
1927-09-25,1927,2,REG,GB,12,CIB,7,0
1927-09-25,1927,2,REG,ARI,0,CHI,9,0
1927-09-25,1927,2,REG,PTB,22,BFF,0,0
1927-10-02,1927,3,REG,PRV,5,BFF,0,0
1927-10-02,1927,3,REG,GB,6,CHI,7,0
1927-10-02,1927,3,REG,ARI,19,PTB,7,0
1927-10-02,1927,3,REG,DAY,3,NYA,6,0
1927-10-02,1927,3,REG,CIB,0,NYG,0,0
1927-10-08,1927,3,REG,FYJ,0,DAY,0,0
1927-10-09,1927,4,REG,CIB,7,NYA,13,0
1927-10-09,1927,4,REG,ARI,7,DAY,0,0
1927-10-09,1927,4,REG,GB,20,DUL,0,0
1927-10-09,1927,4,REG,PTB,0,NYG,19,0
1927-10-12,1927,4,REG,BFF,8,NYA,19,0
1927-10-15,1927,4,REG,FYJ,54,BFF,0,0
1927-10-16,1927,5,REG,GB,13,ARI,0,0
1927-10-16,1927,5,REG,BFF,0,FYJ,23,0
1927-10-16,1927,5,REG,CHI,12,NYA,0,0
1927-10-16,1927,5,REG,NYG,0,CIB,6,0
1927-10-16,1927,5,REG,PRV,3,PTB,6,0
1927-10-22,1927,5,REG,FYJ,0,NYG,13,0
1927-10-23,1927,6,REG,PTB,0,DUL,27,0
1927-10-23,1927,6,REG,CHI,14,CIB,12,0
1927-10-23,1927,6,REG,PRV,7,DAY,0,0
1927-10-23,1927,6,REG,GB,13,NYA,0,0
1927-10-23,1927,6,REG,NYG,27,FYJ,0,0
1927-10-29,1927,6,REG,FYJ,7,PRV,20,0
1927-10-30,1927,7,REG,ARI,6,NYA,7,0
1927-10-30,1927,7,REG,NYG,16,PTB,0,0
1927-10-30,1927,7,REG,CHI,14,DAY,6,0
1927-10-30,1927,7,REG,CIB,21,DUL,20,0
1927-10-30,1927,7,REG,PRV,14,FYJ,0,0
1927-11-05,1927,7,REG,FYJ,10,PTB,0,0
1927-11-06,1927,8,REG,PTB,9,FYJ,0,0
1927-11-06,1927,8,REG,NYG,21,DUL,0,0
1927-11-06,1927,8,REG,CHI,0,PRV,0,0
1927-11-06,1927,8,REG,ARI,6,GB,6,0
1927-11-06,1927,8,REG,CIB,15,NYA,0,0
1927-11-08,1927,8,REG,NYA,26,CHI,6,0
1927-11-08,1927,8,REG,NYG,25,PRV,0,0
1927-11-11,1927,8,REG,PTB,12,NYA,19,0
1927-11-12,1927,8,REG,FYJ,22,CIB,0,0
1927-11-13,1927,9,REG,GB,6,DAY,0,0
1927-11-13,1927,9,REG,NYA,20,ARI,6,0
1927-11-13,1927,9,REG,CHI,30,PTB,12,0
1927-11-13,1927,9,REG,PRV,13,DUL,7,0
1927-11-13,1927,9,REG,CIB,37,FYJ,0,0
1927-11-19,1927,9,REG,FYJ,12,ARI,8,0
1927-11-20,1927,10,REG,PRV,0,CIB,22,0
1927-11-20,1927,10,REG,NYG,28,ARI,7,0
1927-11-20,1927,10,REG,PTB,6,DUL,0,0
1927-11-20,1927,10,REG,CHI,14,GB,6,0
1927-11-24,1927,10,REG,NYA,19,CIB,30,0
1927-11-24,1927,10,REG,CHI,0,ARI,3,0
1927-11-24,1927,10,REG,FYJ,9,GB,17,0
1927-11-24,1927,10,REG,PTB,6,PRV,0,0
1927-11-26,1927,10,REG,DUL,0,FYJ,6,0
1927-11-27,1927,11,REG,PRV,14,NYA,7,0
1927-11-27,1927,11,REG,NYG,13,CHI,7,0
1927-11-27,1927,11,REG,ARI,7,CIB,32,0
1927-12-03,1927,11,REG,NYA,0,PRV,9,0
1927-12-03,1927,11,REG,CIB,20,DUL,0,0
1927-12-03,1927,11,REG,CHI,0,FYJ,0,0
1927-12-04,1927,12,REG,NYG,14,NYA,0,0
1927-12-04,1927,12,REG,PRV,20,PTB,0,0
1927-12-04,1927,12,REG,CHI,9,FYJ,0,0
1927-12-10,1927,12,REG,NYA,6,FYJ,6,0
1927-12-11,1927,13,REG,NYG,13,NYA,0,0
1927-12-11,1927,13,REG,CHI,27,DUL,14,0
1928-09-23,1928,1,REG,ARI,0,CHI,15,0
1928-09-23,1928,1,REG,GB,9,FYJ,19,0
1928-09-29,1928,1,REG,FYJ,6,DAY,0,0
1928-09-30,1928,2,REG,PRV,20,NYA,7,0
1928-09-30,1928,2,REG,PTB,6,NYG,12,0
1928-09-30,1928,2,REG,GB,12,CHI,12,0
1928-10-07,1928,3,REG,ARI,7,DAY,0,0
1928-10-07,1928,3,REG,PRV,6,FYJ,10,0
1928-10-07,1928,3,REG,GB,0,NYG,6,0
1928-10-07,1928,3,REG,PTB,9,NYA,7,0
1928-10-13,1928,3,REG,FYJ,0,NYA,13,0
1928-10-14,1928,4,REG,PRV,28,DAY,0,0
1928-10-14,1928,4,REG,CHI,13,NYG,0,0
1928-10-14,1928,4,REG,GB,20,ARI,0,0
1928-10-14,1928,4,REG,NYA,12,DWL,35,0
1928-10-20,1928,4,REG,FYJ,13,DAY,9,0
1928-10-21,1928,5,REG,CHI,6,GB,16,0
1928-10-21,1928,5,REG,DWL,28,NYG,0,0
1928-10-21,1928,5,REG,NYA,6,PRV,12,0
1928-10-28,1928,6,REG,GB,17,DAY,0,0
1928-10-28,1928,6,REG,PRV,13,PTB,6,0
1928-10-28,1928,6,REG,NYA,7,NYG,10,0
1928-10-28,1928,6,REG,CHI,0,DWL,6,0
1928-11-03,1928,6,REG,FYJ,25,DWL,7,0
1928-11-04,1928,7,REG,PRV,7,DWL,0,0
1928-11-04,1928,7,REG,PTB,14,GB,26,0
1928-11-04,1928,7,REG,CHI,27,NYA,0,0
1928-11-04,1928,7,REG,NYG,0,FYJ,0,0
1928-11-06,1928,7,REG,NYG,13,PTB,7,0
1928-11-10,1928,7,REG,FYJ,19,PTB,0,0
1928-11-11,1928,8,REG,NYG,19,DWL,19,0
1928-11-11,1928,8,REG,PTB,0,FYJ,24,0
1928-11-11,1928,8,REG,CHI,27,DAY,0,0
1928-11-11,1928,8,REG,GB,0,NYA,0,0
1928-11-17,1928,8,REG,FYJ,6,PRV,6,0
1928-11-18,1928,9,REG,NYG,0,GB,7,0
1928-11-18,1928,9,REG,DWL,13,NYA,0,0
1928-11-18,1928,9,REG,CHI,13,PTB,6,0
1928-11-18,1928,9,REG,PRV,6,FYJ,0,0
1928-11-24,1928,9,REG,FYJ,19,ARI,0,0
1928-11-25,1928,10,REG,NYA,19,ARI,0,0
1928-11-25,1928,10,REG,PRV,16,NYG,0,0
1928-11-25,1928,10,REG,DWL,14,CHI,7,0
1928-11-25,1928,10,REG,PTB,26,GB,0,0
1928-11-29,1928,10,REG,DWL,33,DAY,0,0
1928-11-29,1928,10,REG,CHI,34,ARI,0,0
1928-11-29,1928,10,REG,FYJ,2,GB,0,0
1928-11-29,1928,10,REG,PTB,0,PRV,7,0
1928-12-02,1928,11,REG,CHI,28,FYJ,6,0
1928-12-02,1928,11,REG,PRV,7,GB,7,0
1928-12-02,1928,11,REG,NYG,13,NYA,19,0
1928-12-08,1928,11,REG,NYG,0,FYJ,7,0
1928-12-09,1928,12,REG,CHI,0,GB,6,0
1928-12-09,1928,12,REG,NYA,6,DWL,34,0
1928-12-15,1928,12,REG,CHI,0,FYJ,19,0
1928-12-16,1928,13,REG,NYA,7,NYG,6,0
1929-09-22,1929,1,REG,MNN,6,CHI,19,0
1929-09-22,1929,1,REG,GB,9,DAY,0,0
1929-09-28,1929,1,REG,FYJ,14,DAY,7,0
1929-09-29,1929,2,REG,PRV,41,DAY,0,0
1929-09-29,1929,2,REG,GB,23,CHI,0,0
1929-09-29,1929,2,REG,BFF,3,ARI,9,0
1929-09-29,1929,2,REG,TOR,0,NYG,0,0
1929-10-05,1929,2,REG,FYJ,19,BFF,0,0
1929-10-06,1929,3,REG,MNN,6,CHI,7,0
1929-10-06,1929,3,REG,TOR,7,PTB,0,0
1929-10-06,1929,3,REG,PRV,0,NYG,7,0
1929-10-06,1929,3,REG,BFF,0,FYJ,13,0
1929-10-06,1929,3,REG,SIS,12,DAY,0,0
1929-10-06,1929,3,REG,GB,9,ARI,2,0
1929-10-13,1929,4,REG,PRV,7,TOR,0,0
1929-10-13,1929,4,REG,MNN,14,ARI,7,0
1929-10-13,1929,4,REG,BFF,0,CHI,16,0
1929-10-13,1929,4,REG,PTB,41,DAY,0,0
1929-10-13,1929,4,REG,GB,14,FYJ,2,0
1929-10-13,1929,4,REG,NYG,19,SIS,9,0
1929-10-19,1929,4,REG,FYJ,6,TOR,6,0
1929-10-20,1929,5,REG,NYG,32,FYJ,0,0
1929-10-20,1929,5,REG,CHI,0,ARI,0,0
1929-10-20,1929,5,REG,GB,24,MNN,0,0
1929-10-20,1929,5,REG,PRV,7,BFF,7,0
1929-10-20,1929,5,REG,PTB,13,TOR,19,0
1929-10-26,1929,5,REG,FYJ,6,SIS,6,0
1929-10-27,1929,6,REG,CHI,27,MNN,0,0
1929-10-27,1929,6,REG,PTB,14,BFF,6,0
1929-10-27,1929,6,REG,SIS,0,FYJ,3,0
1929-10-27,1929,6,REG,ARI,6,GB,7,0
1929-10-27,1929,6,REG,NYG,19,PRV,0,0
1929-10-29,1929,6,REG,PTB,6,TOR,0,0
1929-11-02,1929,6,REG,FYJ,8,ARI,0,0
1929-11-03,1929,7,REG,SIS,0,TOR,0,0
1929-11-03,1929,7,REG,CHI,14,NYG,26,0
1929-11-03,1929,7,REG,MNN,6,GB,16,0
1929-11-05,1929,7,REG,SIS,7,PRV,7,0
1929-11-05,1929,7,REG,BFF,6,NYG,45,0
1929-11-06,1929,7,REG,PRV,0,ARI,16,0
1929-11-09,1929,7,REG,FYJ,7,PRV,0,0
1929-11-10,1929,8,REG,NYG,22,TOR,0,0
1929-11-10,1929,8,REG,SIS,14,PTB,6,0
1929-11-10,1929,8,REG,ARI,8,MNN,0,0
1929-11-10,1929,8,REG,CHI,0,GB,14,0
1929-11-10,1929,8,REG,PRV,6,FYJ,7,0
1929-11-16,1929,8,REG,FYJ,20,CHI,14,0
1929-11-17,1929,9,REG,TOR,0,FYJ,0,0
1929-11-17,1929,9,REG,ARI,0,GB,12,0
1929-11-17,1929,9,REG,PRV,19,MNN,16,0
1929-11-17,1929,9,REG,NYG,34,CHI,0,0
1929-11-17,1929,9,REG,PTB,12,BFF,7,0
1929-11-23,1929,9,REG,FYJ,24,MNN,0,0
1929-11-24,1929,10,REG,SIS,34,MNN,0,0
1929-11-24,1929,10,REG,NYG,6,GB,20,0
1929-11-24,1929,10,REG,ARI,19,DAY,0,0
1929-11-24,1929,10,REG,CHI,7,BFF,19,0
1929-11-24,1929,10,REG,PRV,20,PTB,6,0
1929-11-28,1929,10,REG,CHI,6,ARI,40,0
1929-11-28,1929,10,REG,SIS,7,NYG,21,0
1929-11-28,1929,10,REG,GB,0,FYJ,0,0
1929-12-01,1929,11,REG,CHI,0,FYJ,0,0
1929-12-01,1929,11,REG,NYG,24,ARI,21,0
1929-12-01,1929,11,REG,PRV,0,GB,25,0
1929-12-01,1929,11,REG,TOR,3,SIS,0,0
1929-12-07,1929,11,REG,NYG,12,FYJ,0,0
1929-12-08,1929,12,REG,TOR,0,ARI,26,0
1929-12-08,1929,12,REG,NYG,31,FYJ,0,0
1929-12-08,1929,12,REG,CHI,0,GB,25,0
1929-12-15,1929,13,REG,CHI,9,NYG,14,0
1930-09-14,1930,1,REG,DET,13,TOR,6,0
1930-09-17,1930,1,REG,TOR,0,NYG,32,0
1930-09-21,1930,2,REG,SIS,12,TOR,6,0
1930-09-21,1930,2,REG,GB,14,ARI,0,0
1930-09-21,1930,2,REG,CHI,0,BKN,0,0
1930-09-23,1930,2,REG,TOR,6,FYJ,13,0
1930-09-24,1930,2,REG,DET,12,BKN,0,0
1930-09-27,1930,2,REG,FYJ,7,SIS,3,0
1930-09-28,1930,3,REG,GB,7,CHI,0,0
1930-09-28,1930,3,REG,PRV,7,NYG,27,0
1930-09-28,1930,3,REG,MNN,7,ARI,7,0
1930-09-28,1930,3,REG,SIS,21,FYJ,0,0
1930-10-01,1930,3,REG,TOR,7,SIS,7,0
1930-10-01,1930,3,REG,PRV,14,FYJ,0,0
1930-10-04,1930,3,REG,FYJ,0,TOR,19,0
1930-10-05,1930,4,REG,DET,0,ARI,0,0
1930-10-05,1930,4,REG,SIS,0,BKN,20,0
1930-10-05,1930,4,REG,MNN,0,CHI,20,0
1930-10-05,1930,4,REG,GB,14,NYG,7,0
1930-10-05,1930,4,REG,PRV,14,TOR,0,0
1930-10-08,1930,4,REG,DET,39,FYJ,7,0
1930-10-08,1930,4,REG,TOR,0,ARI,13,0
1930-10-12,1930,5,REG,BKN,32,TOR,0,0
1930-10-12,1930,5,REG,PRV,9,ARI,7,0
1930-10-12,1930,5,REG,MNN,13,DET,0,0
1930-10-12,1930,5,REG,GB,27,FYJ,12,0
1930-10-12,1930,5,REG,CHI,0,NYG,12,0
1930-10-16,1930,5,REG,NYG,25,ARI,12,0
1930-10-18,1930,5,REG,FYJ,7,BKN,14,0
1930-10-19,1930,6,REG,ARI,6,CHI,32,0
1930-10-19,1930,6,REG,PRV,7,SIS,6,0
1930-10-19,1930,6,REG,TOR,0,BKN,14,0
1930-10-19,1930,6,REG,MNN,0,GB,13,0
1930-10-19,1930,6,REG,NYG,53,FYJ,0,0
1930-10-22,1930,6,REG,DET,7,CHI,6,0
1930-10-25,1930,6,REG,FYJ,7,ARI,34,0
1930-10-26,1930,7,REG,CHI,13,FYJ,7,0
1930-10-26,1930,7,REG,TOR,0,SIS,6,0
1930-10-26,1930,7,REG,ARI,23,DET,13,0
1930-10-26,1930,7,REG,NYG,25,PRV,0,0
1930-10-26,1930,7,REG,GB,19,MNN,0,0
1930-10-30,1930,7,REG,NYG,34,TOR,7,0
1930-11-02,1930,8,REG,PRV,3,BKN,0,0
1930-11-02,1930,8,REG,NYG,9,SIS,7,0
1930-11-02,1930,8,REG,CHI,20,MNN,7,0
1930-11-02,1930,8,REG,ARI,6,FYJ,0,0
1930-11-02,1930,8,REG,GB,47,DET,13,0
1930-11-05,1930,8,REG,DET,6,NYG,19,0
1930-11-08,1930,8,REG,FYJ,20,PRV,7,0
1930-11-09,1930,9,REG,BKN,34,MNN,0,0
1930-11-09,1930,9,REG,CHI,12,GB,13,0
1930-11-09,1930,9,REG,PRV,7,FYJ,7,0
1930-11-09,1930,9,REG,SIS,13,DET,13,0
1930-11-09,1930,9,REG,ARI,7,NYG,13,0
1930-11-15,1930,9,REG,DET,6,FYJ,7,0
1930-11-16,1930,10,REG,ARI,13,GB,6,0
1930-11-16,1930,10,REG,NYG,0,CHI,12,0
1930-11-22,1930,10,REG,CHI,13,FYJ,6,0
1930-11-23,1930,11,REG,PRV,10,MNN,0,0
1930-11-23,1930,11,REG,NYG,13,GB,6,0
1930-11-23,1930,11,REG,BKN,0,SIS,6,0
1930-11-27,1930,11,REG,BKN,33,PRV,12,0
1930-11-27,1930,11,REG,SIS,7,NYG,6,0
1930-11-27,1930,11,REG,GB,25,FYJ,7,0
1930-11-27,1930,11,REG,CHI,6,ARI,0,0
1930-11-30,1930,12,REG,CHI,14,DET,6,0
1930-11-30,1930,12,REG,BKN,7,NYG,6,0
1930-11-30,1930,12,REG,SIS,7,GB,37,0
1930-12-06,1930,12,REG,FYJ,6,NYG,14,0
1930-12-07,1930,13,REG,DET,42,MNN,0,0
1930-12-07,1930,13,REG,CHI,21,GB,0,0
1930-12-07,1930,13,REG,BKN,0,NYG,13,0
1930-12-14,1930,14,REG,DET,6,GB,6,0
1931-09-13,1931,1,REG,DET,14,BKN,0,0
1931-09-13,1931,1,REG,GB,26,CLI,0,0
1931-09-18,1931,1,REG,CHI,21,CLI,0,0
1931-09-20,1931,2,REG,GB,32,BKN,6,0
1931-09-23,1931,2,REG,DET,13,ARI,3,0
1931-09-26,1931,2,REG,CLI,6,BKN,0,0
1931-09-27,1931,3,REG,PRV,6,NYG,14,0
1931-09-27,1931,3,REG,GB,7,CHI,0,0
1931-09-30,1931,3,REG,DET,14,NYG,6,0
1931-10-02,1931,3,REG,FYJ,0,BKN,20,0
1931-10-04,1931,4,REG,PRV,0,FYJ,0,0
1931-10-04,1931,4,REG,GB,27,NYG,7,0
1931-10-04,1931,4,REG,SIS,9,BKN,7,0
1931-10-07,1931,4,REG,DET,6,CLI,0,0
1931-10-10,1931,4,REG,FYJ,0,PRV,6,0
1931-10-11,1931,5,REG,BKN,18,SIS,6,0
1931-10-11,1931,5,REG,GB,26,ARI,7,0
1931-10-11,1931,5,REG,CHI,6,NYG,0,0
1931-10-15,1931,5,REG,DET,19,FYJ,0,0
1931-10-18,1931,6,REG,PRV,6,CLI,13,0
1931-10-18,1931,6,REG,BKN,0,DET,19,0
1931-10-18,1931,6,REG,NYG,7,SIS,0,0
1931-10-18,1931,6,REG,GB,15,FYJ,0,0
1931-10-18,1931,6,REG,CHI,26,ARI,13,0
1931-10-25,1931,7,REG,NYG,27,BKN,0,0
1931-10-25,1931,7,REG,SIS,7,DET,20,0
1931-10-25,1931,7,REG,GB,48,PRV,20,0
1931-10-25,1931,7,REG,CHI,12,FYJ,13,0
1931-10-31,1931,7,REG,FYJ,0,DET,14,0
1931-11-01,1931,8,REG,NYG,14,DET,0,0
1931-11-01,1931,8,REG,SIS,7,PRV,7,0
1931-11-01,1931,8,REG,CHI,2,GB,6,0
1931-11-01,1931,8,REG,BKN,7,ARI,14,0
1931-11-04,1931,8,REG,SIS,13,BKN,0,0
1931-11-08,1931,9,REG,CLI,6,ARI,14,0
1931-11-08,1931,9,REG,CHI,9,DET,6,0
1931-11-08,1931,9,REG,NYG,13,FYJ,0,0
1931-11-08,1931,9,REG,GB,26,SIS,0,0
1931-11-08,1931,9,REG,PRV,7,BKN,0,0
1931-11-11,1931,9,REG,DET,14,SIS,12,0
1931-11-15,1931,10,REG,DET,14,CLI,6,0
1931-11-15,1931,10,REG,NYG,6,CHI,12,0
1931-11-15,1931,10,REG,PRV,6,SIS,0,0
1931-11-15,1931,10,REG,ARI,21,GB,13,0
1931-11-21,1931,10,REG,PRV,13,CLI,7,0
1931-11-22,1931,11,REG,SIS,16,CLI,7,0
1931-11-22,1931,11,REG,BKN,0,CHI,26,0
1931-11-22,1931,11,REG,NYG,10,GB,14,0
1931-11-22,1931,11,REG,ARI,20,DET,19,0
1931-11-26,1931,11,REG,CHI,18,ARI,7,0
1931-11-26,1931,11,REG,PRV,7,GB,38,0
1931-11-26,1931,11,REG,SIS,9,NYG,6,0
1931-11-28,1931,11,REG,ARI,21,CLI,0,0
1931-11-29,1931,12,REG,BKN,0,GB,7,0
1931-11-29,1931,12,REG,NYG,0,PRV,0,0
1931-11-29,1931,12,REG,DET,3,CHI,0,0
1931-12-06,1931,13,REG,CHI,7,GB,6,0
1931-12-06,1931,13,REG,BKN,6,NYG,19,0
1931-12-13,1931,14,REG,CHI,6,NYG,25,0
1932-09-18,1932,1,REG,GB,15,ARI,7,0
1932-09-25,1932,2,REG,SIS,0,BKN,7,0
1932-09-25,1932,2,REG,GB,0,CHI,0,0
1932-09-25,1932,2,REG,DET,7,NYG,0,0
1932-10-02,1932,3,REG,SIS,0,CHI,0,0
1932-10-02,1932,3,REG,DET,7,ARI,7,0
1932-10-02,1932,3,REG,GB,13,NYG,0,0
1932-10-02,1932,3,REG,WSH,0,BKN,14,0
1932-10-09,1932,4,REG,ARI,0,CHI,0,0
1932-10-09,1932,4,REG,GB,15,DET,10,0
1932-10-09,1932,4,REG,WSH,14,NYG,6,0
1932-10-09,1932,4,REG,BKN,6,SIS,7,0
1932-10-16,1932,5,REG,WSH,0,ARI,9,0
1932-10-16,1932,5,REG,NYG,20,BKN,12,0
1932-10-16,1932,5,REG,SIS,7,DET,7,0
1932-10-16,1932,5,REG,CHI,0,GB,2,0
1932-10-20,1932,5,REG,SIS,6,DET,13,0
1932-10-23,1932,6,REG,CHI,27,SIS,7,0
1932-10-23,1932,6,REG,NYG,0,WSH,0,0
1932-10-23,1932,6,REG,GB,13,BKN,0,0
1932-10-30,1932,7,REG,WSH,7,CHI,7,0
1932-10-30,1932,7,REG,ARI,27,BKN,7,0
1932-10-30,1932,7,REG,GB,26,SIS,0,0
1932-10-30,1932,7,REG,NYG,0,DET,6,0
1932-11-06,1932,8,REG,WSH,19,SIS,6,0
1932-11-06,1932,8,REG,ARI,9,GB,19,0
1932-11-06,1932,8,REG,BKN,7,DET,17,0
1932-11-06,1932,8,REG,NYG,8,CHI,28,0
1932-11-13,1932,9,REG,NYG,27,SIS,7,0
1932-11-13,1932,9,REG,BKN,3,ARI,0,0
1932-11-13,1932,9,REG,CHI,13,DET,13,0
1932-11-13,1932,9,REG,WSH,0,GB,21,0
1932-11-20,1932,10,REG,CHI,20,BKN,0,0
1932-11-20,1932,10,REG,SIS,21,ARI,7,0
1932-11-20,1932,10,REG,NYG,6,GB,0,0
1932-11-20,1932,10,REG,DET,10,WSH,0,0
1932-11-24,1932,10,REG,CHI,34,ARI,0,0
1932-11-24,1932,10,REG,BKN,0,GB,7,0
1932-11-24,1932,10,REG,SIS,13,NYG,13,0
1932-11-27,1932,11,REG,SIS,3,GB,21,0
1932-11-27,1932,11,REG,ARI,6,WSH,8,0
1932-11-27,1932,11,REG,BKN,7,NYG,13,0
1932-11-27,1932,11,REG,DET,7,CHI,7,0
1932-12-04,1932,12,REG,BKN,0,WSH,7,0
1932-12-04,1932,12,REG,CHI,6,NYG,0,0
1932-12-04,1932,12,REG,DET,19,GB,0,0
1932-12-11,1932,13,REG,CHI,9,GB,0,0
1932-12-18,1932,14,REG,CHI,9,DET,0,0
1933-09-17,1933,1,REG,DET,21,RED,0,0
1933-09-17,1933,1,REG,GB,7,WSH,7,0
1933-09-20,1933,1,REG,PIT,2,NYG,23,0
1933-09-24,1933,2,REG,GB,7,CHI,14,0
1933-09-24,1933,2,REG,DET,17,NYG,7,0
1933-09-27,1933,2,REG,PIT,14,ARI,13,0
1933-10-01,1933,3,REG,DET,7,ARI,6,0
1933-10-01,1933,3,REG,CHI,7,WSH,0,0
1933-10-01,1933,3,REG,GB,7,NYG,10,0
1933-10-04,1933,3,REG,PIT,6,WSH,21,0
1933-10-08,1933,4,REG,WSH,21,NYG,20,0
1933-10-08,1933,4,REG,GB,17,DET,0,0
1933-10-08,1933,4,REG,RED,0,ARI,3,0
1933-10-08,1933,4,REG,BKN,0,CHI,10,0
1933-10-11,1933,4,REG,PIT,17,RED,3,0
1933-10-15,1933,5,REG,WSH,0,DET,13,0
1933-10-15,1933,5,REG,BKN,27,RED,0,0
1933-10-15,1933,5,REG,GB,47,PIT,0,0
1933-10-15,1933,5,REG,NYG,56,PHI,0,0
1933-10-15,1933,5,REG,CHI,12,ARI,9,0
1933-10-18,1933,5,REG,PHI,0,DET,25,0
1933-10-22,1933,6,REG,WSH,10,ARI,0,0
1933-10-22,1933,6,REG,NYG,21,BKN,7,0
1933-10-22,1933,6,REG,RED,0,PIT,0,0
1933-10-22,1933,6,REG,CHI,10,GB,7,0
1933-10-29,1933,7,REG,BKN,7,ARI,0,0
1933-10-29,1933,7,REG,WSH,14,PIT,16,0
1933-10-29,1933,7,REG,CHI,14,NYG,10,0
1933-10-29,1933,7,REG,GB,35,PHI,9,0
1933-11-05,1933,8,REG,RED,0,PHI,6,0
1933-11-05,1933,8,REG,NYG,13,DET,10,0
1933-11-05,1933,8,REG,ARI,6,GB,14,0
1933-11-05,1933,8,REG,BKN,3,PIT,3,0
1933-11-05,1933,8,REG,WSH,10,CHI,0,0
1933-11-12,1933,9,REG,ARI,9,RED,12,0
1933-11-12,1933,9,REG,DET,7,GB,0,0
1933-11-12,1933,9,REG,PHI,3,CHI,3,0
1933-11-12,1933,9,REG,PIT,0,BKN,32,0
1933-11-12,1933,9,REG,NYG,7,WSH,0,0
1933-11-19,1933,10,REG,NYG,3,CHI,0,0
1933-11-19,1933,10,REG,WSH,20,GB,7,0
1933-11-19,1933,10,REG,ARI,0,BKN,3,0
1933-11-19,1933,10,REG,RED,10,DET,7,0
1933-11-19,1933,10,REG,PHI,25,PIT,6,0
1933-11-26,1933,11,REG,BKN,14,WSH,0,0
1933-11-26,1933,11,REG,PHI,20,RED,3,0
1933-11-26,1933,11,REG,NYG,17,GB,6,0
1933-11-26,1933,11,REG,CHI,17,DET,14,0
1933-11-30,1933,11,REG,ARI,6,CHI,22,0
1933-11-30,1933,11,REG,BKN,0,NYG,10,0
1933-12-03,1933,12,REG,DET,7,CHI,17,0
1933-12-03,1933,12,REG,ARI,0,WSH,0,0
1933-12-03,1933,12,REG,NYG,27,PIT,3,0
1933-12-03,1933,12,REG,PHI,0,GB,10,0
1933-12-03,1933,12,REG,RED,10,BKN,0,0
1933-12-10,1933,13,REG,CHI,7,GB,6,0
1933-12-10,1933,13,REG,PHI,14,NYG,20,0
1933-12-17,1933,,POST,CHI,23,NYG,21,0
1934-09-09,1934,1,REG,PIT,13,RED,0,0
1934-09-16,1934,2,REG,PIT,0,WSH,7,0
1934-09-16,1934,2,REG,GB,19,PHI,6,0
1934-09-23,1934,3,REG,RED,0,ARI,9,0
1934-09-23,1934,3,REG,GB,10,CHI,24,0
1934-09-23,1934,3,REG,DET,9,NYG,0,0
1934-09-26,1934,3,REG,PIT,0,PHI,17,0
1934-09-30,1934,4,REG,DET,6,ARI,0,0
1934-09-30,1934,4,REG,BKN,10,WSH,6,0
1934-09-30,1934,4,REG,GB,20,NYG,6,0
1934-09-30,1934,4,REG,RED,3,CHI,21,0
1934-10-03,1934,4,REG,PIT,12,NYG,14,0
1934-10-07,1934,5,REG,PHI,7,PIT,9,0
1934-10-07,1934,5,REG,BKN,7,CHI,21,0
1934-10-07,1934,5,REG,GB,0,DET,3,0
1934-10-07,1934,5,REG,WSH,13,NYG,16,0
1934-10-07,1934,5,REG,RED,0,ARI,16,0
1934-10-10,1934,5,REG,PIT,0,CHI,28,0
1934-10-14,1934,6,REG,PHI,0,DET,10,0
1934-10-14,1934,6,REG,NYG,14,BKN,0,0
1934-10-14,1934,6,REG,ARI,0,CHI,20,0
1934-10-14,1934,6,REG,WSH,39,PIT,0,0
1934-10-14,1934,6,REG,GB,41,RED,0,0
1934-10-17,1934,6,REG,DET,24,WSH,0,0
1934-10-21,1934,7,REG,NYG,17,PIT,7,0
1934-10-21,1934,7,REG,DET,28,BKN,0,0
1934-10-21,1934,7,REG,GB,15,ARI,0,0
1934-10-21,1934,7,REG,CHI,41,RED,7,0
1934-10-21,1934,7,REG,WSH,6,PHI,0,0
1934-10-28,1934,8,REG,NYG,17,PHI,0,0
1934-10-28,1934,8,REG,WSH,9,ARI,0,0
1934-10-28,1934,8,REG,CHI,27,GB,14,0
1934-10-28,1934,8,REG,RED,0,DET,38,0
1934-10-28,1934,8,REG,BKN,21,PIT,3,0
1934-11-04,1934,9,REG,DET,40,PIT,7,0
1934-11-04,1934,9,REG,WSH,0,GB,10,0
1934-11-04,1934,9,REG,CHI,27,NYG,7,0
1934-11-06,1934,9,REG,PHI,64,RED,0,0
1934-11-06,1934,9,REG,BKN,0,ARI,21,0
1934-11-11,1934,10,REG,WSH,0,CHI,21,0
1934-11-11,1934,10,REG,ARI,13,DET,17,0
1934-11-11,1934,10,REG,NYG,17,GB,3,0
1934-11-11,1934,10,REG,GUN,6,PIT,0,0
1934-11-11,1934,10,REG,PHI,7,BKN,10,0
1934-11-18,1934,11,REG,PHI,7,WSH,14,0
1934-11-18,1934,11,REG,NYG,9,CHI,10,0
1934-11-18,1934,11,REG,GB,0,ARI,9,0
1934-11-18,1934,11,REG,DET,40,GUN,7,0
1934-11-18,1934,11,REG,PIT,0,BKN,10,0
1934-11-25,1934,12,REG,NYG,3,WSH,0,0
1934-11-25,1934,12,REG,DET,0,GB,3,0
1934-11-25,1934,12,REG,CHI,17,ARI,6,0
1934-11-25,1934,12,REG,BKN,0,PHI,13,0
1934-11-29,1934,12,REG,BKN,0,NYG,27,0
1934-11-29,1934,12,REG,ARI,6,GB,0,0
1934-11-29,1934,12,REG,DET,16,CHI,19,0
1934-12-02,1934,13,REG,CHI,10,DET,7,0
1934-12-02,1934,13,REG,PHI,6,NYG,0,0
1934-12-02,1934,13,REG,GUN,14,GB,21,0
1934-12-02,1934,13,REG,WSH,13,BKN,3,0
1934-12-09,1934,,POST,NYG,30,CHI,13,0
1935-09-13,1935,1,REG,PHI,7,PIT,17,0
1935-09-15,1935,1,REG,GB,6,ARI,7,0
1935-09-20,1935,2,REG,DET,35,PHI,0,0
1935-09-22,1935,2,REG,GB,7,CHI,0,0
1935-09-22,1935,2,REG,PIT,7,NYG,42,0
1935-09-29,1935,3,REG,DET,10,ARI,10,0
1935-09-29,1935,3,REG,WSH,7,BKN,3,0
1935-09-29,1935,3,REG,GB,16,NYG,7,0
1935-09-29,1935,3,REG,PIT,7,CHI,23,0
1935-10-06,1935,4,REG,WSH,12,NYG,20,0
1935-10-06,1935,4,REG,GB,27,PIT,0,0
1935-10-06,1935,4,REG,BKN,12,DET,10,0
1935-10-09,1935,4,REG,PIT,6,PHI,17,0
1935-10-13,1935,5,REG,PHI,0,CHI,39,0
1935-10-13,1935,5,REG,WSH,7,DET,17,0
1935-10-13,1935,5,REG,ARI,3,GB,0,0
1935-10-13,1935,5,REG,NYG,10,BKN,7,0
1935-10-20,1935,6,REG,CHI,24,BKN,14,0
1935-10-20,1935,6,REG,PIT,17,ARI,13,0
1935-10-20,1935,6,REG,GB,13,DET,9,0
1935-10-20,1935,6,REG,NYG,17,WSH,6,0
1935-10-27,1935,7,REG,PIT,6,WSH,0,0
1935-10-27,1935,7,REG,NYG,13,ARI,14,0
1935-10-27,1935,7,REG,BKN,17,PHI,6,0
1935-10-27,1935,7,REG,CHI,14,GB,17,0
1935-10-30,1935,7,REG,DET,14,WSH,0,0
1935-11-03,1935,8,REG,WSH,6,PHI,7,0
1935-11-03,1935,8,REG,ARI,6,DET,7,0
1935-11-03,1935,8,REG,NYG,3,CHI,20,0
1935-11-03,1935,8,REG,PIT,7,BKN,13,0
1935-11-05,1935,8,REG,PHI,0,BKN,3,0
1935-11-10,1935,9,REG,GB,31,DET,7,0
1935-11-10,1935,9,REG,BKN,7,PIT,16,0
1935-11-10,1935,9,REG,ARI,12,PHI,3,0
1935-11-10,1935,9,REG,WSH,14,CHI,30,0
1935-11-17,1935,10,REG,CHI,0,NYG,3,0
1935-11-17,1935,10,REG,DET,20,GB,10,0
1935-11-19,1935,10,REG,BKN,14,ARI,12,0
1935-11-24,1935,11,REG,PIT,14,GB,34,0
1935-11-24,1935,11,REG,CHI,20,DET,20,0
1935-11-24,1935,11,REG,WSH,0,ARI,6,0
1935-11-24,1935,11,REG,NYG,10,PHI,0,0
1935-11-28,1935,11,REG,BKN,0,NYG,21,0
1935-11-28,1935,11,REG,ARI,9,GB,7,0
1935-11-28,1935,11,REG,DET,14,CHI,2,0
1935-12-01,1935,12,REG,WSH,13,PIT,3,0
1935-12-01,1935,12,REG,PHI,14,NYG,21,0
1935-12-01,1935,12,REG,CHI,7,ARI,7,0
1935-12-01,1935,12,REG,DET,28,BKN,0,0
1935-12-08,1935,13,REG,NYG,13,PIT,0,0
1935-12-08,1935,13,REG,PHI,6,GB,13,0
1935-12-08,1935,13,REG,ARI,0,CHI,13,0
1935-12-08,1935,13,REG,BKN,0,WSH,0,0
1935-12-15,1935,,POST,DET,26,NYG,7,0
1936-09-13,1936,1,REG,GB,10,ARI,7,0
1936-09-13,1936,1,REG,PIT,10,WSH,0,0
1936-09-13,1936,1,REG,PHI,10,NYG,7,0
1936-09-20,1936,2,REG,GB,3,CHI,30,0
1936-09-20,1936,2,REG,PHI,3,WSH,26,0
1936-09-23,1936,2,REG,BKN,6,PIT,10,0
1936-09-27,1936,3,REG,PHI,0,CHI,17,0
1936-09-27,1936,3,REG,BKN,3,WSH,14,0
1936-09-27,1936,3,REG,PIT,10,NYG,7,0
1936-09-28,1936,3,REG,DET,39,ARI,0,0
1936-10-04,1936,4,REG,GB,24,ARI,0,0
1936-10-04,1936,4,REG,WSH,0,NYG,7,0
1936-10-04,1936,4,REG,BKN,18,PHI,0,0
1936-10-04,1936,4,REG,PIT,9,CHI,27,0
1936-10-11,1936,5,REG,PHI,0,DET,23,0
1936-10-11,1936,5,REG,NYG,10,BKN,10,0
1936-10-11,1936,5,REG,CHI,7,ARI,3,0
1936-10-11,1936,5,REG,GB,31,WSH,2,0
1936-10-14,1936,5,REG,BKN,7,DET,14,0
1936-10-14,1936,5,REG,PIT,17,PHI,0,0
1936-10-18,1936,6,REG,GB,20,DET,18,0
1936-10-18,1936,6,REG,WSH,17,PHI,7,0
1936-10-18,1936,6,REG,NYG,14,ARI,6,0
1936-10-18,1936,6,REG,CHI,26,PIT,7,0
1936-10-25,1936,7,REG,CHI,12,DET,10,0
1936-10-25,1936,7,REG,BKN,9,ARI,0,0
1936-10-25,1936,7,REG,NYG,21,PHI,17,0
1936-10-25,1936,7,REG,GB,42,PIT,10,0
1936-11-01,1936,8,REG,CHI,10,GB,21,0
1936-11-01,1936,8,REG,PIT,10,BKN,7,0
1936-11-01,1936,8,REG,WSH,13,ARI,10,0
1936-11-01,1936,8,REG,NYG,14,DET,7,0
1936-11-05,1936,8,REG,PHI,0,PIT,6,0
1936-11-08,1936,9,REG,NYG,7,CHI,25,0
1936-11-08,1936,9,REG,WSH,3,GB,7,0
1936-11-08,1936,9,REG,DET,28,PIT,3,0
1936-11-08,1936,9,REG,ARI,13,PHI,0,0
1936-11-15,1936,10,REG,BKN,7,GB,38,0
1936-11-15,1936,10,REG,WSH,0,CHI,26,0
1936-11-15,1936,10,REG,DET,38,NYG,0,0
1936-11-15,1936,10,REG,ARI,14,PIT,6,0
1936-11-22,1936,11,REG,NYG,14,GB,26,0
1936-11-22,1936,11,REG,ARI,7,DET,14,0
1936-11-22,1936,11,REG,PHI,7,CHI,28,0
1936-11-22,1936,11,REG,WSH,30,BKN,6,0
1936-11-26,1936,11,REG,BKN,0,NYG,14,0
1936-11-26,1936,11,REG,DET,13,CHI,7,0
1936-11-29,1936,12,REG,WSH,30,PIT,0,0
1936-11-29,1936,12,REG,DET,17,GB,26,0
1936-11-29,1936,12,REG,ARI,14,CHI,7,0
1936-11-29,1936,12,REG,PHI,7,BKN,13,0
1936-12-06,1936,13,REG,NYG,0,WSH,14,0
1936-12-06,1936,13,REG,ARI,0,GB,0,0
1936-12-06,1936,13,REG,DET,14,BKN,6,0
1936-12-13,1936,,POST,WSH,6,GB,21,0
1937-09-05,1937,1,REG,PIT,27,PHI,14,0
1937-09-10,1937,1,REG,LAR,0,DET,28,0
1937-09-10,1937,1,REG,PHI,7,BKN,13,0
1937-09-12,1937,2,REG,GB,7,ARI,14,0
1937-09-16,1937,2,REG,WSH,13,NYG,3,0
1937-09-19,1937,3,REG,DET,16,ARI,7,0
1937-09-19,1937,3,REG,GB,2,CHI,14,0
1937-09-19,1937,3,REG,BKN,0,PIT,21,0
1937-09-21,1937,3,REG,PHI,3,LAR,21,0
1937-09-24,1937,3,REG,WSH,14,ARI,21,0
1937-09-26,1937,4,REG,PIT,7,NYG,10,0
1937-09-26,1937,4,REG,BKN,9,LAR,7,0
1937-09-26,1937,4,REG,PHI,6,ARI,6,0
1937-10-03,1937,5,REG,LAR,0,ARI,6,0
1937-10-03,1937,5,REG,GB,26,DET,6,0
1937-10-03,1937,5,REG,PHI,7,NYG,16,0
1937-10-03,1937,5,REG,WSH,11,BKN,7,0
1937-10-04,1937,5,REG,PIT,0,CHI,7,0
1937-10-10,1937,6,REG,DET,7,PIT,3,0
1937-10-10,1937,6,REG,GB,34,ARI,13,0
1937-10-10,1937,6,REG,WSH,0,PHI,14,0
1937-10-10,1937,6,REG,LAR,2,CHI,20,0
1937-10-17,1937,7,REG,LAR,10,GB,35,0
1937-10-17,1937,7,REG,NYG,21,PHI,0,0
1937-10-17,1937,7,REG,DET,30,BKN,0,0
1937-10-17,1937,7,REG,CHI,16,ARI,7,0
1937-10-17,1937,7,REG,WSH,34,PIT,20,0
1937-10-24,1937,8,REG,PIT,7,ARI,13,0
1937-10-24,1937,8,REG,CHI,28,DET,20,0
1937-10-24,1937,8,REG,GB,35,LAR,7,0
1937-10-24,1937,8,REG,PHI,7,WSH,10,0
1937-10-24,1937,8,REG,NYG,21,BKN,0,0
1937-10-31,1937,9,REG,BKN,0,WSH,21,0
1937-10-31,1937,9,REG,PIT,16,PHI,7,0
1937-10-31,1937,9,REG,ARI,13,LAR,7,0
1937-10-31,1937,9,REG,DET,13,GB,14,0
1937-10-31,1937,9,REG,NYG,3,CHI,3,0
1937-11-07,1937,10,REG,DET,27,LAR,7,0
1937-11-07,1937,10,REG,BKN,10,PHI,14,0
1937-11-07,1937,10,REG,CHI,14,GB,24,0
1937-11-07,1937,10,REG,NYG,17,PIT,0,0
1937-11-14,1937,11,REG,PIT,21,WSH,13,0
1937-11-14,1937,11,REG,GB,37,PHI,7,0
1937-11-14,1937,11,REG,NYG,0,DET,17,0
1937-11-14,1937,11,REG,CHI,29,BKN,7,0
1937-11-21,1937,12,REG,LAR,7,WSH,16,0
1937-11-21,1937,12,REG,NYG,10,GB,0,0
1937-11-21,1937,12,REG,ARI,7,DET,16,0
1937-11-21,1937,12,REG,PIT,0,BKN,23,0
1937-11-25,1937,12,REG,DET,0,CHI,13,0
1937-11-25,1937,12,REG,BKN,13,NYG,13,0
1937-11-28,1937,13,REG,CHI,15,LAR,7,0
1937-11-28,1937,13,REG,WSH,14,GB,6,0
1937-12-05,1937,14,REG,ARI,28,CHI,42,0
1937-12-05,1937,14,REG,NYG,14,WSH,49,0
1937-12-12,1937,,POST,CHI,21,WSH,28,0
1938-09-09,1938,1,REG,DET,16,PIT,7,0
1938-09-11,1938,1,REG,GB,26,LAR,17,0
1938-09-11,1938,1,REG,PIT,14,NYG,27,0
1938-09-11,1938,1,REG,PHI,23,WSH,26,0
1938-09-11,1938,1,REG,CHI,16,ARI,13,0
1938-09-16,1938,2,REG,PIT,7,PHI,27,0
1938-09-17,1938,2,REG,LAR,6,ARI,7,0
1938-09-18,1938,2,REG,WSH,16,BKN,16,0
1938-09-18,1938,2,REG,GB,0,CHI,2,0
1938-09-23,1938,3,REG,BKN,3,PIT,17,0
1938-09-25,1938,3,REG,PHI,14,NYG,10,0
1938-09-25,1938,3,REG,WSH,37,LAR,13,0
1938-09-25,1938,3,REG,GB,28,ARI,7,0
1938-09-28,1938,3,REG,ARI,22,GB,24,0
1938-10-02,1938,4,REG,PHI,6,CHI,28,0
1938-10-02,1938,4,REG,LAR,21,DET,17,0
1938-10-02,1938,4,REG,BKN,13,ARI,0,0
1938-10-03,1938,4,REG,NYG,10,PIT,13,0
1938-10-09,1938,5,REG,LAR,14,CHI,7,0
1938-10-09,1938,5,REG,PIT,7,BKN,17,0
1938-10-09,1938,5,REG,GB,7,DET,17,0
1938-10-09,1938,5,REG,WSH,7,NYG,10,0
1938-10-16,1938,6,REG,GB,35,BKN,7,0
1938-10-16,1938,6,REG,ARI,28,CHI,34,0
1938-10-16,1938,6,REG,DET,5,WSH,7,0
1938-10-16,1938,6,REG,NYG,17,PHI,7,0
1938-10-23,1938,7,REG,CHI,21,LAR,23,0
1938-10-23,1938,7,REG,NYG,28,BKN,14,0
1938-10-23,1938,7,REG,DET,10,ARI,0,0
1938-10-23,1938,7,REG,WSH,20,PHI,14,0
1938-10-23,1938,7,REG,GB,20,PIT,0,0
1938-10-26,1938,7,REG,PHI,7,ARI,0,0
1938-10-30,1938,8,REG,CHI,7,DET,13,0
1938-10-30,1938,8,REG,LAR,7,GB,28,0
1938-10-30,1938,8,REG,BKN,6,WSH,6,0
1938-11-06,1938,9,REG,PHI,7,BKN,10,0
1938-11-06,1938,9,REG,DET,6,LAR,0,0
1938-11-06,1938,9,REG,PIT,0,WSH,7,0
1938-11-06,1938,9,REG,NYG,6,ARI,0,0
1938-11-06,1938,9,REG,CHI,17,GB,24,0
1938-11-13,1938,10,REG,BKN,32,PHI,14,0
1938-11-13,1938,10,REG,NYG,28,LAR,0,0
1938-11-13,1938,10,REG,DET,7,GB,28,0
1938-11-13,1938,10,REG,CHI,31,WSH,7,0
1938-11-20,1938,11,REG,NYG,15,GB,3,0
1938-11-20,1938,11,REG,ARI,3,DET,7,0
1938-11-20,1938,11,REG,BKN,6,CHI,24,0
1938-11-20,1938,11,REG,PHI,14,PIT,7,0
1938-11-24,1938,11,REG,DET,14,CHI,7,0
1938-11-24,1938,11,REG,BKN,7,NYG,7,0
1938-11-27,1938,12,REG,WSH,15,PIT,0,0
1938-11-27,1938,12,REG,ARI,31,LAR,17,0
1938-12-04,1938,13,REG,DET,7,PHI,21,0
1938-12-04,1938,13,REG,PIT,7,LAR,13,0
1938-12-04,1938,13,REG,NYG,36,WSH,0,0
1938-12-11,1938,,POST,NYG,23,GB,17,0
1939-09-10,1939,1,REG,DET,21,ARI,13,0
1939-09-14,1939,1,REG,BKN,12,PIT,7,0
1939-09-15,1939,1,REG,CHI,30,LAR,21,0
1939-09-17,1939,2,REG,GB,14,ARI,10,0
1939-09-17,1939,2,REG,PHI,0,WSH,7,0
1939-09-20,1939,2,REG,BKN,23,LAR,12,0
1939-09-24,1939,3,REG,PHI,3,NYG,13,0
1939-09-24,1939,3,REG,PIT,0,ARI,10,0
1939-09-24,1939,3,REG,GB,21,CHI,16,0
1939-09-24,1939,3,REG,DET,27,BKN,7,0
1939-10-01,1939,4,REG,PHI,0,BKN,0,0
1939-10-01,1939,4,REG,WSH,0,NYG,0,0
1939-10-01,1939,4,REG,ARI,3,DET,17,0
1939-10-01,1939,4,REG,GB,24,LAR,27,0
1939-10-02,1939,4,REG,PIT,0,CHI,32,0
1939-10-08,1939,5,REG,GB,27,ARI,20,0
1939-10-08,1939,5,REG,LAR,21,CHI,35,0
1939-10-08,1939,5,REG,WSH,41,BKN,13,0
1939-10-08,1939,5,REG,PIT,7,NYG,14,0
1939-10-15,1939,6,REG,DET,15,LAR,7,0
1939-10-15,1939,6,REG,WSH,44,PIT,14,0
1939-10-15,1939,6,REG,NYG,27,PHI,10,0
1939-10-15,1939,6,REG,CHI,44,ARI,7,0
1939-10-22,1939,7,REG,PIT,14,WSH,21,0
1939-10-22,1939,7,REG,ARI,0,LAR,24,0
1939-10-22,1939,7,REG,GB,26,DET,7,0
1939-10-22,1939,7,REG,NYG,16,CHI,13,0
1939-10-22,1939,7,REG,BKN,23,PHI,14,0
1939-10-29,1939,8,REG,GB,24,WSH,14,0
1939-10-29,1939,8,REG,CHI,0,DET,10,0
1939-10-29,1939,8,REG,LAR,14,PIT,14,0
1939-10-29,1939,8,REG,BKN,6,NYG,7,0
1939-11-05,1939,9,REG,CHI,30,GB,27,0
1939-11-05,1939,9,REG,LAR,14,ARI,0,0
1939-11-05,1939,9,REG,WSH,7,PHI,6,0
1939-11-05,1939,9,REG,DET,18,NYG,14,0
1939-11-06,1939,9,REG,BKN,17,PIT,13,0
1939-11-12,1939,10,REG,DET,13,CHI,23,0
1939-11-12,1939,10,REG,NYG,17,ARI,7,0
1939-11-12,1939,10,REG,PHI,16,GB,23,0
1939-11-12,1939,10,REG,BKN,0,WSH,42,0
1939-11-19,1939,11,REG,WSH,28,ARI,7,0
1939-11-19,1939,11,REG,BKN,0,GB,28,0
1939-11-19,1939,11,REG,CHI,27,PHI,14,0
1939-11-19,1939,11,REG,NYG,23,PIT,7,0
1939-11-19,1939,11,REG,LAR,14,DET,3,0
1939-11-23,1939,11,REG,PHI,17,PIT,14,0
1939-11-26,1939,12,REG,ARI,7,CHI,48,0
1939-11-26,1939,12,REG,NYG,28,BKN,7,0
1939-11-26,1939,12,REG,WSH,31,DET,7,0
1939-11-26,1939,12,REG,PIT,24,PHI,12,0
1939-11-26,1939,12,REG,LAR,6,GB,7,0
1939-12-03,1939,13,REG,NYG,9,WSH,7,0
1939-12-03,1939,13,REG,DET,7,GB,12,0
1939-12-03,1939,13,REG,LAR,35,PHI,13,0
1939-12-10,1939,,POST,GB,27,NYG,0,0
1940-09-08,1940,1,REG,PIT,7,ARI,7,0
1940-09-15,1940,2,REG,ARI,0,DET,0,0
1940-09-15,1940,2,REG,GB,27,PHI,20,0
1940-09-15,1940,2,REG,WSH,24,BKN,17,0
1940-09-15,1940,2,REG,PIT,10,NYG,10,0
1940-09-22,1940,3,REG,WSH,21,NYG,7,0
1940-09-22,1940,3,REG,LAR,21,PHI,13,0
1940-09-22,1940,3,REG,DET,7,PIT,10,0
1940-09-22,1940,3,REG,GB,10,CHI,41,0
1940-09-25,1940,3,REG,ARI,21,CHI,7,0
1940-09-28,1940,3,REG,PHI,14,NYG,20,0
1940-09-29,1940,4,REG,DET,6,LAR,0,0
1940-09-29,1940,4,REG,PIT,3,BKN,10,0
1940-09-29,1940,4,REG,GB,31,ARI,6,0
1940-10-04,1940,4,REG,BKN,30,PHI,17,0
1940-10-05,1940,4,REG,DET,43,ARI,14,0
1940-10-06,1940,5,REG,PIT,10,WSH,40,0
1940-10-06,1940,5,REG,LAR,14,CHI,21,0
1940-10-13,1940,6,REG,BKN,21,PIT,0,0
1940-10-13,1940,6,REG,GB,31,LAR,14,0
1940-10-13,1940,6,REG,CHI,7,DET,0,0
1940-10-13,1940,6,REG,WSH,28,ARI,21,0
1940-10-13,1940,6,REG,NYG,17,PHI,7,0
1940-10-20,1940,7,REG,NYG,12,PIT,0,0
1940-10-20,1940,7,REG,PHI,17,WSH,34,0
1940-10-20,1940,7,REG,LAR,26,ARI,14,0
1940-10-20,1940,7,REG,GB,14,DET,23,0
1940-10-20,1940,7,REG,CHI,16,BKN,7,0
1940-10-26,1940,7,REG,PHI,7,BKN,21,0
1940-10-27,1940,8,REG,ARI,17,LAR,7,0
1940-10-27,1940,8,REG,NYG,21,CHI,37,0
1940-10-27,1940,8,REG,GB,24,PIT,3,0
1940-10-27,1940,8,REG,DET,14,WSH,20,0
1940-11-03,1940,9,REG,WSH,37,PIT,10,0
1940-11-03,1940,9,REG,BKN,7,NYG,10,0
1940-11-03,1940,9,REG,LAR,24,DET,0,0
1940-11-03,1940,9,REG,CHI,14,GB,7,0
1940-11-10,1940,10,REG,PIT,7,PHI,3,0
1940-11-10,1940,10,REG,NYG,0,LAR,13,0
1940-11-10,1940,10,REG,ARI,7,GB,28,0
1940-11-10,1940,10,REG,DET,17,CHI,14,0
1940-11-10,1940,10,REG,BKN,16,WSH,14,0
1940-11-17,1940,11,REG,BKN,29,LAR,14,0
1940-11-17,1940,11,REG,NYG,7,GB,3,0
1940-11-17,1940,11,REG,PHI,0,DET,21,0
1940-11-17,1940,11,REG,WSH,7,CHI,3,0
1940-11-24,1940,12,REG,NYG,21,WSH,7,0
1940-11-24,1940,12,REG,DET,7,GB,50,0
1940-11-24,1940,12,REG,BKN,14,ARI,9,0
1940-11-24,1940,12,REG,CHI,47,LAR,25,0
1940-11-28,1940,12,REG,PHI,7,PIT,0,0
1940-12-01,1940,13,REG,NYG,6,BKN,14,0
1940-12-01,1940,13,REG,WSH,13,PHI,6,0
1940-12-01,1940,13,REG,CHI,31,ARI,23,0
1940-12-01,1940,13,REG,LAR,13,GB,13,0
1940-12-08,1940,,POST,WSH,0,CHI,73,0
1941-09-07,1941,1,REG,LAR,17,PIT,14,0
1941-09-13,1941,1,REG,PHI,0,NYG,24,0
1941-09-14,1941,2,REG,GB,23,DET,0,0
1941-09-16,1941,2,REG,ARI,6,LAR,10,0
1941-09-21,1941,3,REG,PIT,7,PHI,10,0
1941-09-21,1941,3,REG,GB,24,LAR,7,0
1941-09-21,1941,3,REG,BKN,14,DET,7,0
1941-09-27,1941,3,REG,ARI,14,DET,14,0
1941-09-27,1941,3,REG,PHI,13,BKN,24,0
1941-09-28,1941,4,REG,WSH,10,NYG,17,0
1941-09-28,1941,4,REG,GB,17,CHI,25,0
1941-10-05,1941,5,REG,WSH,3,BKN,0,0
1941-10-05,1941,5,REG,LAR,21,CHI,48,0
1941-10-05,1941,5,REG,GB,14,ARI,13,0
1941-10-05,1941,5,REG,PIT,10,NYG,37,0
1941-10-12,1941,6,REG,PIT,20,WSH,24,0
1941-10-12,1941,6,REG,NYG,16,PHI,0,0
1941-10-12,1941,6,REG,CHI,53,ARI,7,0
1941-10-12,1941,6,REG,GB,30,BKN,7,0
1941-10-12,1941,6,REG,DET,17,LAR,7,0
1941-10-19,1941,7,REG,BKN,6,ARI,20,0
1941-10-19,1941,7,REG,PHI,17,WSH,21,0
1941-10-19,1941,7,REG,LAR,14,GB,17,0
1941-10-19,1941,7,REG,NYG,28,PIT,7,0
1941-10-19,1941,7,REG,CHI,49,DET,0,0
1941-10-26,1941,8,REG,CHI,34,PIT,7,0
1941-10-26,1941,8,REG,WSH,17,LAR,13,0
1941-10-26,1941,8,REG,BKN,16,NYG,13,0
1941-10-26,1941,8,REG,DET,7,GB,24,0
1941-10-26,1941,8,REG,PHI,21,ARI,14,0
1941-11-02,1941,9,REG,WSH,23,PIT,3,0
1941-11-02,1941,9,REG,CHI,14,GB,16,0
1941-11-02,1941,9,REG,NYG,7,ARI,10,0
1941-11-02,1941,9,REG,LAR,0,DET,14,0
1941-11-02,1941,9,REG,BKN,15,PHI,6,0
1941-11-09,1941,10,REG,NYG,20,DET,13,0
1941-11-09,1941,10,REG,CHI,31,LAR,13,0
1941-11-09,1941,10,REG,BKN,13,WSH,7,0
1941-11-09,1941,10,REG,PHI,7,PIT,7,0
1941-11-16,1941,11,REG,DET,21,PHI,17,0
1941-11-16,1941,11,REG,NYG,49,LAR,14,0
1941-11-16,1941,11,REG,CHI,35,WSH,21,0
1941-11-16,1941,11,REG,GB,17,ARI,9,0
1941-11-16,1941,11,REG,PIT,14,BKN,7,0
1941-11-23,1941,12,REG,DET,7,CHI,24,0
1941-11-23,1941,12,REG,PIT,7,GB,54,0
1941-11-23,1941,12,REG,NYG,20,WSH,13,0
1941-11-23,1941,12,REG,LAR,0,ARI,7,0
1941-11-30,1941,13,REG,DET,21,ARI,3,0
1941-11-30,1941,13,REG,BKN,35,PIT,7,0
1941-11-30,1941,13,REG,WSH,17,GB,22,0
1941-11-30,1941,13,REG,PHI,14,CHI,49,0
1941-12-07,1941,14,REG,NYG,7,BKN,21,0
1941-12-07,1941,14,REG,ARI,24,CHI,34,0
1941-12-07,1941,14,REG,WSH,20,PHI,14,0
1941-12-14,1941,,POST,CHI,33,GB,14,0
1941-12-21,1941,,POST,CHI,37,NYG,9,0
1942-09-13,1942,1,REG,ARI,7,LAR,0,0
1942-09-13,1942,1,REG,PIT,14,PHI,24,0
1942-09-20,1942,2,REG,ARI,13,DET,0,0
1942-09-20,1942,2,REG,WSH,28,PIT,14,0
1942-09-20,1942,2,REG,LAR,24,PHI,14,0
1942-09-27,1942,3,REG,PHI,14,BKN,35,0
1942-09-27,1942,3,REG,DET,0,LAR,14,0
1942-09-27,1942,3,REG,WSH,7,NYG,14,0
1942-09-27,1942,3,REG,GB,28,CHI,44,0
1942-10-04,1942,4,REG,DET,7,BKN,28,0
1942-10-04,1942,4,REG,LAR,7,CHI,21,0
1942-10-04,1942,4,REG,PHI,10,WSH,14,0
1942-10-04,1942,4,REG,ARI,13,GB,17,0
1942-10-04,1942,4,REG,PIT,13,NYG,10,0
1942-10-11,1942,5,REG,NYG,35,PHI,17,0
1942-10-11,1942,5,REG,CHI,41,ARI,14,0
1942-10-11,1942,5,REG,WSH,33,LAR,14,0
1942-10-11,1942,5,REG,BKN,0,PIT,7,0
1942-10-11,1942,5,REG,GB,38,DET,7,0
1942-10-18,1942,6,REG,DET,0,ARI,7,0
1942-10-18,1942,6,REG,CHI,26,NYG,7,0
1942-10-18,1942,6,REG,GB,45,LAR,28,0
1942-10-18,1942,6,REG,PHI,0,PIT,14,0
1942-10-18,1942,6,REG,BKN,10,WSH,21,0
1942-10-25,1942,7,REG,DET,7,GB,28,0
1942-10-25,1942,7,REG,LAR,7,ARI,3,0
1942-10-25,1942,7,REG,BKN,17,NYG,7,0
1942-10-25,1942,7,REG,CHI,45,PHI,14,0
1942-10-25,1942,7,REG,PIT,0,WSH,14,0
1942-11-01,1942,8,REG,NYG,9,PIT,17,0
1942-11-01,1942,8,REG,GB,55,ARI,24,0
1942-11-01,1942,8,REG,BKN,0,LAR,17,0
1942-11-01,1942,8,REG,CHI,16,DET,0,0
1942-11-01,1942,8,REG,WSH,30,PHI,27,0
1942-11-08,1942,9,REG,PHI,0,NYG,14,0
1942-11-08,1942,9,REG,WSH,28,ARI,0,0
1942-11-08,1942,9,REG,DET,7,PIT,35,0
1942-11-08,1942,9,REG,BKN,0,CHI,35,0
1942-11-08,1942,9,REG,LAR,12,GB,30,0
1942-11-15,1942,10,REG,CHI,38,GB,7,0
1942-11-15,1942,10,REG,NYG,7,WSH,14,0
1942-11-15,1942,10,REG,LAR,27,DET,7,0
1942-11-15,1942,10,REG,BKN,7,PHI,14,0
1942-11-22,1942,11,REG,NYG,21,GB,21,0
1942-11-22,1942,11,REG,WSH,23,BKN,3,0
1942-11-22,1942,11,REG,PIT,19,ARI,3,0
1942-11-22,1942,11,REG,DET,0,CHI,42,0
1942-11-29,1942,12,REG,DET,3,WSH,15,0
1942-11-29,1942,12,REG,CHI,47,LAR,0,0
1942-11-29,1942,12,REG,PHI,0,GB,7,0
1942-11-29,1942,12,REG,NYG,21,ARI,7,0
1942-11-29,1942,12,REG,PIT,13,BKN,0,0
1942-12-06,1942,13,REG,NYG,10,BKN,0,0
1942-12-06,1942,13,REG,ARI,7,CHI,21,0
1942-12-06,1942,13,REG,GB,24,PIT,21,0
1942-12-13,1942,,POST,WSH,14,CHI,6,0
1943-09-19,1943,1,REG,DET,35,ARI,17,0
1943-09-26,1943,2,REG,GB,21,CHI,21,0
1943-09-26,1943,2,REG,DET,27,BKN,0,0
1943-10-02,1943,2,REG,STG,17,BKN,0,0
1943-10-03,1943,3,REG,ARI,7,GB,28,0
1943-10-03,1943,3,REG,DET,21,CHI,27,0
1943-10-09,1943,3,REG,STG,28,NYG,14,0
1943-10-10,1943,4,REG,WSH,27,BKN,0,0
1943-10-10,1943,4,REG,GB,35,DET,14,0
1943-10-10,1943,4,REG,CHI,20,ARI,0,0
1943-10-17,1943,5,REG,GB,7,WSH,33,0
1943-10-17,1943,5,REG,CHI,48,STG,21,0
1943-10-17,1943,5,REG,BKN,0,NYG,20,0
1943-10-17,1943,5,REG,ARI,0,DET,7,0
1943-10-24,1943,6,REG,DET,6,GB,27,0
1943-10-24,1943,6,REG,WSH,13,ARI,7,0
1943-10-24,1943,6,REG,CHI,33,BKN,21,0
1943-10-24,1943,6,REG,NYG,42,STG,14,0
1943-10-31,1943,7,REG,BKN,10,WSH,48,0
1943-10-31,1943,7,REG,NYG,21,GB,35,0
1943-10-31,1943,7,REG,CHI,35,DET,14,0
1943-10-31,1943,7,REG,STG,34,ARI,13,0
1943-11-07,1943,8,REG,STG,14,WSH,14,0
1943-11-07,1943,8,REG,CHI,21,GB,7,0
1943-11-07,1943,8,REG,DET,0,NYG,0,0
1943-11-07,1943,8,REG,BKN,7,ARI,0,0
1943-11-14,1943,9,REG,NYG,7,CHI,56,0
1943-11-14,1943,9,REG,BKN,13,STG,7,0
1943-11-14,1943,9,REG,WSH,42,DET,20,0
1943-11-14,1943,9,REG,GB,35,ARI,14,0
1943-11-21,1943,10,REG,BKN,7,GB,31,0
1943-11-21,1943,10,REG,WSH,21,CHI,7,0
1943-11-21,1943,10,REG,NYG,24,ARI,13,0
1943-11-21,1943,10,REG,STG,35,DET,34,0
1943-11-28,1943,11,REG,WSH,14,STG,27,0
1943-11-28,1943,11,REG,ARI,24,CHI,35,0
1943-11-28,1943,11,REG,NYG,24,BKN,7,0
1943-12-05,1943,12,REG,STG,28,GB,38,0
1943-12-05,1943,12,REG,NYG,14,WSH,10,0
1943-12-12,1943,13,REG,WSH,7,NYG,31,0
1943-12-19,1943,,POST,NYG,0,WSH,28,0
1943-12-26,1943,,POST,CHI,41,WSH,21,0
1944-09-17,1944,1,REG,GB,14,BKN,7,0
1944-09-24,1944,2,REG,GB,42,CHI,28,0
1944-09-24,1944,2,REG,CRP,28,LAR,30,0
1944-09-26,1944,2,REG,BYK,7,PHI,28,0
1944-10-01,1944,3,REG,GB,27,DET,6,0
1944-10-08,1944,4,REG,LAR,19,CHI,7,0
1944-10-08,1944,4,REG,DET,19,BKN,14,0
1944-10-08,1944,4,REG,PHI,31,WSH,31,0
1944-10-08,1944,4,REG,BYK,10,NYG,22,0
1944-10-08,1944,4,REG,GB,34,CRP,7,0
1944-10-15,1944,5,REG,DET,17,LAR,20,0
1944-10-15,1944,5,REG,BYK,14,WSH,21,0
1944-10-15,1944,5,REG,BKN,7,NYG,14,0
1944-10-15,1944,5,REG,CHI,34,CRP,7,0
1944-10-22,1944,6,REG,GB,30,LAR,21,0
1944-10-22,1944,6,REG,PHI,38,BYK,0,0
1944-10-22,1944,6,REG,CHI,21,DET,21,0
1944-10-22,1944,6,REG,WSH,17,BKN,14,0
1944-10-22,1944,6,REG,NYG,23,CRP,0,0
1944-10-29,1944,7,REG,NYG,17,PHI,24,0
1944-10-29,1944,7,REG,BKN,14,BYK,17,0
1944-10-29,1944,7,REG,CHI,28,LAR,21,0
1944-10-29,1944,7,REG,WSH,42,CRP,20,0
1944-10-29,1944,7,REG,DET,0,GB,14,0
1944-11-05,1944,8,REG,CRP,6,DET,27,0
1944-11-05,1944,8,REG,BKN,7,PHI,21,0
1944-11-05,1944,8,REG,NYG,31,BYK,0,0
1944-11-05,1944,8,REG,WSH,14,LAR,10,0
1944-11-05,1944,8,REG,CHI,21,GB,0,0
1944-11-12,1944,9,REG,BKN,0,WSH,10,0
1944-11-12,1944,9,REG,CHI,21,BYK,7,0
1944-11-12,1944,9,REG,DET,21,CRP,7,0
1944-11-12,1944,9,REG,PHI,21,NYG,21,0
1944-11-12,1944,9,REG,LAR,7,GB,42,0
1944-11-19,1944,10,REG,BYK,13,BKN,6,0
1944-11-19,1944,10,REG,WSH,7,PHI,37,0
1944-11-19,1944,10,REG,NYG,24,GB,0,0
1944-11-19,1944,10,REG,CRP,6,LAR,33,0
1944-11-19,1944,10,REG,DET,41,CHI,21,0
1944-11-26,1944,11,REG,WSH,14,BYK,7,0
1944-11-26,1944,11,REG,PHI,7,CHI,28,0
1944-11-26,1944,11,REG,CRP,20,GB,35,0
1944-11-26,1944,11,REG,NYG,7,BKN,0,0
1944-11-26,1944,11,REG,LAR,14,DET,26,0
1944-12-03,1944,12,REG,CRP,7,CHI,49,0
1944-12-03,1944,12,REG,DET,38,BYK,7,0
1944-12-03,1944,12,REG,PHI,34,BKN,0,0
1944-12-03,1944,12,REG,NYG,16,WSH,13,0
1944-12-10,1944,13,REG,WSH,0,NYG,31,0
1944-12-10,1944,13,REG,PHI,26,LAR,13,0
1944-12-17,1944,,POST,NYG,7,GB,14,0
1945-09-23,1945,1,REG,ARI,0,DET,10,0
1945-09-25,1945,1,REG,BYK,28,PIT,7,0
1945-09-30,1945,2,REG,LAR,21,ARI,0,0
1945-09-30,1945,2,REG,GB,31,CHI,21,0
1945-10-07,1945,3,REG,LAR,17,CHI,0,0
1945-10-07,1945,3,REG,GB,57,DET,21,0
1945-10-07,1945,3,REG,PHI,21,ARI,6,0
1945-10-07,1945,3,REG,PIT,6,NYG,34,0
1945-10-07,1945,3,REG,BYK,28,WSH,20,0
1945-10-14,1945,4,REG,PIT,0,WSH,14,0
1945-10-14,1945,4,REG,GB,14,LAR,27,0
1945-10-14,1945,4,REG,CHI,7,ARI,16,0
1945-10-14,1945,4,REG,BYK,13,NYG,13,0
1945-10-14,1945,4,REG,DET,28,PHI,24,0
1945-10-21,1945,5,REG,WSH,24,PHI,14,0
1945-10-21,1945,5,REG,DET,26,ARI,0,0
1945-10-21,1945,5,REG,NYG,7,PIT,21,0
1945-10-21,1945,5,REG,GB,38,BYK,14,0
1945-10-21,1945,5,REG,CHI,21,LAR,41,0
1945-10-28,1945,6,REG,PIT,6,BYK,10,0
1945-10-28,1945,6,REG,GB,33,ARI,14,0
1945-10-28,1945,6,REG,NYG,14,WSH,24,0
1945-10-28,1945,6,REG,PHI,28,LAR,14,0
1945-10-28,1945,6,REG,DET,16,CHI,10,0
1945-11-04,1945,7,REG,NYG,17,LAR,21,0
1945-11-04,1945,7,REG,WSH,24,ARI,21,0
1945-11-04,1945,7,REG,PIT,3,PHI,45,0
1945-11-04,1945,7,REG,CHI,28,GB,24,0
1945-11-04,1945,7,REG,BYK,9,DET,10,0
1945-11-11,1945,8,REG,LAR,20,GB,7,0
1945-11-11,1945,8,REG,WSH,34,BYK,7,0
1945-11-11,1945,8,REG,PHI,38,NYG,17,0
1945-11-11,1945,8,REG,CHI,28,DET,35,0
1945-11-11,1945,8,REG,PIT,23,ARI,0,0
1945-11-18,1945,9,REG,WSH,28,CHI,21,0
1945-11-18,1945,9,REG,ARI,21,LAR,35,0
1945-11-18,1945,9,REG,PHI,30,PIT,6,0
1945-11-18,1945,9,REG,BYK,0,GB,28,0
1945-11-18,1945,9,REG,NYG,35,DET,14,0
1945-11-22,1945,9,REG,DET,21,LAR,28,0
1945-11-25,1945,10,REG,PHI,16,WSH,0,0
1945-11-25,1945,10,REG,CHI,28,PIT,7,0
1945-11-25,1945,10,REG,NYG,14,GB,23,0
1945-12-02,1945,11,REG,NYG,28,PHI,21,0
1945-12-02,1945,11,REG,LAR,20,BYK,7,0
1945-12-02,1945,11,REG,ARI,20,CHI,28,0
1945-12-02,1945,11,REG,DET,14,GB,3,0
1945-12-02,1945,11,REG,WSH,24,PIT,0,0
1945-12-09,1945,12,REG,WSH,17,NYG,0,0
1945-12-09,1945,12,REG,PHI,35,BYK,7,0
1945-12-16,1945,,POST,LAR,15,WSH,14,0
1946-09-06,1946,1,REG,CLE,44,MSA,0,0
1946-09-08,1946,1,REG,BBA,14,BDA,27,0
1946-09-08,1946,1,REG,SF,7,NAA,21,0
1946-09-13,1946,2,REG,CRA,6,CLE,20,0
1946-09-13,1946,2,REG,LDA,20,BDA,14,0
1946-09-14,1946,2,REG,NAA,21,BBA,10,0
1946-09-15,1946,2,REG,SF,21,MSA,14,0
1946-09-20,1946,3,REG,CRA,17,NAA,17,0
1946-09-20,1946,3,REG,LDA,30,MSA,14,0
1946-09-20,1946,3,REG,PIT,14,ARI,7,0
1946-09-22,1946,3,REG,SF,32,BDA,13,0
1946-09-22,1946,3,REG,BBA,0,CLE,28,0
1946-09-25,1946,3,REG,CRA,38,BBA,35,0
1946-09-29,1946,4,REG,LAR,14,PHI,25,0
1946-09-29,1946,4,REG,CRA,24,SF,7,0
1946-09-29,1946,4,REG,CLE,24,NAA,7,0
1946-09-29,1946,4,REG,WSH,14,PIT,14,0
1946-09-29,1946,4,REG,GB,7,CHI,30,0
1946-09-29,1946,4,REG,BBA,21,LDA,21,0
1946-09-30,1946,4,REG,ARI,34,DET,14,0
1946-10-01,1946,4,REG,BYK,0,NYG,17,0
1946-10-04,1946,5,REG,BBA,13,NAA,21,0
1946-10-05,1946,5,REG,CRA,9,LDA,21,0
1946-10-06,1946,5,REG,ARI,17,CHI,34,0
1946-10-06,1946,5,REG,CLE,26,BDA,7,0
1946-10-06,1946,5,REG,GB,17,LAR,21,0
1946-10-06,1946,5,REG,PHI,49,BYK,25,0
1946-10-06,1946,5,REG,PIT,14,NYG,17,0
1946-10-06,1946,5,REG,WSH,17,DET,16,0
1946-10-08,1946,5,REG,MSA,7,SF,34,0
1946-10-11,1946,6,REG,BDA,21,CRA,21,0
1946-10-11,1946,6,REG,BBA,14,MSA,17,0
1946-10-12,1946,6,REG,LDA,14,SF,23,0
1946-10-12,1946,6,REG,NAA,0,CLE,7,0
1946-10-13,1946,6,REG,PIT,16,BYK,7,0
1946-10-13,1946,6,REG,DET,14,ARI,36,0
1946-10-13,1946,6,REG,WSH,24,NYG,14,0
1946-10-13,1946,6,REG,CHI,28,LAR,28,0
1946-10-13,1946,6,REG,PHI,7,GB,19,0
1946-10-18,1946,7,REG,CRA,28,MSA,7,0
1946-10-19,1946,7,REG,NAA,21,BDA,10,0
1946-10-19,1946,7,REG,BBA,17,SF,14,0
1946-10-20,1946,7,REG,LAR,35,DET,14,0
1946-10-20,1946,7,REG,BYK,6,WSH,14,0
1946-10-20,1946,7,REG,GB,17,PIT,7,0
1946-10-20,1946,7,REG,CLE,31,LDA,14,0
1946-10-20,1946,7,REG,CHI,21,PHI,14,0
1946-10-20,1946,7,REG,NYG,28,ARI,24,0
1946-10-25,1946,8,REG,BDA,30,MSA,7,0
1946-10-27,1946,8,REG,ARI,34,LAR,10,0
1946-10-27,1946,8,REG,CLE,20,SF,34,0
1946-10-27,1946,8,REG,GB,10,DET,7,0
1946-10-27,1946,8,REG,LDA,17,NAA,31,0
1946-10-27,1946,8,REG,WSH,24,PHI,28,0
1946-10-27,1946,8,REG,BYK,7,PIT,33,0
1946-10-27,1946,8,REG,BBA,49,CRA,17,0
1946-10-27,1946,8,REG,NYG,14,CHI,0,0
1946-11-02,1946,9,REG,CRA,14,BDA,21,0
1946-11-02,1946,9,REG,SF,27,BBA,14,0
1946-11-03,1946,9,REG,LDA,17,CLE,16,0
1946-11-03,1946,9,REG,PIT,14,WSH,7,0
1946-11-03,1946,9,REG,PHI,24,NYG,14,0
1946-11-03,1946,9,REG,CHI,10,GB,7,0
1946-11-03,1946,9,REG,BYK,14,ARI,28,0
1946-11-03,1946,9,REG,DET,20,LAR,41,0
1946-11-03,1946,9,REG,NAA,24,MSA,21,0
1946-11-10,1946,10,REG,BDA,14,BBA,17,0
1946-11-10,1946,10,REG,ARI,7,GB,19,0
1946-11-10,1946,10,REG,DET,17,PIT,7,0
1946-11-10,1946,10,REG,LAR,21,CHI,27,0
1946-11-10,1946,10,REG,NYG,45,PHI,17,0
1946-11-10,1946,10,REG,SF,7,CLE,14,0
1946-11-10,1946,10,REG,NAA,17,LDA,12,0
1946-11-10,1946,10,REG,WSH,17,BYK,14,0
1946-11-11,1946,10,REG,MSA,7,CRA,20,0
1946-11-17,1946,11,REG,CHI,24,WSH,20,0
1946-11-17,1946,11,REG,LAR,17,ARI,14,0
1946-11-17,1946,11,REG,NYG,28,BYK,28,0
1946-11-17,1946,11,REG,CLE,51,CRA,14,0
1946-11-17,1946,11,REG,DET,0,GB,9,0
1946-11-17,1946,11,REG,BDA,14,LDA,19,0
1946-11-17,1946,11,REG,PIT,10,PHI,7,0
1946-11-17,1946,11,REG,NAA,10,SF,9,0
1946-11-18,1946,11,REG,MSA,21,BBA,14,0
1946-11-24,1946,12,REG,NAA,28,CRA,38,0
1946-11-24,1946,12,REG,BDA,14,SF,30,0
1946-11-24,1946,12,REG,NYG,7,PIT,0,0
1946-11-24,1946,12,REG,CHI,42,DET,6,0
1946-11-24,1946,12,REG,GB,6,ARI,24,0
1946-11-24,1946,12,REG,CLE,42,BBA,17,0
1946-11-24,1946,12,REG,PHI,10,WSH,27,0
1946-11-24,1946,12,REG,BYK,40,LAR,21,0
1946-11-25,1946,12,REG,MSA,21,LDA,34,0
1946-11-28,1946,12,REG,DET,10,BYK,34,0
1946-11-28,1946,12,REG,BDA,7,NAA,21,0
1946-11-30,1946,13,REG,SF,14,CRA,0,0
1946-12-01,1946,13,REG,LDA,62,BBA,14,0
1946-12-01,1946,13,REG,CHI,28,ARI,35,0
1946-12-01,1946,13,REG,PHI,10,PIT,7,0
1946-12-01,1946,13,REG,WSH,7,GB,20,0
1946-12-01,1946,13,REG,NYG,21,LAR,31,0
1946-12-03,1946,13,REG,MSA,0,CLE,34,0
1946-12-08,1946,14,REG,BDA,14,CLE,66,0
1946-12-08,1946,14,REG,LAR,38,GB,17,0
1946-12-08,1946,14,REG,NYG,31,WSH,0,0
1946-12-08,1946,14,REG,BYK,14,PHI,40,0
1946-12-08,1946,14,REG,SF,48,LDA,7,0
1946-12-08,1946,14,REG,DET,24,CHI,45,0
1946-12-09,1946,14,REG,MSA,0,NAA,31,0
1946-12-13,1946,15,REG,MSA,31,BDA,20,0
1946-12-15,1946,,POST,NYG,14,CHI,24,0
1946-12-15,1946,15,REG,LDA,17,CRA,17,0
1946-12-22,1946,,POST,CLE,14,NAA,9,0
1947-08-29,1947,1,REG,CRA,21,LDA,24,0
1947-08-31,1947,1,REG,SF,23,BDA,7,0
1947-08-31,1947,1,REG,BBA,28,NAA,24,0
1947-09-05,1947,2,REG,CLE,30,BBA,14,0
1947-09-05,1947,2,REG,NAA,48,CRA,26,0
1947-09-07,1947,2,REG,SF,17,LDA,14,0
1947-09-07,1947,2,REG,BCL,16,BDA,7,0
1947-09-12,1947,3,REG,LDA,14,NAA,30,0
1947-09-12,1947,3,REG,BDA,7,CLE,55,0
1947-09-14,1947,3,REG,BBA,28,CRA,20,0
1947-09-14,1947,3,REG,SF,14,BCL,7,0
1947-09-19,1947,4,REG,LDA,48,BDA,21,0
1947-09-19,1947,4,REG,CRA,14,BBA,31,0
1947-09-21,1947,4,REG,SF,16,NAA,21,0
1947-09-21,1947,4,REG,CLE,28,BCL,0,0
1947-09-21,1947,4,REG,PIT,17,DET,10,0
1947-09-26,1947,5,REG,CRA,21,CLE,41,0
1947-09-28,1947,5,REG,GB,29,CHI,20,0
1947-09-28,1947,5,REG,PHI,45,WSH,42,0
1947-09-28,1947,5,REG,ARI,45,DET,21,0
1947-09-28,1947,5,REG,BCL,7,NAA,21,0
1947-09-28,1947,5,REG,BBA,24,SF,41,0
1947-09-29,1947,5,REG,BYK,7,NYG,7,0
1947-09-29,1947,5,REG,PIT,7,LAR,48,0
1947-10-03,1947,6,REG,CRA,31,BDA,35,0
1947-10-05,1947,6,REG,PHI,23,NYG,0,0
1947-10-05,1947,6,REG,BCL,28,SF,28,0
1947-10-05,1947,6,REG,WSH,27,PIT,26,0
1947-10-05,1947,6,REG,CLE,26,NAA,17,0
1947-10-05,1947,6,REG,BYK,7,DET,21,0
1947-10-05,1947,6,REG,ARI,31,CHI,7,0
1947-10-05,1947,6,REG,LDA,25,BBA,27,0
1947-10-05,1947,6,REG,GB,17,LAR,14,0
1947-10-12,1947,7,REG,BYK,14,PIT,30,0
1947-10-12,1947,7,REG,DET,13,LAR,27,0
1947-10-12,1947,7,REG,NAA,31,BDA,7,0
1947-10-12,1947,7,REG,BBA,20,BCL,15,0
1947-10-12,1947,7,REG,SF,42,CRA,28,0
1947-10-12,1947,7,REG,GB,10,ARI,14,0
1947-10-12,1947,7,REG,CLE,10,LDA,13,0
1947-10-12,1947,7,REG,WSH,28,NYG,20,0
1947-10-12,1947,7,REG,CHI,40,PHI,7,0
1947-10-17,1947,8,REG,BDA,14,BBA,14,0
1947-10-19,1947,8,REG,LAR,27,ARI,7,0
1947-10-19,1947,8,REG,CLE,31,CRA,28,0
1947-10-19,1947,8,REG,NYG,0,BYK,14,0
1947-10-19,1947,8,REG,GB,27,WSH,10,0
1947-10-19,1947,8,REG,PIT,35,PHI,24,0
1947-10-19,1947,8,REG,BCL,10,LDA,38,0
1947-10-19,1947,8,REG,CHI,33,DET,24,0
1947-10-24,1947,9,REG,CRA,7,NAA,28,0
1947-10-26,1947,9,REG,LDA,56,BCL,0,0
1947-10-26,1947,9,REG,NYG,21,PIT,38,0
1947-10-26,1947,9,REG,SF,7,CLE,14,0
1947-10-26,1947,9,REG,GB,34,DET,17,0
1947-10-26,1947,9,REG,PHI,14,LAR,7,0
1947-10-26,1947,9,REG,WSH,20,CHI,56,0
1947-10-26,1947,9,REG,ARI,27,BYK,7,0
1947-10-26,1947,9,REG,BBA,35,BDA,7,0
1947-10-31,1947,10,REG,BDA,7,CRA,3,0
1947-11-02,1947,10,REG,BBA,7,CLE,28,0
1947-11-02,1947,10,REG,DET,35,NYG,7,0
1947-11-02,1947,10,REG,GB,17,PIT,18,0
1947-11-02,1947,10,REG,LDA,16,SF,26,0
1947-11-02,1947,10,REG,ARI,17,LAR,10,0
1947-11-02,1947,10,REG,BYK,24,CHI,28,0
1947-11-02,1947,10,REG,WSH,14,PHI,38,0
1947-11-02,1947,10,REG,NAA,35,BCL,21,0
1947-11-07,1947,11,REG,CRA,27,BCL,21,0
1947-11-09,1947,11,REG,CLE,13,BDA,12,0
1947-11-09,1947,11,REG,LAR,16,BYK,27,0
1947-11-09,1947,11,REG,PIT,21,WSH,14,0
1947-11-09,1947,11,REG,NAA,24,SF,16,0
1947-11-09,1947,11,REG,DET,7,ARI,17,0
1947-11-09,1947,11,REG,NYG,24,PHI,41,0
1947-11-09,1947,11,REG,CHI,20,GB,17,0
1947-11-09,1947,11,REG,BBA,25,LDA,0,0
1947-11-16,1947,12,REG,PHI,32,BYK,0,0
1947-11-16,1947,12,REG,NAA,16,LDA,13,0
1947-11-16,1947,12,REG,PIT,24,NYG,7,0
1947-11-16,1947,12,REG,CLE,37,SF,14,0
1947-11-16,1947,12,REG,DET,38,WSH,21,0
1947-11-16,1947,12,REG,LAR,21,CHI,41,0
1947-11-16,1947,12,REG,BDA,21,BCL,14,0
1947-11-16,1947,12,REG,ARI,21,GB,20,0
1947-11-21,1947,13,REG,CRA,16,SF,41,0
1947-11-23,1947,13,REG,BYK,21,PHI,14,0
1947-11-23,1947,13,REG,NAA,28,CLE,28,0
1947-11-23,1947,13,REG,WSH,45,ARI,21,0
1947-11-23,1947,13,REG,NYG,24,GB,24,0
1947-11-23,1947,13,REG,BDA,12,LDA,16,0
1947-11-23,1947,13,REG,CHI,49,PIT,7,0
1947-11-23,1947,13,REG,BCL,14,BBA,33,0
1947-11-23,1947,13,REG,LAR,28,DET,17,0
1947-11-27,1947,13,REG,LDA,17,CLE,27,0
1947-11-27,1947,13,REG,DET,14,CHI,34,0
1947-11-27,1947,13,REG,BDA,7,SF,21,0
1947-11-30,1947,14,REG,BYK,27,WSH,24,0
1947-11-30,1947,14,REG,LAR,10,GB,30,0
1947-11-30,1947,14,REG,NAA,35,BBA,13,0
1947-11-30,1947,14,REG,BCL,14,CRA,7,0
1947-11-30,1947,14,REG,NYG,35,ARI,31,0
1947-11-30,1947,14,REG,PHI,21,PIT,0,0
1947-12-07,1947,15,REG,CHI,14,LAR,17,0
1947-12-07,1947,15,REG,SF,21,BBA,21,0
1947-12-07,1947,15,REG,PIT,17,BYK,7,0
1947-12-07,1947,15,REG,BCL,0,CLE,42,0
1947-12-07,1947,15,REG,LDA,34,CRA,14,0
1947-12-07,1947,15,REG,PHI,21,ARI,45,0
1947-12-07,1947,15,REG,DET,14,GB,35,0
1947-12-07,1947,15,REG,BDA,17,NAA,20,0
1947-12-07,1947,15,REG,NYG,35,WSH,10,0
1947-12-14,1947,16,REG,WSH,40,BYK,13,0
1947-12-14,1947,16,REG,PHI,28,GB,14,0
1947-12-14,1947,16,REG,CHI,21,ARI,30,0
1947-12-14,1947,,POST,NAA,3,CLE,14,0
1947-12-14,1947,16,REG,LAR,34,NYG,10,0
1947-12-21,1947,,POST,PIT,0,PHI,21,0
1947-12-28,1947,,POST,ARI,28,PHI,21,0
1948-08-27,1948,1,REG,BDA,3,NAA,21,0
1948-08-27,1948,1,REG,CRA,0,LDA,7,0
1948-08-29,1948,1,REG,SF,35,BBA,14,0
1948-09-03,1948,2,REG,CLE,19,LDA,14,0
1948-09-05,1948,2,REG,SF,36,BDA,20,0
1948-09-05,1948,2,REG,BCL,45,NAA,28,0
1948-09-06,1948,2,REG,BBA,42,CRA,7,0
1948-09-10,1948,3,REG,LDA,17,BDA,7,0
1948-09-10,1948,3,REG,CRA,21,BCL,14,0
1948-09-12,1948,3,REG,BBA,13,CLE,42,0
1948-09-12,1948,3,REG,SF,41,NAA,0,0
1948-09-16,1948,3,REG,NAA,14,BCL,27,0
1948-09-17,1948,4,REG,BYK,0,GB,31,0
1948-09-17,1948,4,REG,CRA,7,CLE,28,0
1948-09-19,1948,4,REG,SF,36,LDA,14,0
1948-09-22,1948,4,REG,LAR,44,DET,7,0
1948-09-23,1948,4,REG,BYK,7,NYG,27,0
1948-09-24,1948,5,REG,ARI,21,PHI,14,0
1948-09-26,1948,5,REG,BCL,35,BDA,20,0
1948-09-26,1948,5,REG,GB,7,CHI,45,0
1948-09-26,1948,5,REG,CLE,21,CRA,10,0
1948-09-26,1948,5,REG,WSH,17,PIT,14,0
1948-09-26,1948,5,REG,BBA,28,SF,38,0
1948-09-29,1948,5,REG,LDA,20,NAA,10,0
1948-10-01,1948,6,REG,CRA,14,SF,31,0
1948-10-03,1948,6,REG,WSH,41,NYG,10,0
1948-10-03,1948,6,REG,LAR,28,PHI,28,0
1948-10-03,1948,6,REG,BBA,31,BDA,21,0
1948-10-03,1948,6,REG,GB,33,DET,21,0
1948-10-03,1948,6,REG,PIT,24,BYK,14,0
1948-10-04,1948,6,REG,ARI,17,CHI,28,0
1948-10-05,1948,6,REG,BCL,10,CLE,14,0
1948-10-08,1948,7,REG,LDA,49,CRA,28,0
1948-10-09,1948,7,REG,DET,14,BYK,17,0
1948-10-10,1948,7,REG,CHI,42,LAR,21,0
1948-10-10,1948,7,REG,BBA,13,NAA,14,0
1948-10-10,1948,7,REG,CLE,30,BDA,17,0
1948-10-10,1948,7,REG,PIT,10,WSH,7,0
1948-10-10,1948,7,REG,GB,7,ARI,17,0
1948-10-10,1948,7,REG,BCL,14,SF,56,0
1948-10-10,1948,7,REG,PHI,45,NYG,0,0
1948-10-15,1948,8,REG,BDA,21,CRA,7,0
1948-10-15,1948,8,REG,LDA,14,BCL,29,0
1948-10-17,1948,8,REG,CHI,28,DET,0,0
1948-10-17,1948,8,REG,NYG,35,ARI,63,0
1948-10-17,1948,8,REG,CLE,31,BBA,14,0
1948-10-17,1948,8,REG,GB,16,LAR,0,0
1948-10-17,1948,8,REG,BYK,13,PIT,7,0
1948-10-17,1948,8,REG,NAA,7,SF,21,0
1948-10-17,1948,8,REG,WSH,0,PHI,45,0
1948-10-24,1948,9,REG,PHI,12,CHI,7,0
1948-10-24,1948,9,REG,GB,7,WSH,23,0
1948-10-24,1948,9,REG,NYG,34,PIT,27,0
1948-10-24,1948,9,REG,ARI,49,BYK,27,0
1948-10-24,1948,9,REG,CRA,14,BDA,35,0
1948-10-24,1948,9,REG,CLE,35,NAA,7,0
1948-10-24,1948,9,REG,DET,27,LAR,34,0
1948-10-24,1948,9,REG,SF,21,BCL,10,0
1948-10-24,1948,9,REG,LDA,21,BBA,35,0
1948-10-31,1948,10,REG,LAR,22,ARI,27,0
1948-10-31,1948,10,REG,PIT,7,PHI,34,0
1948-10-31,1948,10,REG,CHI,35,NYG,14,0
1948-10-31,1948,10,REG,BDA,0,LDA,17,0
1948-10-31,1948,10,REG,DET,24,GB,20,0
1948-10-31,1948,10,REG,NAA,42,CRA,7,0
1948-10-31,1948,10,REG,WSH,59,BYK,21,0
1948-10-31,1948,10,REG,BBA,35,BCL,17,0
1948-11-07,1948,11,REG,ARI,56,DET,20,0
1948-11-07,1948,11,REG,LAR,6,CHI,21,0
1948-11-07,1948,11,REG,SF,44,CRA,21,0
1948-11-07,1948,11,REG,CLE,28,BCL,7,0
1948-11-07,1948,11,REG,BYK,7,WSH,23,0
1948-11-07,1948,11,REG,NYG,14,PHI,35,0
1948-11-07,1948,11,REG,NAA,38,LDA,6,0
1948-11-07,1948,11,REG,PIT,38,GB,7,0
1948-11-07,1948,11,REG,BDA,21,BBA,26,0
1948-11-14,1948,12,REG,BBA,20,LDA,27,0
1948-11-14,1948,12,REG,CHI,7,GB,6,0
1948-11-14,1948,12,REG,WSH,46,DET,21,0
1948-11-14,1948,12,REG,PIT,7,ARI,24,0
1948-11-14,1948,12,REG,BCL,38,CRA,24,0
1948-11-14,1948,12,REG,PHI,45,BYK,0,0
1948-11-14,1948,12,REG,NAA,21,BDA,7,0
1948-11-14,1948,12,REG,NYG,37,LAR,52,0
1948-11-14,1948,12,REG,CLE,14,SF,7,0
1948-11-21,1948,13,REG,BDA,40,SF,63,0
1948-11-21,1948,13,REG,BYK,17,CHI,51,0
1948-11-21,1948,13,REG,NAA,21,CLE,34,0
1948-11-21,1948,13,REG,BCL,14,LDA,17,0
1948-11-21,1948,13,REG,GB,3,NYG,49,0
1948-11-21,1948,13,REG,ARI,27,LAR,24,0
1948-11-21,1948,13,REG,PHI,42,WSH,21,0
1948-11-21,1948,13,REG,DET,17,PIT,14,0
1948-11-25,1948,13,REG,DET,14,ARI,28,0
1948-11-25,1948,13,REG,CRA,35,BBA,39,0
1948-11-25,1948,13,REG,LDA,14,CLE,31,0
1948-11-28,1948,14,REG,BDA,20,BCL,38,0
1948-11-28,1948,14,REG,CHI,48,WSH,13,0
1948-11-28,1948,14,REG,LAR,24,GB,10,0
1948-11-28,1948,14,REG,NYG,28,BYK,14,0
1948-11-28,1948,14,REG,NAA,14,BBA,35,0
1948-11-28,1948,14,REG,PHI,17,PIT,0,0
1948-11-28,1948,14,REG,SF,28,CLE,31,0
1948-12-04,1948,15,REG,CRA,7,NAA,28,0
1948-12-05,1948,15,REG,PIT,38,NYG,28,0
1948-12-05,1948,15,REG,LDA,21,SF,38,0
1948-12-05,1948,15,REG,BYK,37,PHI,14,0
1948-12-05,1948,15,REG,ARI,42,GB,7,0
1948-12-05,1948,15,REG,BDA,21,CLE,31,0
1948-12-05,1948,15,REG,DET,14,CHI,42,0
1948-12-05,1948,15,REG,BCL,35,BBA,15,0
1948-12-05,1948,15,REG,WSH,13,LAR,41,0
1948-12-12,1948,16,REG,LAR,31,PIT,14,0
1948-12-12,1948,,POST,BCL,17,BBA,28,0
1948-12-12,1948,16,REG,CHI,21,ARI,24,0
1948-12-12,1948,16,REG,PHI,45,DET,21,0
1948-12-12,1948,16,REG,NYG,21,WSH,28,0
1948-12-19,1948,,POST,CLE,49,BBA,7,0
1948-12-19,1948,,POST,PHI,7,ARI,0,0
1949-08-26,1949,1,REG,CRA,17,BBA,14,0
1949-08-28,1949,1,REG,SF,31,BCL,17,0
1949-09-02,1949,2,REG,LDA,49,BCL,17,0
1949-09-04,1949,2,REG,SF,42,CRA,7,0
1949-09-05,1949,2,REG,BBA,28,CLE,28,0
1949-09-09,1949,3,REG,LDA,21,CRA,23,0
1949-09-11,1949,3,REG,CLE,21,BCL,0,0
1949-09-11,1949,3,REG,BBA,14,NAA,17,0
1949-09-16,1949,4,REG,BCL,7,CRA,35,0
1949-09-18,1949,4,REG,CLE,14,NAA,3,0
1949-09-18,1949,4,REG,SF,42,LDA,14,0
1949-09-22,1949,4,REG,NAA,10,LDA,7,0
1949-09-22,1949,4,REG,NYY,0,PHI,7,0
1949-09-23,1949,5,REG,LAR,27,DET,24,0
1949-09-25,1949,5,REG,GB,0,CHI,17,0
1949-09-25,1949,5,REG,PIT,28,NYG,7,0
1949-09-25,1949,5,REG,BBA,28,SF,17,0
1949-09-25,1949,5,REG,BCL,20,CLE,28,0
1949-09-26,1949,5,REG,ARI,38,WSH,7,0
1949-09-30,1949,6,REG,NYY,14,NYG,38,0
1949-09-30,1949,6,REG,CRA,24,SF,42,0
1949-10-02,1949,6,REG,ARI,7,CHI,17,0
1949-10-02,1949,6,REG,BBA,28,BCL,35,0
1949-10-02,1949,6,REG,GB,7,LAR,48,0
1949-10-02,1949,6,REG,CLE,42,LDA,7,0
1949-10-03,1949,6,REG,DET,14,PHI,22,0
1949-10-03,1949,6,REG,PIT,14,WSH,27,0
1949-10-07,1949,7,REG,NYY,0,GB,19,0
1949-10-07,1949,7,REG,CRA,24,NAA,38,0
1949-10-08,1949,7,REG,PIT,14,DET,7,0
1949-10-08,1949,7,REG,PHI,28,ARI,3,0
1949-10-09,1949,7,REG,CHI,16,LAR,31,0
1949-10-09,1949,7,REG,WSH,35,NYG,45,0
1949-10-09,1949,7,REG,SF,56,CLE,28,0
1949-10-09,1949,7,REG,LDA,42,BBA,28,0
1949-10-14,1949,8,REG,LDA,14,CLE,61,0
1949-10-16,1949,8,REG,CHI,38,PHI,21,0
1949-10-16,1949,8,REG,NYG,17,PIT,21,0
1949-10-16,1949,8,REG,WSH,38,NYY,14,0
1949-10-16,1949,8,REG,BCL,21,NAA,24,0
1949-10-16,1949,8,REG,GB,17,ARI,39,0
1949-10-16,1949,8,REG,SF,51,BBA,7,0
1949-10-16,1949,8,REG,DET,10,LAR,21,0
1949-10-23,1949,9,REG,NYG,35,CHI,28,0
1949-10-23,1949,9,REG,LAR,35,GB,7,0
1949-10-23,1949,9,REG,NAA,24,SF,3,0
1949-10-23,1949,9,REG,PIT,24,NYY,13,0
1949-10-23,1949,9,REG,BBA,17,LDA,14,0
1949-10-23,1949,9,REG,PHI,49,WSH,14,0
1949-10-23,1949,9,REG,ARI,7,DET,24,0
1949-10-23,1949,9,REG,BCL,7,CRA,17,0
1949-10-28,1949,10,REG,CRA,14,LDA,24,0
1949-10-30,1949,10,REG,LAR,27,CHI,24,0
1949-10-30,1949,10,REG,NYY,14,WSH,14,0
1949-10-30,1949,10,REG,CLE,30,SF,28,0
1949-10-30,1949,10,REG,PIT,7,PHI,38,0
1949-10-30,1949,10,REG,ARI,38,NYG,41,0
1949-10-30,1949,10,REG,GB,16,DET,14,0
1949-10-30,1949,10,REG,NAA,21,BCL,14,0
1949-11-06,1949,11,REG,CLE,35,CRA,2,0
1949-11-06,1949,11,REG,CHI,24,GB,3,0
1949-11-06,1949,11,REG,NYG,24,NYY,31,0
1949-11-06,1949,11,REG,DET,19,ARI,42,0
1949-11-06,1949,11,REG,WSH,27,PIT,14,0
1949-11-06,1949,11,REG,BCL,10,SF,28,0
1949-11-06,1949,11,REG,PHI,38,LAR,14,0
1949-11-06,1949,11,REG,NAA,14,BBA,17,0
1949-11-13,1949,12,REG,WSH,21,PHI,44,0
1949-11-13,1949,12,REG,CHI,27,DET,24,0
1949-11-13,1949,12,REG,GB,10,NYG,30,0
1949-11-13,1949,12,REG,NAA,14,CRA,10,0
1949-11-13,1949,12,REG,CLE,7,BBA,7,0
1949-11-13,1949,12,REG,LDA,24,SF,41,0
1949-11-13,1949,12,REG,PIT,7,LAR,7,0
1949-11-13,1949,12,REG,NYY,20,ARI,65,0
1949-11-20,1949,13,REG,ARI,28,LAR,28,0
1949-11-20,1949,13,REG,WSH,21,CHI,31,0
1949-11-20,1949,13,REG,NAA,0,CLE,31,0
1949-11-20,1949,13,REG,BBA,10,CRA,0,0
1949-11-20,1949,13,REG,NYG,21,DET,45,0
1949-11-20,1949,13,REG,BCL,10,LDA,21,0
1949-11-20,1949,13,REG,PHI,42,NYY,0,0
1949-11-20,1949,13,REG,GB,7,PIT,30,0
1949-11-24,1949,13,REG,CLE,14,CRA,6,0
1949-11-24,1949,13,REG,DET,7,CHI,28,0
1949-11-24,1949,13,REG,LDA,16,NAA,17,0
1949-11-27,1949,14,REG,NYG,23,WSH,7,0
1949-11-27,1949,14,REG,BCL,14,BBA,38,0
1949-11-27,1949,14,REG,LAR,42,NYY,20,0
1949-11-27,1949,14,REG,ARI,41,GB,21,0
1949-11-27,1949,14,REG,PHI,34,PIT,17,0
1949-11-27,1949,14,REG,SF,35,NAA,14,0
1949-12-04,1949,,POST,SF,17,NAA,7,0
1949-12-04,1949,,POST,CLE,31,BBA,21,0
1949-12-04,1949,15,REG,CHI,30,PIT,21,0
1949-12-04,1949,15,REG,NYG,3,PHI,24,0
1949-12-04,1949,15,REG,WSH,30,GB,0,0
1949-12-04,1949,15,REG,LAR,27,ARI,31,0
1949-12-04,1949,15,REG,DET,28,NYY,27,0
1949-12-11,1949,16,REG,CHI,52,ARI,21,0
1949-12-11,1949,16,REG,DET,21,GB,7,0
1949-12-11,1949,16,REG,PHI,17,NYG,3,0
1949-12-11,1949,16,REG,NYY,0,PIT,27,0
1949-12-11,1949,,POST,CLE,21,SF,7,0
1949-12-11,1949,16,REG,LAR,53,WSH,27,0
1949-12-18,1949,,POST,LAR,0,PHI,14,0
1950-09-16,1950,1,REG,PHI,10,CLE,35,0
1950-09-17,1950,1,REG,PIT,7,NYG,18,0
1950-09-17,1950,1,REG,LAR,20,CHI,24,0
1950-09-17,1950,1,REG,BCL,14,WSH,38,0
1950-09-17,1950,1,REG,SF,17,NYY,21,0
1950-09-17,1950,1,REG,GB,7,DET,45,0
1950-09-22,1950,1,REG,LAR,45,NYY,28,0
1950-09-24,1950,2,REG,SF,20,CHI,32,0
1950-09-24,1950,2,REG,GB,35,WSH,21,0
1950-09-24,1950,2,REG,DET,10,PIT,7,0
1950-09-24,1950,2,REG,ARI,7,PHI,45,0
1950-09-24,1950,2,REG,BCL,0,CLE,31,0
1950-09-29,1950,2,REG,NYY,44,DET,21,0
1950-10-01,1950,3,REG,CLE,0,NYG,6,0
1950-10-01,1950,3,REG,SF,14,LAR,35,0
1950-10-01,1950,3,REG,WSH,7,PIT,26,0
1950-10-01,1950,3,REG,GB,31,CHI,21,0
1950-10-02,1950,3,REG,ARI,55,BCL,13,0
1950-10-07,1950,4,REG,PIT,17,CLE,30,0
1950-10-07,1950,4,REG,PHI,56,LAR,20,0
1950-10-08,1950,4,REG,DET,24,SF,7,0
1950-10-08,1950,4,REG,CHI,27,ARI,6,0
1950-10-08,1950,4,REG,WSH,17,NYG,21,0
1950-10-08,1950,4,REG,GB,31,NYY,44,0
1950-10-12,1950,4,REG,NYY,29,SF,24,0
1950-10-15,1950,5,REG,CHI,28,GB,14,0
1950-10-15,1950,5,REG,DET,28,LAR,30,0
1950-10-15,1950,5,REG,BCL,14,PHI,24,0
1950-10-15,1950,5,REG,CLE,34,ARI,24,0
1950-10-15,1950,5,REG,NYG,6,PIT,17,0
1950-10-19,1950,5,REG,NYY,35,GB,17,0
1950-10-22,1950,6,REG,WSH,28,ARI,38,0
1950-10-22,1950,6,REG,PIT,10,PHI,17,0
1950-10-22,1950,6,REG,NYG,17,CLE,13,0
1950-10-22,1950,6,REG,LAR,70,BCL,27,0
1950-10-22,1950,6,REG,SF,28,DET,27,0
1950-10-29,1950,7,REG,CLE,45,PIT,7,0
1950-10-29,1950,7,REG,NYY,38,CHI,27,0
1950-10-29,1950,7,REG,LAR,65,DET,24,0
1950-10-29,1950,7,REG,ARI,17,NYG,3,0
1950-10-29,1950,7,REG,SF,17,BCL,14,0
1950-10-29,1950,7,REG,PHI,35,WSH,3,0
1950-11-05,1950,8,REG,LAR,28,SF,21,0
1950-11-05,1950,8,REG,NYG,24,WSH,21,0
1950-11-05,1950,8,REG,PHI,7,PIT,9,0
1950-11-05,1950,8,REG,BCL,41,GB,21,0
1950-11-05,1950,8,REG,ARI,7,CLE,10,0
1950-11-05,1950,8,REG,DET,21,CHI,35,0
1950-11-12,1950,9,REG,WSH,0,PHI,33,0
1950-11-12,1950,9,REG,CLE,34,SF,14,0
1950-11-12,1950,9,REG,PIT,17,BCL,7,0
1950-11-12,1950,9,REG,NYG,51,ARI,21,0
1950-11-12,1950,9,REG,GB,14,LAR,45,0
1950-11-12,1950,9,REG,CHI,28,NYY,20,0
1950-11-19,1950,10,REG,NYY,35,LAR,43,0
1950-11-19,1950,10,REG,PHI,10,ARI,14,0
1950-11-19,1950,10,REG,CLE,20,WSH,14,0
1950-11-19,1950,10,REG,CHI,17,SF,0,0
1950-11-19,1950,10,REG,BCL,20,NYG,55,0
1950-11-19,1950,10,REG,DET,24,GB,21,0
1950-11-23,1950,10,REG,ARI,17,PIT,28,0
1950-11-23,1950,10,REG,DET,49,NYY,14,0
1950-11-26,1950,11,REG,WSH,38,BCL,28,0
1950-11-26,1950,11,REG,CHI,24,LAR,14,0
1950-11-26,1950,11,REG,GB,25,SF,21,0
1950-11-26,1950,11,REG,NYG,7,PHI,3,0
1950-12-03,1950,12,REG,CLE,13,PHI,7,0
1950-12-03,1950,12,REG,BCL,21,DET,45,0
1950-12-03,1950,12,REG,ARI,20,CHI,10,0
1950-12-03,1950,12,REG,LAR,51,GB,14,0
1950-12-03,1950,12,REG,PIT,7,WSH,24,0
1950-12-03,1950,12,REG,NYG,51,NYY,7,0
1950-12-10,1950,13,REG,PIT,28,ARI,7,0
1950-12-10,1950,13,REG,SF,30,GB,14,0
1950-12-10,1950,13,REG,CHI,6,DET,3,0
1950-12-10,1950,13,REG,PHI,7,NYG,9,0
1950-12-10,1950,13,REG,WSH,21,CLE,45,0
1950-12-10,1950,13,REG,NYY,51,BCL,14,0
1950-12-17,1950,,POST,CLE,8,NYG,3,0
1950-12-17,1950,,POST,LAR,24,CHI,14,0
1950-12-24,1950,,POST,CLE,30,LAR,28,0
1951-09-28,1951,1,REG,LAR,54,NYY,14,0
1951-09-30,1951,1,REG,SF,24,CLE,10,0
1951-09-30,1951,1,REG,DET,35,WSH,17,0
1951-09-30,1951,1,REG,GB,20,CHI,31,0
1951-09-30,1951,1,REG,ARI,14,PHI,17,0
1951-10-01,1951,1,REG,PIT,13,NYG,13,0
1951-10-06,1951,2,REG,PHI,21,SF,14,0
1951-10-07,1951,2,REG,LAR,23,CLE,38,0
1951-10-07,1951,2,REG,GB,35,PIT,33,0
1951-10-07,1951,2,REG,WSH,14,NYG,35,0
1951-10-07,1951,2,REG,ARI,28,CHI,14,0
1951-10-08,1951,2,REG,DET,37,NYY,10,0
1951-10-14,1951,3,REG,PIT,24,SF,28,0
1951-10-14,1951,3,REG,NYG,28,ARI,17,0
1951-10-14,1951,3,REG,GB,37,PHI,24,0
1951-10-14,1951,3,REG,CHI,24,NYY,21,0
1951-10-14,1951,3,REG,CLE,45,WSH,0,0
1951-10-14,1951,3,REG,DET,21,LAR,27,0
1951-10-21,1951,4,REG,GB,0,LAR,28,0
1951-10-21,1951,4,REG,CLE,17,PIT,0,0
1951-10-21,1951,4,REG,NYG,26,PHI,24,0
1951-10-21,1951,4,REG,CHI,13,SF,7,0
1951-10-21,1951,4,REG,WSH,7,ARI,3,0
1951-10-21,1951,4,REG,DET,24,NYY,24,0
1951-10-28,1951,5,REG,NYY,27,GB,29,0
1951-10-28,1951,5,REG,SF,44,LAR,17,0
1951-10-28,1951,5,REG,PHI,23,WSH,27,0
1951-10-28,1951,5,REG,ARI,14,PIT,28,0
1951-10-28,1951,5,REG,CLE,14,NYG,13,0
1951-10-28,1951,5,REG,DET,23,CHI,28,0
1951-11-04,1951,6,REG,NYG,37,NYY,31,0
1951-11-04,1951,6,REG,GB,17,DET,24,0
1951-11-04,1951,6,REG,LAR,23,SF,16,0
1951-11-04,1951,6,REG,PIT,13,PHI,34,0
1951-11-04,1951,6,REG,WSH,0,CHI,27,0
1951-11-04,1951,6,REG,ARI,17,CLE,34,0
1951-11-11,1951,7,REG,LAR,45,ARI,21,0
1951-11-11,1951,7,REG,CHI,28,DET,41,0
1951-11-11,1951,7,REG,SF,19,NYY,14,0
1951-11-11,1951,7,REG,PIT,28,GB,7,0
1951-11-11,1951,7,REG,CLE,20,PHI,17,0
1951-11-11,1951,7,REG,NYG,28,WSH,14,0
1951-11-18,1951,8,REG,LAR,48,NYY,21,0
1951-11-18,1951,8,REG,PHI,10,DET,28,0
1951-11-18,1951,8,REG,SF,21,ARI,27,0
1951-11-18,1951,8,REG,NYG,0,CLE,10,0
1951-11-18,1951,8,REG,PIT,7,WSH,22,0
1951-11-18,1951,8,REG,CHI,24,GB,13,0
1951-11-22,1951,8,REG,DET,52,GB,35,0
1951-11-25,1951,9,REG,CLE,42,CHI,21,0
1951-11-25,1951,9,REG,NYY,10,SF,10,0
1951-11-25,1951,9,REG,ARI,0,NYG,10,0
1951-11-25,1951,9,REG,WSH,31,LAR,21,0
1951-11-25,1951,9,REG,PHI,13,PIT,17,0
1951-12-02,1951,10,REG,CLE,49,ARI,28,0
1951-12-02,1951,10,REG,NYG,14,PIT,0,0
1951-12-02,1951,10,REG,GB,28,NYY,31,0
1951-12-02,1951,10,REG,WSH,21,PHI,35,0
1951-12-02,1951,10,REG,DET,10,SF,20,0
1951-12-02,1951,10,REG,CHI,17,LAR,42,0
1951-12-09,1951,11,REG,SF,31,GB,19,0
1951-12-09,1951,11,REG,LAR,22,DET,24,0
1951-12-09,1951,11,REG,NYY,21,CHI,45,0
1951-12-09,1951,11,REG,ARI,17,WSH,20,0
1951-12-09,1951,11,REG,PHI,7,NYG,23,0
1951-12-09,1951,11,REG,PIT,0,CLE,28,0
1951-12-16,1951,12,REG,WSH,10,PIT,20,0
1951-12-16,1951,12,REG,LAR,42,GB,14,0
1951-12-16,1951,12,REG,PHI,9,CLE,24,0
1951-12-16,1951,12,REG,CHI,14,ARI,24,0
1951-12-16,1951,12,REG,SF,21,DET,17,0
1951-12-16,1951,12,REG,NYY,17,NYG,27,0
1951-12-23,1951,,POST,LAR,24,CLE,17,0
1952-09-28,1952,1,REG,SF,17,DET,3,0
1952-09-28,1952,1,REG,GB,14,CHI,24,0
1952-09-28,1952,1,REG,DTX,6,NYG,24,0
1952-09-28,1952,1,REG,PIT,25,PHI,31,0
1952-09-28,1952,1,REG,CLE,37,LAR,7,0
1952-09-29,1952,1,REG,ARI,7,WSH,23,0
1952-10-03,1952,1,REG,LAR,14,DET,17,0
1952-10-04,1952,1,REG,PIT,20,CLE,21,0
1952-10-04,1952,1,REG,PHI,7,NYG,31,0
1952-10-05,1952,2,REG,DTX,14,SF,37,0
1952-10-05,1952,2,REG,GB,35,WSH,20,0
1952-10-05,1952,2,REG,ARI,21,CHI,10,0
1952-10-12,1952,3,REG,CLE,9,NYG,17,0
1952-10-12,1952,3,REG,WSH,6,ARI,17,0
1952-10-12,1952,3,REG,GB,28,LAR,30,0
1952-10-12,1952,3,REG,PHI,26,PIT,21,0
1952-10-12,1952,3,REG,DET,0,SF,28,0
1952-10-12,1952,3,REG,CHI,38,DTX,20,0
1952-10-18,1952,3,REG,DTX,14,GB,24,0
1952-10-19,1952,4,REG,CHI,16,SF,40,0
1952-10-19,1952,4,REG,PIT,24,WSH,28,0
1952-10-19,1952,4,REG,NYG,23,ARI,24,0
1952-10-19,1952,4,REG,PHI,7,CLE,49,0
1952-10-19,1952,4,REG,DET,24,LAR,16,0
1952-10-26,1952,5,REG,SF,48,DTX,21,0
1952-10-26,1952,5,REG,GB,17,DET,52,0
1952-10-26,1952,5,REG,ARI,28,PIT,34,0
1952-10-26,1952,5,REG,CLE,19,WSH,15,0
1952-10-26,1952,5,REG,LAR,31,CHI,7,0
1952-10-26,1952,5,REG,NYG,10,PHI,14,0
1952-11-02,1952,6,REG,SF,17,CHI,20,0
1952-11-02,1952,6,REG,LAR,42,DTX,20,0
1952-11-02,1952,6,REG,WSH,23,PIT,24,0
1952-11-02,1952,6,REG,GB,12,PHI,10,0
1952-11-02,1952,6,REG,ARI,6,NYG,28,0
1952-11-02,1952,6,REG,DET,17,CLE,6,0
1952-11-09,1952,7,REG,CHI,28,GB,41,0
1952-11-09,1952,7,REG,NYG,23,SF,14,0
1952-11-09,1952,7,REG,DTX,6,LAR,27,0
1952-11-09,1952,7,REG,PHI,38,WSH,20,0
1952-11-09,1952,7,REG,CLE,28,ARI,13,0
1952-11-09,1952,7,REG,PIT,6,DET,31,0
1952-11-16,1952,8,REG,CLE,29,PIT,28,0
1952-11-16,1952,8,REG,NYG,3,GB,17,0
1952-11-16,1952,8,REG,DET,43,DTX,13,0
1952-11-16,1952,8,REG,PHI,10,ARI,7,0
1952-11-16,1952,8,REG,CHI,24,LAR,40,0
1952-11-16,1952,8,REG,WSH,17,SF,23,0
1952-11-23,1952,9,REG,WSH,10,NYG,14,0
1952-11-23,1952,9,REG,PIT,17,ARI,14,0
1952-11-23,1952,9,REG,CHI,24,DET,23,0
1952-11-23,1952,9,REG,GB,42,DTX,14,0
1952-11-23,1952,9,REG,LAR,35,SF,9,0
1952-11-23,1952,9,REG,CLE,20,PHI,28,0
1952-11-27,1952,9,REG,DTX,27,CHI,23,0
1952-11-27,1952,9,REG,DET,48,GB,24,0
1952-11-30,1952,10,REG,WSH,24,CLE,48,0
1952-11-30,1952,10,REG,ARI,28,PHI,22,0
1952-11-30,1952,10,REG,PIT,63,NYG,7,0
1952-11-30,1952,10,REG,SF,21,LAR,34,0
1952-12-07,1952,11,REG,PHI,38,DTX,21,0
1952-12-07,1952,11,REG,NYG,17,WSH,27,0
1952-12-07,1952,11,REG,DET,45,CHI,21,0
1952-12-07,1952,11,REG,ARI,0,CLE,10,0
1952-12-07,1952,11,REG,LAR,45,GB,27,0
1952-12-07,1952,11,REG,SF,7,PIT,24,0
1952-12-13,1952,11,REG,DET,41,DTX,6,0
1952-12-14,1952,12,REG,WSH,27,PHI,21,0
1952-12-14,1952,12,REG,CHI,10,ARI,7,0
1952-12-14,1952,12,REG,SF,24,GB,14,0
1952-12-14,1952,12,REG,NYG,37,CLE,34,0
1952-12-14,1952,12,REG,LAR,28,PIT,14,0
1952-12-21,1952,,POST,DET,31,LAR,21,0
1952-12-28,1952,,POST,CLE,7,DET,17,0
1953-09-27,1953,1,REG,ARI,13,WSH,24,0
1953-09-27,1953,1,REG,DET,38,PIT,21,0
1953-09-27,1953,1,REG,SF,31,PHI,21,0
1953-09-27,1953,1,REG,GB,0,CLE,27,0
1953-09-27,1953,1,REG,IND,13,CHI,9,0
1953-09-27,1953,1,REG,LAR,21,NYG,7,0
1953-10-02,1953,1,REG,PHI,21,WSH,21,0
1953-10-03,1953,1,REG,IND,17,DET,27,0
1953-10-03,1953,1,REG,PIT,24,NYG,14,0
1953-10-04,1953,2,REG,GB,13,CHI,17,0
1953-10-04,1953,2,REG,SF,31,LAR,30,0
1953-10-04,1953,2,REG,ARI,7,CLE,27,0
1953-10-10,1953,2,REG,CLE,37,PHI,13,0
1953-10-11,1953,3,REG,DET,24,SF,21,0
1953-10-11,1953,3,REG,PIT,31,ARI,28,0
1953-10-11,1953,3,REG,WSH,13,NYG,9,0
1953-10-11,1953,3,REG,CHI,14,IND,16,0
1953-10-11,1953,3,REG,GB,20,LAR,38,0
1953-10-17,1953,3,REG,PHI,23,PIT,7,0
1953-10-18,1953,4,REG,DET,19,LAR,31,0
1953-10-18,1953,4,REG,WSH,14,CLE,30,0
1953-10-18,1953,4,REG,GB,37,IND,14,0
1953-10-18,1953,4,REG,CHI,28,SF,35,0
1953-10-18,1953,4,REG,NYG,21,ARI,7,0
1953-10-24,1953,4,REG,PIT,31,GB,14,0
1953-10-25,1953,5,REG,LAR,38,CHI,24,0
1953-10-25,1953,5,REG,SF,10,DET,14,0
1953-10-25,1953,5,REG,ARI,17,PHI,56,0
1953-10-25,1953,5,REG,IND,27,WSH,17,0
1953-10-25,1953,5,REG,NYG,0,CLE,7,0
1953-10-31,1953,5,REG,IND,24,GB,35,0
1953-11-01,1953,6,REG,LAR,37,DET,24,0
1953-11-01,1953,6,REG,SF,24,CHI,14,0
1953-11-01,1953,6,REG,PIT,7,PHI,35,0
1953-11-01,1953,6,REG,CLE,27,WSH,3,0
1953-11-01,1953,6,REG,ARI,20,NYG,23,0
1953-11-07,1953,6,REG,DET,17,IND,7,0
1953-11-08,1953,7,REG,CLE,34,PIT,16,0
1953-11-08,1953,7,REG,LAR,27,SF,31,0
1953-11-08,1953,7,REG,WSH,28,ARI,17,0
1953-11-08,1953,7,REG,CHI,21,GB,21,0
1953-11-08,1953,7,REG,PHI,30,NYG,7,0
1953-11-15,1953,8,REG,GB,7,DET,14,0
1953-11-15,1953,8,REG,NYG,10,PIT,14,0
1953-11-15,1953,8,REG,CLE,23,SF,21,0
1953-11-15,1953,8,REG,PHI,45,IND,14,0
1953-11-15,1953,8,REG,ARI,24,LAR,24,0
1953-11-15,1953,8,REG,WSH,24,CHI,27,0
1953-11-21,1953,8,REG,PHI,38,ARI,0,0
1953-11-22,1953,9,REG,IND,13,LAR,21,0
1953-11-22,1953,9,REG,GB,7,SF,37,0
1953-11-22,1953,9,REG,NYG,21,WSH,24,0
1953-11-22,1953,9,REG,CHI,16,DET,20,0
1953-11-22,1953,9,REG,PIT,16,CLE,20,0
1953-11-26,1953,9,REG,DET,34,GB,15,0
1953-11-29,1953,10,REG,CLE,27,ARI,16,0
1953-11-29,1953,10,REG,CHI,24,LAR,21,0
1953-11-29,1953,10,REG,NYG,37,PHI,28,0
1953-11-29,1953,10,REG,IND,21,SF,38,0
1953-11-29,1953,10,REG,PIT,9,WSH,17,0
1953-12-05,1953,10,REG,LAR,45,IND,2,0
1953-12-06,1953,11,REG,WSH,10,PHI,0,0
1953-12-06,1953,11,REG,DET,13,CHI,7,0
1953-12-06,1953,11,REG,SF,48,GB,14,0
1953-12-06,1953,11,REG,CLE,62,NYG,14,0
1953-12-06,1953,11,REG,ARI,17,PIT,21,0
1953-12-12,1953,11,REG,LAR,33,GB,17,0
1953-12-13,1953,12,REG,PHI,42,CLE,27,0
1953-12-13,1953,12,REG,CHI,17,ARI,24,0
1953-12-13,1953,12,REG,WSH,13,PIT,14,0
1953-12-13,1953,12,REG,NYG,16,DET,27,0
1953-12-13,1953,12,REG,SF,45,IND,14,0
1953-12-27,1953,,POST,DET,17,CLE,16,0
1954-09-26,1954,1,REG,PHI,28,CLE,10,0
1954-09-26,1954,1,REG,IND,0,LAR,48,0
1954-09-26,1954,1,REG,SF,41,WSH,7,0
1954-09-26,1954,1,REG,GB,20,PIT,21,0
1954-09-26,1954,1,REG,ARI,10,NYG,41,0
1954-09-26,1954,1,REG,DET,48,CHI,23,0
1954-10-02,1954,1,REG,PIT,37,WSH,7,0
1954-10-02,1954,1,REG,IND,20,NYG,14,0
1954-10-03,1954,2,REG,LAR,24,SF,24,0
1954-10-03,1954,2,REG,ARI,16,PHI,35,0
1954-10-03,1954,2,REG,GB,3,CHI,10,0
1954-10-09,1954,2,REG,PHI,24,PIT,22,0
1954-10-10,1954,3,REG,WSH,21,NYG,51,0
1954-10-10,1954,3,REG,CHI,28,IND,9,0
1954-10-10,1954,3,REG,DET,21,LAR,3,0
1954-10-10,1954,3,REG,GB,17,SF,23,0
1954-10-10,1954,3,REG,CLE,31,ARI,7,0
1954-10-16,1954,3,REG,DET,35,IND,0,0
1954-10-17,1954,4,REG,NYG,31,ARI,17,0
1954-10-17,1954,4,REG,CHI,24,SF,31,0
1954-10-17,1954,4,REG,WSH,21,PHI,49,0
1954-10-17,1954,4,REG,GB,35,LAR,17,0
1954-10-17,1954,4,REG,PIT,55,CLE,27,0
1954-10-23,1954,4,REG,PIT,17,PHI,7,0
1954-10-24,1954,5,REG,IND,6,GB,7,0
1954-10-24,1954,5,REG,ARI,3,CLE,35,0
1954-10-24,1954,5,REG,LAR,42,CHI,38,0
1954-10-24,1954,5,REG,SF,37,DET,31,0
1954-10-24,1954,5,REG,NYG,24,WSH,7,0
1954-10-30,1954,5,REG,PHI,14,GB,37,0
1954-10-31,1954,6,REG,ARI,17,PIT,14,0
1954-10-31,1954,6,REG,WSH,24,IND,21,0
1954-10-31,1954,6,REG,LAR,24,DET,27,0
1954-10-31,1954,6,REG,SF,27,CHI,31,0
1954-10-31,1954,6,REG,CLE,24,NYG,14,0
1954-11-06,1954,6,REG,IND,3,DET,27,0
1954-11-07,1954,7,REG,CLE,62,WSH,3,0
1954-11-07,1954,7,REG,PIT,6,NYG,30,0
1954-11-07,1954,7,REG,SF,34,LAR,42,0
1954-11-07,1954,7,REG,CHI,28,GB,23,0
1954-11-07,1954,7,REG,PHI,30,ARI,14,0
1954-11-13,1954,7,REG,GB,24,IND,13,0
1954-11-14,1954,8,REG,LAR,28,ARI,17,0
1954-11-14,1954,8,REG,DET,48,SF,7,0
1954-11-14,1954,8,REG,WSH,17,PIT,14,0
1954-11-14,1954,8,REG,NYG,27,PHI,14,0
1954-11-14,1954,8,REG,CHI,10,CLE,39,0
1954-11-20,1954,8,REG,PIT,3,SF,31,0
1954-11-21,1954,9,REG,NYG,16,LAR,17,0
1954-11-21,1954,9,REG,CLE,6,PHI,0,0
1954-11-21,1954,9,REG,IND,13,CHI,28,0
1954-11-21,1954,9,REG,GB,17,DET,21,0
1954-11-21,1954,9,REG,ARI,38,WSH,16,0
1954-11-25,1954,9,REG,DET,28,GB,24,0
1954-11-28,1954,10,REG,NYG,7,CLE,16,0
1954-11-28,1954,10,REG,CHI,24,LAR,13,0
1954-11-28,1954,10,REG,PHI,41,WSH,33,0
1954-11-28,1954,10,REG,IND,17,SF,13,0
1954-11-28,1954,10,REG,PIT,20,ARI,17,0
1954-12-04,1954,10,REG,LAR,21,IND,22,0
1954-12-05,1954,11,REG,WSH,14,CLE,34,0
1954-12-05,1954,11,REG,SF,35,GB,0,0
1954-12-05,1954,11,REG,ARI,7,CHI,29,0
1954-12-05,1954,11,REG,NYG,24,PIT,3,0
1954-12-05,1954,11,REG,DET,13,PHI,13,0
1954-12-11,1954,11,REG,SF,10,IND,7,0
1954-12-12,1954,12,REG,CLE,42,PIT,7,0
1954-12-12,1954,12,REG,PHI,29,NYG,14,0
1954-12-12,1954,12,REG,CHI,28,DET,24,0
1954-12-12,1954,12,REG,WSH,37,ARI,20,0
1954-12-12,1954,12,REG,LAR,35,GB,27,0
1954-12-19,1954,13,REG,CLE,10,DET,14,0
1954-12-26,1954,,POST,CLE,56,DET,10,0
1955-09-24,1955,1,REG,PHI,27,NYG,17,0
1955-09-25,1955,1,REG,SF,14,LAR,23,0
1955-09-25,1955,1,REG,CLE,17,WSH,27,0
1955-09-25,1955,1,REG,GB,20,DET,17,0
1955-09-25,1955,1,REG,IND,23,CHI,17,0
1955-09-26,1955,1,REG,PIT,14,ARI,7,0
1955-10-01,1955,2,REG,PHI,30,WSH,31,0
1955-10-01,1955,2,REG,IND,28,DET,13,0
1955-10-02,1955,2,REG,LAR,27,PIT,26,0
1955-10-02,1955,2,REG,GB,24,CHI,3,0
1955-10-02,1955,2,REG,ARI,28,NYG,17,0
1955-10-02,1955,2,REG,SF,3,CLE,38,0
1955-10-08,1955,3,REG,GB,20,IND,24,0
1955-10-09,1955,3,REG,CHI,19,SF,20,0
1955-10-09,1955,3,REG,DET,10,LAR,17,0
1955-10-09,1955,3,REG,WSH,10,ARI,24,0
1955-10-09,1955,3,REG,PIT,30,NYG,23,0
1955-10-09,1955,3,REG,CLE,21,PHI,17,0
1955-10-15,1955,4,REG,PIT,13,PHI,7,0
1955-10-16,1955,4,REG,WSH,14,CLE,24,0
1955-10-16,1955,4,REG,CHI,38,IND,10,0
1955-10-16,1955,4,REG,NYG,10,ARI,0,0
1955-10-16,1955,4,REG,GB,30,LAR,28,0
1955-10-16,1955,4,REG,DET,24,SF,27,0
1955-10-23,1955,5,REG,CLE,41,GB,10,0
1955-10-23,1955,5,REG,LAR,24,DET,13,0
1955-10-23,1955,5,REG,IND,13,WSH,14,0
1955-10-23,1955,5,REG,NYG,17,PIT,19,0
1955-10-23,1955,5,REG,ARI,24,PHI,24,0
1955-10-23,1955,5,REG,SF,23,CHI,34,0
1955-10-29,1955,6,REG,IND,14,GB,10,0
1955-10-30,1955,6,REG,NYG,35,WSH,7,0
1955-10-30,1955,6,REG,LAR,20,CHI,31,0
1955-10-30,1955,6,REG,ARI,20,CLE,26,0
1955-10-30,1955,6,REG,SF,38,DET,21,0
1955-10-30,1955,6,REG,PHI,24,PIT,0,0
1955-11-05,1955,7,REG,ARI,27,PIT,13,0
1955-11-05,1955,7,REG,DET,24,IND,14,0
1955-11-06,1955,7,REG,CHI,52,GB,31,0
1955-11-06,1955,7,REG,LAR,27,SF,14,0
1955-11-06,1955,7,REG,WSH,34,PHI,21,0
1955-11-06,1955,7,REG,CLE,24,NYG,14,0
1955-11-13,1955,8,REG,PIT,28,DET,31,0
1955-11-13,1955,8,REG,PHI,33,CLE,17,0
1955-11-13,1955,8,REG,GB,31,ARI,14,0
1955-11-13,1955,8,REG,NYG,17,IND,7,0
1955-11-13,1955,8,REG,WSH,7,SF,0,0
1955-11-13,1955,8,REG,CHI,24,LAR,3,0
1955-11-20,1955,9,REG,GB,27,SF,21,0
1955-11-20,1955,9,REG,NYG,31,PHI,7,0
1955-11-20,1955,9,REG,DET,14,CHI,24,0
1955-11-20,1955,9,REG,IND,17,LAR,17,0
1955-11-20,1955,9,REG,CLE,41,PIT,14,0
1955-11-20,1955,9,REG,ARI,0,WSH,31,0
1955-11-24,1955,9,REG,DET,24,GB,10,0
1955-11-27,1955,10,REG,IND,26,SF,14,0
1955-11-27,1955,10,REG,ARI,53,CHI,14,0
1955-11-27,1955,10,REG,PHI,21,LAR,23,0
1955-11-27,1955,10,REG,PIT,14,WSH,23,0
1955-11-27,1955,10,REG,NYG,35,CLE,35,0
1955-12-04,1955,11,REG,PHI,27,ARI,3,0
1955-12-04,1955,11,REG,LAR,20,IND,14,0
1955-12-04,1955,11,REG,WSH,20,NYG,27,0
1955-12-04,1955,11,REG,SF,7,GB,28,0
1955-12-04,1955,11,REG,CHI,21,DET,20,0
1955-12-04,1955,11,REG,PIT,7,CLE,30,0
1955-12-11,1955,12,REG,WSH,28,PIT,17,0
1955-12-11,1955,12,REG,SF,35,IND,24,0
1955-12-11,1955,12,REG,CLE,35,ARI,24,0
1955-12-11,1955,12,REG,DET,19,NYG,24,0
1955-12-11,1955,12,REG,CHI,17,PHI,10,0
1955-12-11,1955,12,REG,LAR,31,GB,17,0
1955-12-26,1955,,POST,LAR,14,CLE,38,0
1956-09-30,1956,1,REG,GB,16,DET,20,0
1956-09-30,1956,1,REG,LAR,27,PHI,7,0
1956-09-30,1956,1,REG,SF,21,NYG,38,0
1956-09-30,1956,1,REG,IND,28,CHI,21,0
1956-09-30,1956,1,REG,PIT,30,WSH,13,0
1956-09-30,1956,1,REG,ARI,9,CLE,7,0
1956-10-06,1956,1,REG,PHI,13,WSH,9,0
1956-10-06,1956,1,REG,PIT,10,CLE,14,0
1956-10-06,1956,1,REG,IND,14,DET,31,0
1956-10-07,1956,2,REG,ARI,35,NYG,27,0
1956-10-07,1956,2,REG,SF,33,LAR,30,0
1956-10-07,1956,2,REG,GB,21,CHI,37,0
1956-10-14,1956,3,REG,PIT,21,PHI,35,0
1956-10-14,1956,3,REG,DET,24,LAR,21,0
1956-10-14,1956,3,REG,GB,38,IND,33,0
1956-10-14,1956,3,REG,CLE,9,NYG,21,0
1956-10-14,1956,3,REG,WSH,3,ARI,31,0
1956-10-14,1956,3,REG,CHI,31,SF,7,0
1956-10-21,1956,4,REG,CHI,58,IND,27,0
1956-10-21,1956,4,REG,PHI,6,ARI,20,0
1956-10-21,1956,4,REG,NYG,38,PIT,10,0
1956-10-21,1956,4,REG,DET,20,SF,17,0
1956-10-21,1956,4,REG,GB,42,LAR,17,0
1956-10-21,1956,4,REG,WSH,20,CLE,9,0
1956-10-28,1956,5,REG,SF,21,CHI,38,0
1956-10-28,1956,5,REG,ARI,14,WSH,17,0
1956-10-28,1956,5,REG,CLE,16,PIT,24,0
1956-10-28,1956,5,REG,NYG,20,PHI,3,0
1956-10-28,1956,5,REG,IND,28,GB,21,0
1956-10-28,1956,5,REG,LAR,7,DET,16,0
1956-11-04,1956,6,REG,SF,13,DET,17,0
1956-11-04,1956,6,REG,ARI,28,PHI,17,0
1956-11-04,1956,6,REG,LAR,24,CHI,35,0
1956-11-04,1956,6,REG,PIT,14,NYG,17,0
1956-11-04,1956,6,REG,GB,7,CLE,24,0
1956-11-11,1956,7,REG,CHI,38,GB,14,0
1956-11-11,1956,7,REG,NYG,23,ARI,10,0
1956-11-11,1956,7,REG,WSH,18,DET,17,0
1956-11-11,1956,7,REG,PHI,14,PIT,7,0
1956-11-11,1956,7,REG,CLE,7,IND,21,0
1956-11-11,1956,7,REG,LAR,30,SF,6,0
1956-11-18,1956,8,REG,PIT,14,ARI,7,0
1956-11-18,1956,8,REG,DET,27,IND,3,0
1956-11-18,1956,8,REG,PHI,0,CLE,16,0
1956-11-18,1956,8,REG,CHI,30,LAR,21,0
1956-11-18,1956,8,REG,GB,16,SF,17,0
1956-11-18,1956,8,REG,WSH,33,NYG,7,0
1956-11-22,1956,8,REG,DET,20,GB,24,0
1956-11-25,1956,9,REG,NYG,17,CHI,17,0
1956-11-25,1956,9,REG,ARI,38,PIT,27,0
1956-11-25,1956,9,REG,PHI,10,SF,10,0
1956-11-25,1956,9,REG,IND,56,LAR,21,0
1956-11-25,1956,9,REG,CLE,17,WSH,20,0
1956-12-02,1956,10,REG,CLE,17,PHI,14,0
1956-12-02,1956,10,REG,NYG,28,WSH,14,0
1956-12-02,1956,10,REG,DET,42,CHI,10,0
1956-12-02,1956,10,REG,ARI,21,GB,24,0
1956-12-02,1956,10,REG,IND,17,SF,20,0
1956-12-02,1956,10,REG,PIT,30,LAR,13,0
1956-12-08,1956,10,REG,SF,38,GB,20,0
1956-12-09,1956,11,REG,LAR,31,IND,7,0
1956-12-09,1956,11,REG,DET,45,PIT,7,0
1956-12-09,1956,11,REG,CHI,10,ARI,3,0
1956-12-09,1956,11,REG,WSH,19,PHI,17,0
1956-12-09,1956,11,REG,NYG,7,CLE,24,0
1956-12-15,1956,11,REG,PHI,7,NYG,21,0
1956-12-16,1956,12,REG,SF,30,IND,17,0
1956-12-16,1956,12,REG,CLE,7,ARI,24,0
1956-12-16,1956,12,REG,LAR,49,GB,21,0
1956-12-16,1956,12,REG,CHI,38,DET,21,0
1956-12-16,1956,12,REG,WSH,0,PIT,23,0
1956-12-23,1956,13,REG,IND,19,WSH,17,0
1956-12-30,1956,,POST,NYG,47,CHI,7,0
1957-09-29,1957,1,REG,PIT,28,WSH,7,0
1957-09-29,1957,1,REG,SF,10,ARI,20,0
1957-09-29,1957,1,REG,GB,21,CHI,17,0
1957-09-29,1957,1,REG,CLE,6,NYG,3,0
1957-09-29,1957,1,REG,LAR,17,PHI,13,0
1957-09-29,1957,1,REG,IND,34,DET,14,0
1957-10-05,1957,1,REG,PHI,20,NYG,24,0
1957-10-05,1957,1,REG,PIT,12,CLE,23,0
1957-10-05,1957,1,REG,IND,21,CHI,10,0
1957-10-06,1957,2,REG,ARI,14,WSH,37,0
1957-10-06,1957,2,REG,SF,23,LAR,20,0
1957-10-06,1957,2,REG,GB,14,DET,24,0
1957-10-13,1957,3,REG,GB,17,IND,45,0
1957-10-13,1957,3,REG,CHI,17,SF,21,0
1957-10-13,1957,3,REG,CLE,24,PHI,7,0
1957-10-13,1957,3,REG,DET,10,LAR,7,0
1957-10-13,1957,3,REG,WSH,20,NYG,24,0
1957-10-13,1957,3,REG,PIT,29,ARI,20,0
1957-10-20,1957,4,REG,GB,14,SF,24,0
1957-10-20,1957,4,REG,WSH,14,ARI,44,0
1957-10-20,1957,4,REG,DET,31,IND,27,0
1957-10-20,1957,4,REG,CHI,34,LAR,26,0
1957-10-20,1957,4,REG,PHI,17,CLE,7,0
1957-10-20,1957,4,REG,NYG,35,PIT,0,0
1957-10-27,1957,5,REG,LAR,35,DET,17,0
1957-10-27,1957,5,REG,ARI,7,CLE,17,0
1957-10-27,1957,5,REG,NYG,14,WSH,31,0
1957-10-27,1957,5,REG,PIT,6,PHI,0,0
1957-10-27,1957,5,REG,SF,21,CHI,17,0
1957-10-27,1957,5,REG,IND,21,GB,24,0
1957-11-03,1957,6,REG,GB,17,NYG,31,0
1957-11-03,1957,6,REG,IND,13,PIT,19,0
1957-11-03,1957,6,REG,SF,35,DET,31,0
1957-11-03,1957,6,REG,CLE,21,WSH,17,0
1957-11-03,1957,6,REG,ARI,21,PHI,38,0
1957-11-03,1957,6,REG,LAR,10,CHI,16,0
1957-11-10,1957,7,REG,PHI,16,DET,27,0
1957-11-10,1957,7,REG,LAR,37,SF,24,0
1957-11-10,1957,7,REG,CHI,21,GB,14,0
1957-11-10,1957,7,REG,WSH,17,IND,21,0
1957-11-10,1957,7,REG,CLE,24,PIT,0,0
1957-11-10,1957,7,REG,NYG,27,ARI,14,0
1957-11-17,1957,8,REG,WSH,30,CLE,30,0
1957-11-17,1957,8,REG,DET,31,SF,10,0
1957-11-17,1957,8,REG,CHI,14,IND,29,0
1957-11-17,1957,8,REG,NYG,13,PHI,0,0
1957-11-17,1957,8,REG,GB,27,LAR,31,0
1957-11-24,1957,9,REG,CLE,45,LAR,31,0
1957-11-24,1957,9,REG,PIT,10,GB,27,0
1957-11-24,1957,9,REG,IND,27,SF,21,0
1957-11-24,1957,9,REG,ARI,21,NYG,28,0
1957-11-24,1957,9,REG,DET,7,CHI,27,0
1957-11-24,1957,9,REG,PHI,21,WSH,12,0
1957-11-28,1957,9,REG,DET,18,GB,6,0
1957-12-01,1957,10,REG,CHI,3,WSH,14,0
1957-12-01,1957,10,REG,CLE,31,ARI,0,0
1957-12-01,1957,10,REG,IND,31,LAR,14,0
1957-12-01,1957,10,REG,PHI,7,PIT,6,0
1957-12-01,1957,10,REG,NYG,17,SF,27,0
1957-12-07,1957,10,REG,PIT,21,NYG,10,0
1957-12-08,1957,11,REG,DET,20,CLE,7,0
1957-12-08,1957,11,REG,LAR,42,GB,17,0
1957-12-08,1957,11,REG,ARI,6,CHI,14,0
1957-12-08,1957,11,REG,WSH,42,PHI,7,0
1957-12-08,1957,11,REG,SF,17,IND,13,0
1957-12-14,1957,11,REG,PHI,27,ARI,31,0
1957-12-15,1957,12,REG,WSH,10,PIT,3,0
1957-12-15,1957,12,REG,NYG,28,CLE,34,0
1957-12-15,1957,12,REG,SF,27,GB,20,0
1957-12-15,1957,12,REG,LAR,37,IND,21,0
1957-12-15,1957,12,REG,CHI,13,DET,21,0
1957-12-22,1957,13,REG,ARI,2,PIT,27,0
1957-12-22,1957,,POST,SF,27,DET,31,0
1957-12-29,1957,,POST,DET,59,CLE,14,0
1958-09-28,1958,1,REG,GB,20,CHI,34,0
1958-09-28,1958,1,REG,SF,23,PIT,20,0
1958-09-28,1958,1,REG,PHI,14,WSH,24,0
1958-09-28,1958,1,REG,LAR,27,CLE,30,0
1958-09-28,1958,1,REG,ARI,7,NYG,37,0
1958-09-28,1958,1,REG,IND,28,DET,15,0
1958-10-04,1958,1,REG,ARI,37,WSH,10,0
1958-10-04,1958,1,REG,IND,51,CHI,38,0
1958-10-05,1958,2,REG,GB,13,DET,13,0
1958-10-05,1958,2,REG,PIT,12,CLE,45,0
1958-10-05,1958,2,REG,SF,3,LAR,33,0
1958-10-05,1958,2,REG,PHI,27,NYG,24,0
1958-10-12,1958,3,REG,CHI,28,SF,6,0
1958-10-12,1958,3,REG,DET,28,LAR,42,0
1958-10-12,1958,3,REG,GB,17,IND,24,0
1958-10-12,1958,3,REG,PIT,24,PHI,3,0
1958-10-12,1958,3,REG,WSH,14,NYG,21,0
1958-10-12,1958,3,REG,CLE,35,ARI,28,0
1958-10-19,1958,4,REG,CLE,27,PIT,10,0
1958-10-19,1958,4,REG,CHI,31,LAR,10,0
1958-10-19,1958,4,REG,NYG,6,ARI,23,0
1958-10-19,1958,4,REG,WSH,37,GB,21,0
1958-10-19,1958,4,REG,DET,14,IND,40,0
1958-10-19,1958,4,REG,PHI,24,SF,30,0
1958-10-26,1958,5,REG,GB,38,PHI,35,0
1958-10-26,1958,5,REG,SF,14,CHI,27,0
1958-10-26,1958,5,REG,IND,35,WSH,10,0
1958-10-26,1958,5,REG,LAR,24,DET,41,0
1958-10-26,1958,5,REG,NYG,17,PIT,6,0
1958-10-26,1958,5,REG,ARI,24,CLE,38,0
1958-11-02,1958,6,REG,CLE,17,NYG,21,0
1958-11-02,1958,6,REG,SF,24,DET,21,0
1958-11-02,1958,6,REG,LAR,41,CHI,35,0
1958-11-02,1958,6,REG,IND,56,GB,0,0
1958-11-02,1958,6,REG,PIT,24,WSH,16,0
1958-11-02,1958,6,REG,ARI,21,PHI,21,0
1958-11-09,1958,7,REG,NYG,24,IND,21,0
1958-11-09,1958,7,REG,LAR,56,SF,7,0
1958-11-09,1958,7,REG,PHI,24,PIT,31,0
1958-11-09,1958,7,REG,CHI,24,GB,10,0
1958-11-09,1958,7,REG,CLE,10,DET,30,0
1958-11-09,1958,7,REG,WSH,45,ARI,31,0
1958-11-16,1958,8,REG,GB,7,LAR,20,0
1958-11-16,1958,8,REG,DET,35,SF,21,0
1958-11-16,1958,8,REG,PIT,31,NYG,10,0
1958-11-16,1958,8,REG,PHI,49,ARI,21,0
1958-11-16,1958,8,REG,CHI,0,IND,17,0
1958-11-16,1958,8,REG,WSH,10,CLE,20,0
1958-11-23,1958,9,REG,CLE,28,PHI,14,0
1958-11-23,1958,9,REG,GB,12,SF,33,0
1958-11-23,1958,9,REG,ARI,20,PIT,27,0
1958-11-23,1958,9,REG,DET,7,CHI,20,0
1958-11-23,1958,9,REG,IND,34,LAR,7,0
1958-11-23,1958,9,REG,NYG,30,WSH,0,0
1958-11-27,1958,9,REG,DET,24,GB,14,0
1958-11-30,1958,10,REG,ARI,14,LAR,20,0
1958-11-30,1958,10,REG,PIT,24,CHI,10,0
1958-11-30,1958,10,REG,CLE,21,WSH,14,0
1958-11-30,1958,10,REG,IND,35,SF,27,0
1958-11-30,1958,10,REG,NYG,24,PHI,10,0
1958-12-06,1958,10,REG,LAR,30,IND,28,0
1958-12-07,1958,11,REG,DET,17,NYG,19,0
1958-12-07,1958,11,REG,SF,48,GB,21,0
1958-12-07,1958,11,REG,PHI,14,CLE,21,0
1958-12-07,1958,11,REG,CHI,30,ARI,14,0
1958-12-07,1958,11,REG,WSH,14,PIT,14,0
1958-12-13,1958,11,REG,PIT,38,ARI,21,0
1958-12-14,1958,12,REG,LAR,34,GB,20,0
1958-12-14,1958,12,REG,NYG,13,CLE,10,0
1958-12-14,1958,12,REG,SF,21,IND,12,0
1958-12-14,1958,12,REG,CHI,21,DET,16,0
1958-12-14,1958,12,REG,WSH,20,PHI,0,0
1958-12-21,1958,,POST,NYG,10,CLE,0,0
1958-12-28,1958,,POST,NYG,17,IND,23,0
1959-09-26,1959,1,REG,LAR,21,NYG,23,0
1959-09-26,1959,1,REG,PIT,17,CLE,7,0
1959-09-27,1959,1,REG,GB,9,CHI,6,0
1959-09-27,1959,1,REG,ARI,49,WSH,21,0
1959-09-27,1959,1,REG,SF,24,PHI,14,0
1959-09-27,1959,1,REG,IND,21,DET,9,0
1959-10-03,1959,2,REG,IND,21,CHI,26,0
1959-10-04,1959,2,REG,GB,28,DET,10,0
1959-10-04,1959,2,REG,PIT,17,WSH,23,0
1959-10-04,1959,2,REG,SF,34,LAR,0,0
1959-10-04,1959,2,REG,PHI,49,NYG,21,0
1959-10-04,1959,2,REG,ARI,7,CLE,34,0
1959-10-11,1959,3,REG,PHI,28,PIT,24,0
1959-10-11,1959,3,REG,DET,24,IND,31,0
1959-10-11,1959,3,REG,WSH,23,ARI,14,0
1959-10-11,1959,3,REG,CLE,6,NYG,10,0
1959-10-11,1959,3,REG,GB,21,SF,20,0
1959-10-11,1959,3,REG,CHI,21,LAR,28,0
1959-10-18,1959,4,REG,CLE,17,ARI,7,0
1959-10-18,1959,4,REG,GB,6,LAR,45,0
1959-10-18,1959,4,REG,NYG,24,PHI,7,0
1959-10-18,1959,4,REG,WSH,6,PIT,27,0
1959-10-18,1959,4,REG,CHI,7,IND,21,0
1959-10-18,1959,4,REG,DET,13,SF,34,0
1959-10-25,1959,5,REG,LAR,7,DET,17,0
1959-10-25,1959,5,REG,PIT,16,NYG,21,0
1959-10-25,1959,5,REG,IND,38,GB,21,0
1959-10-25,1959,5,REG,CLE,34,WSH,7,0
1959-10-25,1959,5,REG,SF,20,CHI,17,0
1959-10-25,1959,5,REG,ARI,24,PHI,28,0
1959-11-01,1959,6,REG,IND,31,CLE,38,0
1959-11-01,1959,6,REG,LAR,21,CHI,26,0
1959-11-01,1959,6,REG,PHI,30,WSH,23,0
1959-11-01,1959,6,REG,ARI,45,PIT,24,0
1959-11-01,1959,6,REG,NYG,20,GB,3,0
1959-11-01,1959,6,REG,SF,33,DET,7,0
1959-11-08,1959,7,REG,CHI,28,GB,17,0
1959-11-08,1959,7,REG,WSH,27,IND,24,0
1959-11-08,1959,7,REG,LAR,16,SF,24,0
1959-11-08,1959,7,REG,NYG,9,ARI,3,0
1959-11-08,1959,7,REG,CLE,28,PHI,7,0
1959-11-08,1959,7,REG,PIT,10,DET,10,0
1959-11-15,1959,8,REG,CHI,14,SF,3,0
1959-11-15,1959,8,REG,WSH,17,CLE,31,0
1959-11-15,1959,8,REG,NYG,9,PIT,14,0
1959-11-15,1959,8,REG,PHI,27,ARI,17,0
1959-11-15,1959,8,REG,GB,24,IND,28,0
1959-11-15,1959,8,REG,DET,23,LAR,17,0
1959-11-22,1959,9,REG,GB,21,WSH,0,0
1959-11-22,1959,9,REG,CLE,20,PIT,21,0
1959-11-22,1959,9,REG,DET,14,CHI,24,0
1959-11-22,1959,9,REG,PHI,23,LAR,20,0
1959-11-22,1959,9,REG,ARI,20,NYG,30,0
1959-11-22,1959,9,REG,IND,45,SF,14,0
1959-11-26,1959,9,REG,DET,17,GB,24,0
1959-11-29,1959,10,REG,IND,35,LAR,21,0
1959-11-29,1959,10,REG,PIT,31,PHI,0,0
1959-11-29,1959,10,REG,ARI,7,CHI,31,0
1959-11-29,1959,10,REG,CLE,20,SF,21,0
1959-11-29,1959,10,REG,NYG,45,WSH,14,0
1959-12-05,1959,11,REG,SF,14,IND,34,0
1959-12-06,1959,11,REG,DET,45,ARI,21,0
1959-12-06,1959,11,REG,CHI,27,PIT,21,0
1959-12-06,1959,11,REG,LAR,20,GB,38,0
1959-12-06,1959,11,REG,NYG,48,CLE,7,0
1959-12-06,1959,11,REG,WSH,14,PHI,34,0
1959-12-12,1959,12,REG,LAR,26,IND,45,0
1959-12-13,1959,12,REG,PHI,21,CLE,28,0
1959-12-13,1959,12,REG,PIT,35,ARI,20,0
1959-12-13,1959,12,REG,CHI,25,DET,14,0
1959-12-13,1959,12,REG,SF,14,GB,36,0
1959-12-13,1959,12,REG,WSH,10,NYG,24,0
1959-12-27,1959,,POST,IND,31,NYG,16,0
1960-09-09,1960,1,REG,NE,10,DEN,13,0
1960-09-10,1960,1,REG,LAC,21,KC,20,0
1960-09-11,1960,1,REG,OAK,22,TEN,37,0
1960-09-11,1960,1,REG,NYJ,27,BUF,3,0
1960-09-16,1960,2,REG,OAK,16,KC,34,0
1960-09-17,1960,2,REG,NYJ,24,NE,28,0
1960-09-18,1960,2,REG,TEN,38,LAC,28,0
1960-09-18,1960,2,REG,BUF,21,DEN,27,0
1960-09-23,1960,3,REG,NE,0,BUF,13,0
1960-09-23,1960,3,REG,NYJ,28,DEN,24,0
1960-09-23,1960,3,REG,LAR,21,ARI,43,0
1960-09-24,1960,3,REG,DAL,28,PIT,35,0
1960-09-25,1960,3,REG,KC,17,LAC,0,0
1960-09-25,1960,3,REG,IND,20,WSH,0,0
1960-09-25,1960,3,REG,TEN,13,OAK,14,0
1960-09-25,1960,3,REG,GB,14,CHI,17,0
1960-09-25,1960,3,REG,SF,19,NYG,21,0
1960-09-25,1960,3,REG,PHI,24,CLE,41,0
1960-09-30,1960,4,REG,DAL,25,PHI,27,0
1960-10-02,1960,4,REG,GB,28,DET,9,0
1960-10-02,1960,4,REG,BUF,10,LAC,24,0
1960-10-02,1960,4,REG,IND,42,CHI,7,0
1960-10-02,1960,4,REG,SF,13,LAR,9,0
1960-10-02,1960,4,REG,ARI,14,NYG,35,0
1960-10-02,1960,4,REG,KC,35,NYJ,37,0
1960-10-02,1960,4,REG,CLE,28,PIT,20,0
1960-10-02,1960,4,REG,DEN,31,OAK,14,0
1960-10-08,1960,5,REG,LAC,0,NE,35,0
1960-10-09,1960,5,REG,KC,19,OAK,20,0
1960-10-09,1960,5,REG,DET,10,SF,14,0
1960-10-09,1960,5,REG,TEN,27,NYJ,21,0
1960-10-09,1960,5,REG,CHI,34,LAR,27,0
1960-10-09,1960,5,REG,GB,35,IND,21,0
1960-10-09,1960,5,REG,PHI,31,ARI,27,0
1960-10-09,1960,5,REG,WSH,26,DAL,14,0
1960-10-09,1960,5,REG,PIT,17,NYG,19,0
1960-10-16,1960,6,REG,PIT,27,ARI,14,0
1960-10-16,1960,6,REG,PHI,28,DET,10,0
1960-10-16,1960,6,REG,TEN,20,KC,10,0
1960-10-16,1960,6,REG,OAK,27,NE,14,0
1960-10-16,1960,6,REG,BUF,13,NYJ,17,0
1960-10-16,1960,6,REG,DEN,19,LAC,23,0
1960-10-16,1960,6,REG,CHI,27,SF,10,0
1960-10-16,1960,6,REG,IND,31,LAR,17,0
1960-10-16,1960,6,REG,NYG,24,WSH,24,0
1960-10-16,1960,6,REG,DAL,7,CLE,48,0
1960-10-23,1960,7,REG,DET,30,IND,17,0
1960-10-23,1960,7,REG,DEN,31,NE,24,0
1960-10-23,1960,7,REG,NYJ,28,TEN,42,0
1960-10-23,1960,7,REG,WSH,27,PIT,27,0
1960-10-23,1960,7,REG,BUF,38,OAK,9,0
1960-10-23,1960,7,REG,GB,41,SF,14,0
1960-10-23,1960,7,REG,LAR,24,CHI,24,0
1960-10-23,1960,7,REG,CLE,29,PHI,31,0
1960-10-23,1960,7,REG,ARI,12,DAL,10,0
1960-10-28,1960,8,REG,NYJ,27,OAK,28,0
1960-10-28,1960,8,REG,NE,16,LAC,45,0
1960-10-30,1960,8,REG,NYG,13,ARI,20,0
1960-10-30,1960,8,REG,SF,25,CHI,7,0
1960-10-30,1960,8,REG,WSH,10,CLE,31,0
1960-10-30,1960,8,REG,DAL,7,IND,45,0
1960-10-30,1960,8,REG,PIT,13,GB,19,0
1960-10-30,1960,8,REG,DEN,14,KC,17,0
1960-10-30,1960,8,REG,BUF,25,TEN,24,0
1960-10-30,1960,8,REG,LAR,48,DET,35,0
1960-11-04,1960,9,REG,NE,34,OAK,28,0
1960-11-04,1960,9,REG,NYJ,7,LAC,21,0
1960-11-06,1960,9,REG,DAL,13,LAR,38,0
1960-11-06,1960,9,REG,IND,38,GB,24,0
1960-11-06,1960,9,REG,BUF,28,KC,45,0
1960-11-06,1960,9,REG,ARI,44,WSH,7,0
1960-11-06,1960,9,REG,CLE,13,NYG,17,0
1960-11-06,1960,9,REG,DEN,25,TEN,45,0
1960-11-06,1960,9,REG,PHI,34,PIT,7,0
1960-11-06,1960,9,REG,SF,0,DET,24,0
1960-11-11,1960,10,REG,NE,38,NYJ,21,0
1960-11-13,1960,10,REG,CLE,28,ARI,27,0
1960-11-13,1960,10,REG,NYG,27,PIT,24,0
1960-11-13,1960,10,REG,GB,41,DAL,7,0
1960-11-13,1960,10,REG,KC,34,DEN,7,0
1960-11-13,1960,10,REG,LAC,24,TEN,21,0
1960-11-13,1960,10,REG,PHI,19,WSH,13,0
1960-11-13,1960,10,REG,DET,12,LAR,10,0
1960-11-13,1960,10,REG,OAK,20,BUF,7,0
1960-11-13,1960,10,REG,CHI,20,IND,24,0
1960-11-18,1960,11,REG,NE,42,KC,14,0
1960-11-20,1960,11,REG,NYG,10,PHI,17,0
1960-11-20,1960,11,REG,CHI,28,DET,7,0
1960-11-20,1960,11,REG,TEN,20,DEN,10,0
1960-11-20,1960,11,REG,GB,31,LAR,33,0
1960-11-20,1960,11,REG,WSH,14,ARI,26,0
1960-11-20,1960,11,REG,LAC,3,BUF,32,0
1960-11-20,1960,11,REG,PIT,14,CLE,10,0
1960-11-20,1960,11,REG,DAL,14,SF,26,0
1960-11-24,1960,11,REG,NYJ,41,KC,35,0
1960-11-24,1960,11,REG,DET,23,GB,10,0
1960-11-25,1960,12,REG,NE,10,TEN,24,0
1960-11-27,1960,12,REG,CHI,17,DAL,7,0
1960-11-27,1960,12,REG,DEN,38,BUF,38,0
1960-11-27,1960,12,REG,ARI,17,CLE,17,0
1960-11-27,1960,12,REG,PHI,31,NYG,23,0
1960-11-27,1960,12,REG,IND,22,SF,30,0
1960-11-27,1960,12,REG,PIT,22,WSH,10,0
1960-11-27,1960,12,REG,LAC,52,OAK,28,0
1960-12-04,1960,13,REG,DEN,27,NYJ,30,0
1960-12-04,1960,13,REG,BUF,38,NE,14,0
1960-12-04,1960,13,REG,CHI,13,GB,41,0
1960-12-04,1960,13,REG,CLE,27,WSH,16,0
1960-12-04,1960,13,REG,NYG,31,DAL,31,0
1960-12-04,1960,13,REG,OAK,17,LAC,41,0
1960-12-04,1960,13,REG,ARI,6,PHI,20,0
1960-12-04,1960,13,REG,KC,24,TEN,0,0
1960-12-04,1960,13,REG,LAR,7,SF,23,0
1960-12-04,1960,13,REG,IND,15,DET,20,0
1960-12-10,1960,14,REG,SF,0,GB,13,0
1960-12-10,1960,14,REG,LAC,41,DEN,33,0
1960-12-11,1960,14,REG,TEN,31,BUF,23,0
1960-12-11,1960,14,REG,LAR,10,IND,3,0
1960-12-11,1960,14,REG,CLE,42,CHI,0,0
1960-12-11,1960,14,REG,OAK,28,NYJ,31,0
1960-12-11,1960,14,REG,WSH,3,NYG,17,0
1960-12-11,1960,14,REG,KC,34,NE,0,0
1960-12-11,1960,14,REG,DET,23,DAL,14,0
1960-12-11,1960,14,REG,PIT,27,PHI,21,0
1960-12-17,1960,15,REG,OAK,48,DEN,10,0
1960-12-17,1960,15,REG,LAR,21,GB,35,0
1960-12-18,1960,15,REG,ARI,38,PIT,7,0
1960-12-18,1960,15,REG,LAC,50,NYJ,43,0
1960-12-18,1960,15,REG,TEN,37,NE,21,0
1960-12-18,1960,15,REG,WSH,28,PHI,38,0
1960-12-18,1960,15,REG,KC,24,BUF,7,0
1960-12-18,1960,15,REG,DET,36,CHI,0,0
1960-12-18,1960,15,REG,NYG,34,CLE,48,0
1960-12-18,1960,15,REG,SF,34,IND,10,0
1960-12-26,1960,,POST,PHI,17,GB,13,0
1961-01-01,1960,,POST,TEN,24,LAC,16,0
1961-09-09,1961,1,REG,NE,20,NYJ,21,0
1961-09-09,1961,1,REG,TEN,55,OAK,0,0
1961-09-10,1961,1,REG,BUF,10,DEN,22,0
1961-09-10,1961,1,REG,KC,10,LAC,26,0
1961-09-16,1961,2,REG,NE,45,DEN,17,0
1961-09-17,1961,2,REG,MIN,37,CHI,13,0
1961-09-17,1961,2,REG,BUF,41,NYJ,31,0
1961-09-17,1961,2,REG,PHI,27,CLE,20,0
1961-09-17,1961,2,REG,NYG,10,ARI,21,0
1961-09-17,1961,2,REG,SF,35,WSH,3,0
1961-09-17,1961,2,REG,GB,13,DET,17,0
1961-09-17,1961,2,REG,IND,27,LAR,24,0
1961-09-17,1961,2,REG,DAL,27,PIT,24,0
1961-09-17,1961,2,REG,LAC,44,OAK,0,0
1961-09-23,1961,3,REG,BUF,21,NE,23,0
1961-09-23,1961,3,REG,LAR,17,CHI,21,0
1961-09-24,1961,3,REG,LAC,34,TEN,24,0
1961-09-24,1961,3,REG,OAK,35,KC,42,0
1961-09-24,1961,3,REG,IND,15,DET,16,0
1961-09-24,1961,3,REG,DAL,21,MIN,7,0
1961-09-24,1961,3,REG,CLE,20,ARI,17,0
1961-09-24,1961,3,REG,NYJ,35,DEN,28,0
1961-09-24,1961,3,REG,PHI,14,WSH,7,0
1961-09-24,1961,3,REG,GB,30,SF,10,0
1961-09-24,1961,3,REG,PIT,14,NYG,17,0
1961-09-30,1961,4,REG,BUF,11,LAC,19,0
1961-10-01,1961,4,REG,DET,0,SF,49,0
1961-10-01,1961,4,REG,GB,24,CHI,0,0
1961-10-01,1961,4,REG,LAR,24,PIT,14,0
1961-10-01,1961,4,REG,OAK,33,DEN,19,0
1961-10-01,1961,4,REG,IND,34,MIN,33,0
1961-10-01,1961,4,REG,NYJ,37,NE,30,0
1961-10-01,1961,4,REG,WSH,21,NYG,24,0
1961-10-01,1961,4,REG,CLE,25,DAL,7,0
1961-10-01,1961,4,REG,KC,26,TEN,21,0
1961-10-01,1961,4,REG,PHI,27,ARI,30,0
1961-10-07,1961,5,REG,NE,27,LAC,38,0
1961-10-08,1961,5,REG,SF,35,LAR,0,0
1961-10-08,1961,5,REG,CLE,31,WSH,7,0
1961-10-08,1961,5,REG,GB,45,IND,7,0
1961-10-08,1961,5,REG,PHI,21,PIT,16,0
1961-10-08,1961,5,REG,DET,17,CHI,31,0
1961-10-08,1961,5,REG,TEN,12,BUF,22,0
1961-10-08,1961,5,REG,MIN,0,DAL,28,0
1961-10-08,1961,5,REG,DEN,12,KC,19,0
1961-10-08,1961,5,REG,ARI,9,NYG,24,0
1961-10-13,1961,5,REG,NE,31,TEN,31,0
1961-10-15,1961,6,REG,PIT,20,WSH,0,0
1961-10-15,1961,6,REG,DET,14,LAR,13,0
1961-10-15,1961,6,REG,NYJ,10,LAC,25,0
1961-10-15,1961,6,REG,MIN,24,SF,38,0
1961-10-15,1961,6,REG,DEN,27,OAK,24,0
1961-10-15,1961,6,REG,ARI,7,PHI,20,0
1961-10-15,1961,6,REG,DAL,10,NYG,31,0
1961-10-15,1961,6,REG,BUF,27,KC,24,0
1961-10-15,1961,6,REG,CLE,17,GB,49,0
1961-10-15,1961,6,REG,CHI,24,IND,10,0
1961-10-22,1961,7,REG,DET,14,IND,17,0
1961-10-22,1961,7,REG,DAL,7,PHI,43,0
1961-10-22,1961,7,REG,NE,52,BUF,21,0
1961-10-22,1961,7,REG,WSH,0,ARI,24,0
1961-10-22,1961,7,REG,MIN,7,GB,33,0
1961-10-22,1961,7,REG,NYG,24,LAR,14,0
1961-10-22,1961,7,REG,TEN,38,KC,7,0
1961-10-22,1961,7,REG,OAK,10,LAC,41,0
1961-10-22,1961,7,REG,PIT,28,CLE,30,0
1961-10-22,1961,7,REG,CHI,31,SF,0,0
1961-10-22,1961,7,REG,DEN,27,NYJ,10,0
1961-10-29,1961,8,REG,NYG,16,DAL,17,0
1961-10-29,1961,8,REG,LAC,37,DEN,0,0
1961-10-29,1961,8,REG,LAR,10,DET,28,0
1961-10-29,1961,8,REG,PIT,20,SF,10,0
1961-10-29,1961,8,REG,WSH,24,PHI,27,0
1961-10-29,1961,8,REG,BUF,16,TEN,28,0
1961-10-29,1961,8,REG,OAK,6,NYJ,14,0
1961-10-29,1961,8,REG,KC,17,NE,18,0
1961-10-29,1961,8,REG,GB,28,MIN,10,0
1961-10-29,1961,8,REG,ARI,10,CLE,21,0
1961-10-29,1961,8,REG,IND,20,CHI,21,0
1961-11-03,1961,8,REG,NE,28,KC,21,0
1961-11-05,1961,9,REG,IND,45,GB,21,0
1961-11-05,1961,9,REG,SF,20,DET,20,0
1961-11-05,1961,9,REG,DAL,17,ARI,31,0
1961-11-05,1961,9,REG,BUF,22,OAK,31,0
1961-11-05,1961,9,REG,PHI,16,CHI,14,0
1961-11-05,1961,9,REG,DEN,14,TEN,55,0
1961-11-05,1961,9,REG,CLE,13,PIT,17,0
1961-11-05,1961,9,REG,NYG,53,WSH,0,0
1961-11-05,1961,9,REG,LAR,31,MIN,17,0
1961-11-05,1961,9,REG,LAC,48,NYJ,13,0
1961-11-11,1961,10,REG,NYJ,23,OAK,12,0
1961-11-12,1961,10,REG,LAR,17,SF,7,0
1961-11-12,1961,10,REG,PIT,37,DAL,7,0
1961-11-12,1961,10,REG,NYG,38,PHI,21,0
1961-11-12,1961,10,REG,ARI,14,DET,45,0
1961-11-12,1961,10,REG,TEN,27,NE,15,0
1961-11-12,1961,10,REG,DEN,16,LAC,19,0
1961-11-12,1961,10,REG,CHI,28,GB,31,0
1961-11-12,1961,10,REG,KC,20,BUF,30,0
1961-11-12,1961,10,REG,WSH,6,CLE,17,0
1961-11-12,1961,10,REG,MIN,28,IND,20,0
1961-11-17,1961,10,REG,NE,20,OAK,17,0
1961-11-19,1961,11,REG,IND,16,ARI,0,0
1961-11-19,1961,11,REG,NYG,42,PIT,21,0
1961-11-19,1961,11,REG,CLE,45,PHI,24,0
1961-11-19,1961,11,REG,TEN,49,NYJ,13,0
1961-11-19,1961,11,REG,MIN,10,DET,37,0
1961-11-19,1961,11,REG,GB,35,LAR,17,0
1961-11-19,1961,11,REG,DAL,28,WSH,28,0
1961-11-19,1961,11,REG,SF,41,CHI,31,0
1961-11-19,1961,11,REG,DEN,10,BUF,23,0
1961-11-19,1961,11,REG,LAC,24,KC,14,0
1961-11-23,1961,11,REG,DET,9,GB,17,0
1961-11-23,1961,11,REG,NYJ,21,BUF,14,0
1961-11-26,1961,12,REG,PIT,30,ARI,27,0
1961-11-26,1961,12,REG,KC,43,OAK,11,0
1961-11-26,1961,12,REG,CLE,21,NYG,37,0
1961-11-26,1961,12,REG,SF,38,MIN,28,0
1961-11-26,1961,12,REG,TEN,45,DEN,14,0
1961-11-26,1961,12,REG,PHI,35,DAL,13,0
1961-11-26,1961,12,REG,WSH,6,IND,27,0
1961-11-26,1961,12,REG,CHI,28,LAR,24,0
1961-12-03,1961,13,REG,CHI,15,DET,16,0
1961-12-03,1961,13,REG,ARI,38,WSH,24,0
1961-12-03,1961,13,REG,IND,20,SF,17,0
1961-12-03,1961,13,REG,MIN,42,LAR,21,0
1961-12-03,1961,13,REG,DEN,24,NE,28,0
1961-12-03,1961,13,REG,DAL,17,CLE,38,0
1961-12-03,1961,13,REG,TEN,33,LAC,13,0
1961-12-03,1961,13,REG,GB,20,NYG,17,0
1961-12-03,1961,13,REG,NYJ,28,KC,7,0
1961-12-03,1961,13,REG,PIT,24,PHI,35,0
1961-12-03,1961,13,REG,OAK,21,BUF,26,0
1961-12-09,1961,14,REG,OAK,21,NE,35,0
1961-12-09,1961,14,REG,LAR,34,IND,17,0
1961-12-10,1961,14,REG,DET,13,MIN,7,0
1961-12-10,1961,14,REG,SF,22,GB,21,0
1961-12-10,1961,14,REG,NYJ,21,TEN,48,0
1961-12-10,1961,14,REG,CHI,17,CLE,14,0
1961-12-10,1961,14,REG,PHI,24,NYG,28,0
1961-12-10,1961,14,REG,WSH,14,PIT,30,0
1961-12-10,1961,14,REG,LAC,28,BUF,10,0
1961-12-10,1961,14,REG,ARI,31,DAL,13,0
1961-12-10,1961,14,REG,KC,49,DEN,21,0
1961-12-16,1961,15,REG,SF,24,IND,27,0
1961-12-17,1961,15,REG,KC,35,NYJ,24,0
1961-12-17,1961,15,REG,OAK,16,TEN,47,0
1961-12-17,1961,15,REG,WSH,34,DAL,24,0
1961-12-17,1961,15,REG,NYG,7,CLE,7,0
1961-12-17,1961,15,REG,CHI,52,MIN,35,0
1961-12-17,1961,15,REG,LAC,0,NE,41,0
1961-12-17,1961,15,REG,LAR,17,GB,24,0
1961-12-17,1961,15,REG,DET,24,PHI,27,0
1961-12-17,1961,15,REG,ARI,20,PIT,0,0
1961-12-24,1961,,POST,LAC,3,TEN,10,0
1961-12-31,1961,,POST,GB,37,NYG,0,0
1962-09-07,1962,1,REG,DEN,30,LAC,21,0
1962-09-08,1962,1,REG,KC,42,NE,28,0
1962-09-09,1962,1,REG,BUF,23,TEN,28,0
1962-09-09,1962,1,REG,OAK,17,NYJ,28,0
1962-09-15,1962,2,REG,BUF,20,DEN,23,0
1962-09-16,1962,2,REG,CLE,17,NYG,7,0
1962-09-16,1962,2,REG,PHI,21,ARI,27,0
1962-09-16,1962,2,REG,DET,45,PIT,7,0
1962-09-16,1962,2,REG,DAL,35,WSH,35,0
1962-09-16,1962,2,REG,LAC,40,NYJ,14,0
1962-09-16,1962,2,REG,SF,14,CHI,30,0
1962-09-16,1962,2,REG,IND,30,LAR,27,0
1962-09-16,1962,2,REG,GB,34,MIN,7,0
1962-09-16,1962,2,REG,NE,34,TEN,21,0
1962-09-21,1962,3,REG,NE,41,DEN,16,0
1962-09-22,1962,3,REG,BUF,6,NYJ,17,0
1962-09-23,1962,3,REG,GB,17,ARI,0,0
1962-09-23,1962,3,REG,LAC,17,TEN,42,0
1962-09-23,1962,3,REG,LAR,23,CHI,27,0
1962-09-23,1962,3,REG,CLE,16,WSH,17,0
1962-09-23,1962,3,REG,DET,45,SF,24,0
1962-09-23,1962,3,REG,DAL,28,PIT,30,0
1962-09-23,1962,3,REG,OAK,16,KC,26,0
1962-09-23,1962,3,REG,MIN,7,IND,34,0
1962-09-23,1962,3,REG,PHI,13,NYG,29,0
1962-09-30,1962,4,REG,IND,20,DET,29,0
1962-09-30,1962,4,REG,SF,21,MIN,7,0
1962-09-30,1962,4,REG,OAK,33,LAC,42,0
1962-09-30,1962,4,REG,GB,49,CHI,0,0
1962-09-30,1962,4,REG,PIT,27,NYG,31,0
1962-09-30,1962,4,REG,WSH,24,ARI,14,0
1962-09-30,1962,4,REG,KC,41,BUF,21,0
1962-09-30,1962,4,REG,LAR,17,DAL,27,0
1962-09-30,1962,4,REG,NYJ,10,DEN,32,0
1962-09-30,1962,4,REG,PHI,35,CLE,7,0
1962-10-05,1962,5,REG,DEN,44,OAK,7,0
1962-10-06,1962,5,REG,PIT,13,PHI,7,0
1962-10-06,1962,5,REG,NYJ,14,NE,43,0
1962-10-07,1962,5,REG,WSH,20,LAR,14,0
1962-10-07,1962,5,REG,CLE,19,DAL,10,0
1962-10-07,1962,5,REG,IND,13,SF,21,0
1962-10-07,1962,5,REG,ARI,14,NYG,31,0
1962-10-07,1962,5,REG,LAC,32,KC,28,0
1962-10-07,1962,5,REG,GB,9,DET,7,0
1962-10-07,1962,5,REG,MIN,0,CHI,13,0
1962-10-07,1962,5,REG,TEN,17,BUF,14,0
1962-10-12,1962,6,REG,NE,7,KC,27,0
1962-10-13,1962,6,REG,BUF,35,LAC,10,0
1962-10-14,1962,6,REG,CLE,14,IND,36,0
1962-10-14,1962,6,REG,DET,13,LAR,10,0
1962-10-14,1962,6,REG,MIN,21,GB,48,0
1962-10-14,1962,6,REG,OAK,6,DEN,23,0
1962-10-14,1962,6,REG,ARI,17,WSH,17,0
1962-10-14,1962,6,REG,CHI,27,SF,34,0
1962-10-14,1962,6,REG,NYG,17,PIT,20,0
1962-10-14,1962,6,REG,DAL,41,PHI,19,0
1962-10-14,1962,6,REG,TEN,56,NYJ,17,0
1962-10-19,1962,7,REG,NE,24,LAC,20,0
1962-10-20,1962,7,REG,BUF,14,OAK,6,0
1962-10-21,1962,7,REG,LAR,14,MIN,38,0
1962-10-21,1962,7,REG,ARI,7,CLE,34,0
1962-10-21,1962,7,REG,PIT,27,DAL,42,0
1962-10-21,1962,7,REG,NYG,17,DET,14,0
1962-10-21,1962,7,REG,KC,20,NYJ,17,0
1962-10-21,1962,7,REG,DEN,20,TEN,10,0
1962-10-21,1962,7,REG,GB,31,SF,13,0
1962-10-21,1962,7,REG,PHI,21,WSH,27,0
1962-10-21,1962,7,REG,CHI,35,IND,15,0
1962-10-26,1962,8,REG,NE,26,OAK,16,0
1962-10-28,1962,8,REG,TEN,7,KC,31,0
1962-10-28,1962,8,REG,IND,6,GB,17,0
1962-10-28,1962,8,REG,DAL,24,ARI,28,0
1962-10-28,1962,8,REG,PIT,14,CLE,41,0
1962-10-28,1962,8,REG,DET,11,CHI,3,0
1962-10-28,1962,8,REG,SF,14,LAR,28,0
1962-10-28,1962,8,REG,NYJ,23,LAC,3,0
1962-10-28,1962,8,REG,DEN,38,BUF,45,0
1962-10-28,1962,8,REG,MIN,31,PHI,21,0
1962-10-28,1962,8,REG,NYG,49,WSH,34,0
1962-11-03,1962,9,REG,BUF,28,NE,28,0
1962-11-04,1962,9,REG,SF,3,IND,22,0
1962-11-04,1962,9,REG,LAC,20,DEN,23,0
1962-11-04,1962,9,REG,PIT,39,MIN,31,0
1962-11-04,1962,9,REG,LAR,3,DET,12,0
1962-11-04,1962,9,REG,KC,6,TEN,14,0
1962-11-04,1962,9,REG,CLE,14,PHI,14,0
1962-11-04,1962,9,REG,CHI,7,GB,38,0
1962-11-04,1962,9,REG,WSH,10,DAL,38,0
1962-11-04,1962,9,REG,NYJ,31,OAK,21,0
1962-11-04,1962,9,REG,NYG,31,ARI,28,0
1962-11-11,1962,10,REG,LAR,2,IND,14,0
1962-11-11,1962,10,REG,CHI,31,MIN,30,0
1962-11-11,1962,10,REG,ARI,17,PIT,26,0
1962-11-11,1962,10,REG,OAK,20,TEN,28,0
1962-11-11,1962,10,REG,DAL,10,NYG,41,0
1962-11-11,1962,10,REG,DEN,29,NE,33,0
1962-11-11,1962,10,REG,NYJ,31,KC,52,0
1962-11-11,1962,10,REG,PHI,0,GB,49,0
1962-11-11,1962,10,REG,SF,24,DET,38,0
1962-11-11,1962,10,REG,WSH,17,CLE,9,0
1962-11-11,1962,10,REG,LAC,20,BUF,40,0
1962-11-18,1962,11,REG,DEN,3,KC,24,0
1962-11-18,1962,11,REG,TEN,21,NE,17,0
1962-11-18,1962,11,REG,LAR,17,SF,24,0
1962-11-18,1962,11,REG,DAL,33,CHI,34,0
1962-11-18,1962,11,REG,OAK,6,BUF,10,0
1962-11-18,1962,11,REG,CLE,38,ARI,14,0
1962-11-18,1962,11,REG,MIN,6,DET,17,0
1962-11-18,1962,11,REG,NYG,19,PHI,14,0
1962-11-18,1962,11,REG,PIT,23,WSH,21,0
1962-11-18,1962,11,REG,GB,17,IND,13,0
1962-11-22,1962,11,REG,DET,26,GB,14,0
1962-11-22,1962,11,REG,DEN,45,NYJ,46,0
1962-11-23,1962,12,REG,NE,21,BUF,10,0
1962-11-25,1962,12,REG,ARI,17,SF,24,0
1962-11-25,1962,12,REG,IND,0,CHI,57,0
1962-11-25,1962,12,REG,MIN,24,LAR,24,0
1962-11-25,1962,12,REG,WSH,24,NYG,42,0
1962-11-25,1962,12,REG,CLE,35,PIT,14,0
1962-11-25,1962,12,REG,KC,35,OAK,7,0
1962-11-25,1962,12,REG,TEN,33,LAC,27,0
1962-11-25,1962,12,REG,PHI,28,DAL,14,0
1962-11-30,1962,13,REG,NE,24,NYJ,17,0
1962-12-02,1962,13,REG,TEN,34,DEN,17,0
1962-12-02,1962,13,REG,DAL,45,CLE,21,0
1962-12-02,1962,13,REG,CHI,24,NYG,26,0
1962-12-02,1962,13,REG,DET,21,IND,14,0
1962-12-02,1962,13,REG,MIN,12,SF,35,0
1962-12-02,1962,13,REG,BUF,23,KC,14,0
1962-12-02,1962,13,REG,WSH,14,PHI,37,0
1962-12-02,1962,13,REG,GB,41,LAR,10,0
1962-12-02,1962,13,REG,PIT,19,ARI,7,0
1962-12-02,1962,13,REG,LAC,31,OAK,21,0
1962-12-08,1962,14,REG,NYJ,3,BUF,20,0
1962-12-08,1962,14,REG,IND,34,WSH,21,0
1962-12-09,1962,14,REG,SF,21,GB,31,0
1962-12-09,1962,14,REG,CHI,30,LAR,14,0
1962-12-09,1962,14,REG,TEN,32,OAK,17,0
1962-12-09,1962,14,REG,PHI,17,PIT,26,0
1962-12-09,1962,14,REG,DET,37,MIN,23,0
1962-12-09,1962,14,REG,KC,17,DEN,10,0
1962-12-09,1962,14,REG,ARI,52,DAL,20,0
1962-12-09,1962,14,REG,LAC,14,NE,20,0
1962-12-09,1962,14,REG,NYG,17,CLE,13,0
1962-12-15,1962,15,REG,NYJ,10,TEN,44,0
1962-12-15,1962,15,REG,SF,10,CLE,13,0
1962-12-16,1962,15,REG,LAR,17,GB,20,0
1962-12-16,1962,15,REG,CHI,3,DET,0,0
1962-12-16,1962,15,REG,NYG,41,DAL,31,0
1962-12-16,1962,15,REG,ARI,45,PHI,35,0
1962-12-16,1962,15,REG,KC,26,LAC,17,0
1962-12-16,1962,15,REG,WSH,24,PIT,27,0
1962-12-16,1962,15,REG,IND,42,MIN,17,0
1962-12-16,1962,15,REG,OAK,20,NE,0,0
1962-12-23,1962,,POST,TEN,17,KC,20,0
1962-12-30,1962,,POST,NYG,7,GB,16,0
1963-09-07,1963,1,REG,DEN,7,KC,59,0
1963-09-07,1963,1,REG,TEN,13,OAK,24,0
1963-09-08,1963,1,REG,LAC,14,BUF,10,0
1963-09-08,1963,1,REG,NE,38,NYJ,14,0
1963-09-14,1963,2,REG,LAR,2,DET,23,0
1963-09-14,1963,2,REG,DAL,7,ARI,34,0
1963-09-14,1963,2,REG,TEN,20,DEN,14,0
1963-09-14,1963,2,REG,LAC,17,NE,13,0
1963-09-15,1963,2,REG,SF,20,MIN,24,0
1963-09-15,1963,2,REG,GB,3,CHI,10,0
1963-09-15,1963,2,REG,IND,28,NYG,37,0
1963-09-15,1963,2,REG,CLE,37,WSH,14,0
1963-09-15,1963,2,REG,OAK,35,BUF,17,0
1963-09-15,1963,2,REG,PHI,21,PIT,21,0
1963-09-21,1963,3,REG,LAR,14,WSH,37,0
1963-09-22,1963,3,REG,SF,14,IND,20,0
1963-09-22,1963,3,REG,PHI,24,ARI,28,0
1963-09-22,1963,3,REG,DAL,24,CLE,41,0
1963-09-22,1963,3,REG,GB,31,DET,10,0
1963-09-22,1963,3,REG,NYJ,24,TEN,17,0
1963-09-22,1963,3,REG,PIT,31,NYG,0,0
1963-09-22,1963,3,REG,OAK,14,NE,20,0
1963-09-22,1963,3,REG,BUF,27,KC,27,0
1963-09-22,1963,3,REG,MIN,7,CHI,28,0
1963-09-28,1963,4,REG,BUF,20,TEN,31,0
1963-09-28,1963,4,REG,NYJ,10,OAK,7,0
1963-09-29,1963,4,REG,PIT,23,ARI,10,0
1963-09-29,1963,4,REG,CLE,20,LAR,6,0
1963-09-29,1963,4,REG,LAC,24,KC,10,0
1963-09-29,1963,4,REG,MIN,45,SF,14,0
1963-09-29,1963,4,REG,PHI,14,NYG,37,0
1963-09-29,1963,4,REG,DEN,14,NE,10,0
1963-09-29,1963,4,REG,WSH,21,DAL,17,0
1963-09-29,1963,4,REG,GB,31,IND,20,0
1963-09-29,1963,4,REG,DET,21,CHI,37,0
1963-10-05,1963,5,REG,BUF,12,OAK,0,0
1963-10-05,1963,5,REG,NYJ,31,NE,24,0
1963-10-05,1963,5,REG,CLE,35,PIT,23,0
1963-10-06,1963,5,REG,PHI,24,DAL,21,0
1963-10-06,1963,5,REG,DET,26,SF,3,0
1963-10-06,1963,5,REG,CHI,10,IND,3,0
1963-10-06,1963,5,REG,MIN,14,ARI,56,0
1963-10-06,1963,5,REG,WSH,14,NYG,24,0
1963-10-06,1963,5,REG,GB,42,LAR,10,0
1963-10-06,1963,5,REG,KC,28,TEN,7,0
1963-10-06,1963,5,REG,DEN,50,LAC,34,0
1963-10-11,1963,5,REG,NE,20,OAK,14,0
1963-10-13,1963,6,REG,LAR,14,CHI,52,0
1963-10-13,1963,6,REG,LAC,24,NYJ,20,0
1963-10-13,1963,6,REG,IND,20,SF,3,0
1963-10-13,1963,6,REG,NYG,24,CLE,35,0
1963-10-13,1963,6,REG,KC,26,BUF,35,0
1963-10-13,1963,6,REG,DEN,24,TEN,33,0
1963-10-13,1963,6,REG,ARI,24,PIT,23,0
1963-10-13,1963,6,REG,WSH,24,PHI,37,0
1963-10-13,1963,6,REG,MIN,28,GB,37,0
1963-10-13,1963,6,REG,DAL,17,DET,14,0
1963-10-18,1963,6,REG,NE,40,DEN,21,0
1963-10-20,1963,7,REG,DET,21,IND,25,0
1963-10-20,1963,7,REG,PIT,38,WSH,27,0
1963-10-20,1963,7,REG,OAK,49,NYJ,26,0
1963-10-20,1963,7,REG,ARI,7,GB,30,0
1963-10-20,1963,7,REG,NYG,37,DAL,21,0
1963-10-20,1963,7,REG,LAR,27,MIN,24,0
1963-10-20,1963,7,REG,KC,17,LAC,38,0
1963-10-20,1963,7,REG,CLE,37,PHI,7,0
1963-10-20,1963,7,REG,TEN,28,BUF,14,0
1963-10-20,1963,7,REG,SF,20,CHI,14,0
1963-10-26,1963,8,REG,BUF,28,NE,21,0
1963-10-26,1963,8,REG,NYJ,35,DEN,35,0
1963-10-27,1963,8,REG,CHI,16,PHI,7,0
1963-10-27,1963,8,REG,LAC,33,OAK,34,0
1963-10-27,1963,8,REG,CLE,6,NYG,33,0
1963-10-27,1963,8,REG,IND,20,GB,34,0
1963-10-27,1963,8,REG,PIT,27,DAL,21,0
1963-10-27,1963,8,REG,WSH,7,ARI,21,0
1963-10-27,1963,8,REG,TEN,28,KC,7,0
1963-10-27,1963,8,REG,DET,28,MIN,10,0
1963-10-27,1963,8,REG,LAR,28,SF,21,0
1963-11-01,1963,8,REG,NE,45,TEN,3,0
1963-11-02,1963,9,REG,NYJ,7,LAC,53,0
1963-11-03,1963,9,REG,DEN,28,BUF,30,0
1963-11-03,1963,9,REG,OAK,10,KC,7,0
1963-11-03,1963,9,REG,DAL,35,WSH,20,0
1963-11-03,1963,9,REG,GB,33,PIT,14,0
1963-11-03,1963,9,REG,SF,7,DET,45,0
1963-11-03,1963,9,REG,PHI,17,CLE,23,0
1963-11-03,1963,9,REG,IND,7,CHI,17,0
1963-11-03,1963,9,REG,MIN,21,LAR,13,0
1963-11-03,1963,9,REG,ARI,21,NYG,38,0
1963-11-08,1963,9,REG,KC,7,OAK,22,0
1963-11-09,1963,10,REG,BUF,27,DEN,17,0
1963-11-10,1963,10,REG,IND,24,DET,21,0
1963-11-10,1963,10,REG,SF,31,DAL,24,0
1963-11-10,1963,10,REG,NYG,42,PHI,14,0
1963-11-10,1963,10,REG,PIT,9,CLE,7,0
1963-11-10,1963,10,REG,ARI,24,WSH,20,0
1963-11-10,1963,10,REG,GB,28,MIN,7,0
1963-11-10,1963,10,REG,NE,6,LAC,7,0
1963-11-10,1963,10,REG,CHI,6,LAR,0,0
1963-11-10,1963,10,REG,TEN,31,NYJ,27,0
1963-11-17,1963,11,REG,DET,21,LAR,28,0
1963-11-17,1963,11,REG,BUF,13,LAC,23,0
1963-11-17,1963,11,REG,NYG,48,SF,14,0
1963-11-17,1963,11,REG,WSH,28,PIT,34,0
1963-11-17,1963,11,REG,DAL,27,PHI,20,0
1963-11-17,1963,11,REG,NE,24,KC,24,0
1963-11-17,1963,11,REG,CHI,26,GB,7,0
1963-11-17,1963,11,REG,CLE,14,ARI,20,0
1963-11-17,1963,11,REG,MIN,34,IND,37,0
1963-11-17,1963,11,REG,DEN,9,NYJ,14,0
1963-11-24,1963,12,REG,PHI,10,WSH,13,0
1963-11-24,1963,12,REG,GB,28,SF,10,0
1963-11-24,1963,12,REG,MIN,34,DET,31,0
1963-11-24,1963,12,REG,CLE,27,DAL,17,0
1963-11-24,1963,12,REG,NYG,17,ARI,24,0
1963-11-24,1963,12,REG,LAR,17,IND,16,0
1963-11-24,1963,12,REG,PIT,17,CHI,17,0
1963-11-28,1963,12,REG,DET,13,GB,13,0
1963-11-28,1963,12,REG,DEN,10,OAK,26,0
1963-12-01,1963,13,REG,SF,17,LAR,21,0
1963-12-01,1963,13,REG,PIT,20,PHI,20,0
1963-12-01,1963,13,REG,NE,17,BUF,7,0
1963-12-01,1963,13,REG,LAC,27,TEN,0,0
1963-12-01,1963,13,REG,DAL,27,NYG,34,0
1963-12-01,1963,13,REG,WSH,20,IND,36,0
1963-12-01,1963,13,REG,NYJ,17,KC,0,0
1963-12-01,1963,13,REG,CHI,17,MIN,17,0
1963-12-01,1963,13,REG,ARI,10,CLE,24,0
1963-12-07,1963,14,REG,LAR,14,GB,31,0
1963-12-08,1963,14,REG,DET,38,CLE,10,0
1963-12-08,1963,14,REG,ARI,38,PHI,14,0
1963-12-08,1963,14,REG,BUF,45,NYJ,14,0
1963-12-08,1963,14,REG,TEN,28,NE,46,0
1963-12-08,1963,14,REG,IND,41,MIN,10,0
1963-12-08,1963,14,REG,KC,52,DEN,21,0
1963-12-08,1963,14,REG,DAL,19,PIT,24,0
1963-12-08,1963,14,REG,OAK,41,LAC,27,0
1963-12-08,1963,14,REG,NYG,44,WSH,14,0
1963-12-08,1963,14,REG,CHI,27,SF,7,0
1963-12-14,1963,15,REG,KC,35,NE,3,0
1963-12-14,1963,15,REG,SF,17,GB,21,0
1963-12-14,1963,15,REG,NYJ,10,BUF,19,0
1963-12-15,1963,15,REG,IND,19,LAR,16,0
1963-12-15,1963,15,REG,PHI,13,MIN,34,0
1963-12-15,1963,15,REG,TEN,14,LAC,20,0
1963-12-15,1963,15,REG,OAK,35,DEN,31,0
1963-12-15,1963,15,REG,CHI,24,DET,14,0
1963-12-15,1963,15,REG,ARI,24,DAL,28,0
1963-12-15,1963,15,REG,NYG,33,PIT,17,0
1963-12-15,1963,15,REG,WSH,20,CLE,27,0
1963-12-22,1963,16,REG,LAC,58,DEN,20,0
1963-12-22,1963,16,REG,OAK,52,TEN,49,0
1963-12-22,1963,16,REG,KC,48,NYJ,0,0
1963-12-28,1963,,POST,BUF,8,NE,26,0
1963-12-29,1963,,POST,CHI,14,NYG,10,0
1964-01-05,1963,,POST,LAC,51,NE,10,0
1964-09-12,1964,1,REG,DAL,6,ARI,16,0
1964-09-12,1964,1,REG,NYJ,30,DEN,6,0
1964-09-12,1964,1,REG,LAC,27,TEN,21,0
1964-09-13,1964,1,REG,SF,17,DET,26,0
1964-09-13,1964,1,REG,PHI,38,NYG,7,0
1964-09-13,1964,1,REG,WSH,13,CLE,27,0
1964-09-13,1964,1,REG,BUF,34,KC,17,0
1964-09-13,1964,1,REG,MIN,34,IND,24,0
1964-09-13,1964,1,REG,GB,23,CHI,12,0
1964-09-13,1964,1,REG,OAK,14,NE,17,0
1964-09-13,1964,1,REG,PIT,14,LAR,26,0
1964-09-19,1964,2,REG,LAR,17,DET,17,0
1964-09-19,1964,2,REG,TEN,42,OAK,28,0
1964-09-20,1964,2,REG,MIN,28,CHI,34,0
1964-09-20,1964,2,REG,PIT,27,NYG,24,0
1964-09-20,1964,2,REG,LAC,28,NE,33,0
1964-09-20,1964,2,REG,GB,20,IND,21,0
1964-09-20,1964,2,REG,CLE,33,ARI,33,0
1964-09-20,1964,2,REG,BUF,30,DEN,13,0
1964-09-20,1964,2,REG,PHI,24,SF,28,0
1964-09-20,1964,2,REG,DAL,24,WSH,18,0
1964-09-25,1964,2,REG,NYG,13,WSH,10,0
1964-09-26,1964,3,REG,BUF,30,LAC,3,0
1964-09-27,1964,3,REG,PHI,20,CLE,28,0
1964-09-27,1964,3,REG,DEN,17,TEN,38,0
1964-09-27,1964,3,REG,OAK,9,KC,21,0
1964-09-27,1964,3,REG,PIT,23,DAL,17,0
1964-09-27,1964,3,REG,SF,13,ARI,23,0
1964-09-27,1964,3,REG,LAR,22,MIN,13,0
1964-09-27,1964,3,REG,NE,26,NYJ,10,0
1964-09-27,1964,3,REG,IND,52,CHI,0,0
1964-09-28,1964,3,REG,DET,10,GB,14,0
1964-10-03,1964,4,REG,NYJ,17,LAC,17,0
1964-10-03,1964,4,REG,BUF,23,OAK,20,0
1964-10-04,1964,4,REG,CLE,27,DAL,6,0
1964-10-04,1964,4,REG,DEN,10,NE,39,0
1964-10-04,1964,4,REG,DET,26,NYG,3,0
1964-10-04,1964,4,REG,KC,28,TEN,7,0
1964-10-04,1964,4,REG,SF,31,CHI,21,0
1964-10-04,1964,4,REG,WSH,17,ARI,23,0
1964-10-04,1964,4,REG,PHI,21,PIT,7,0
1964-10-04,1964,4,REG,GB,23,MIN,24,0
1964-10-04,1964,4,REG,IND,35,LAR,20,0
1964-10-09,1964,4,REG,NE,17,LAC,26,0
1964-10-10,1964,5,REG,CLE,7,PIT,23,0
1964-10-10,1964,5,REG,NYJ,35,OAK,13,0
1964-10-11,1964,5,REG,MIN,20,DET,24,0
1964-10-11,1964,5,REG,CHI,38,LAR,17,0
1964-10-11,1964,5,REG,WSH,35,PHI,20,0
1964-10-11,1964,5,REG,GB,24,SF,14,0
1964-10-11,1964,5,REG,DAL,13,NYG,13,0
1964-10-11,1964,5,REG,DEN,33,KC,27,0
1964-10-11,1964,5,REG,TEN,17,BUF,48,0
1964-10-12,1964,5,REG,ARI,27,IND,47,0
1964-10-16,1964,5,REG,NE,43,OAK,43,0
1964-10-17,1964,6,REG,NYJ,24,TEN,21,0
1964-10-18,1964,6,REG,NYG,17,PHI,23,0
1964-10-18,1964,6,REG,ARI,38,WSH,24,0
1964-10-18,1964,6,REG,MIN,30,PIT,10,0
1964-10-18,1964,6,REG,IND,24,GB,21,0
1964-10-18,1964,6,REG,DAL,16,CLE,20,0
1964-10-18,1964,6,REG,KC,22,BUF,35,0
1964-10-18,1964,6,REG,CHI,0,DET,10,0
1964-10-18,1964,6,REG,LAC,42,DEN,14,0
1964-10-18,1964,6,REG,LAR,42,SF,14,0
1964-10-23,1964,6,REG,NE,24,KC,7,0
1964-10-24,1964,7,REG,BUF,34,NYJ,24,0
1964-10-25,1964,7,REG,CLE,42,NYG,20,0
1964-10-25,1964,7,REG,SF,22,MIN,27,0
1964-10-25,1964,7,REG,PIT,10,PHI,34,0
1964-10-25,1964,7,REG,GB,17,LAR,27,0
1964-10-25,1964,7,REG,ARI,13,DAL,31,0
1964-10-25,1964,7,REG,TEN,17,LAC,20,0
1964-10-25,1964,7,REG,OAK,40,DEN,7,0
1964-10-25,1964,7,REG,WSH,27,CHI,20,0
1964-10-25,1964,7,REG,DET,0,IND,34,0
1964-10-31,1964,8,REG,NYJ,35,NE,14,0
1964-11-01,1964,8,REG,DET,37,LAR,17,0
1964-11-01,1964,8,REG,PIT,17,CLE,30,0
1964-11-01,1964,8,REG,IND,37,SF,7,0
1964-11-01,1964,8,REG,BUF,24,TEN,10,0
1964-11-01,1964,8,REG,MIN,13,GB,42,0
1964-11-01,1964,8,REG,LAC,31,OAK,17,0
1964-11-01,1964,8,REG,NYG,34,ARI,17,0
1964-11-01,1964,8,REG,PHI,10,WSH,21,0
1964-11-01,1964,8,REG,KC,49,DEN,39,0
1964-11-01,1964,8,REG,CHI,10,DAL,24,0
1964-11-06,1964,8,REG,NE,25,TEN,24,0
1964-11-08,1964,9,REG,CLE,34,WSH,24,0
1964-11-08,1964,9,REG,KC,42,OAK,7,0
1964-11-08,1964,9,REG,ARI,34,PIT,30,0
1964-11-08,1964,9,REG,GB,30,DET,7,0
1964-11-08,1964,9,REG,DEN,20,LAC,31,0
1964-11-08,1964,9,REG,NYG,21,DAL,31,0
1964-11-08,1964,9,REG,LAR,20,PHI,10,0
1964-11-08,1964,9,REG,CHI,24,IND,40,0
1964-11-08,1964,9,REG,NYJ,7,BUF,20,0
1964-11-08,1964,9,REG,MIN,24,SF,7,0
1964-11-15,1964,10,REG,DAL,14,PHI,17,0
1964-11-15,1964,10,REG,KC,14,LAC,28,0
1964-11-15,1964,10,REG,IND,17,MIN,14,0
1964-11-15,1964,10,REG,PIT,0,WSH,30,0
1964-11-15,1964,10,REG,OAK,20,TEN,10,0
1964-11-15,1964,10,REG,SF,24,GB,14,0
1964-11-15,1964,10,REG,DEN,20,NYJ,16,0
1964-11-15,1964,10,REG,ARI,10,NYG,10,0
1964-11-15,1964,10,REG,BUF,28,NE,36,0
1964-11-15,1964,10,REG,CLE,37,DET,21,0
1964-11-15,1964,10,REG,LAR,24,CHI,34,0
1964-11-20,1964,10,REG,NE,12,DEN,7,0
1964-11-22,1964,11,REG,NYG,17,PIT,44,0
1964-11-22,1964,11,REG,LAR,7,IND,24,0
1964-11-22,1964,11,REG,DET,23,MIN,23,0
1964-11-22,1964,11,REG,CHI,23,SF,21,0
1964-11-22,1964,11,REG,GB,28,CLE,21,0
1964-11-22,1964,11,REG,OAK,35,NYJ,26,0
1964-11-22,1964,11,REG,TEN,19,KC,28,0
1964-11-22,1964,11,REG,WSH,28,DAL,16,0
1964-11-22,1964,11,REG,PHI,13,ARI,38,0
1964-11-26,1964,11,REG,LAC,24,BUF,27,0
1964-11-26,1964,11,REG,DET,24,CHI,27,0
1964-11-29,1964,12,REG,CLE,38,PHI,24,0
1964-11-29,1964,12,REG,NYJ,27,KC,14,0
1964-11-29,1964,12,REG,DEN,20,OAK,20,0
1964-11-29,1964,12,REG,SF,3,IND,14,0
1964-11-29,1964,12,REG,MIN,34,LAR,13,0
1964-11-29,1964,12,REG,PIT,20,ARI,21,0
1964-11-29,1964,12,REG,TEN,17,NE,34,0
1964-11-29,1964,12,REG,DAL,21,GB,45,0
1964-11-29,1964,12,REG,WSH,36,NYG,21,0
1964-12-05,1964,13,REG,CHI,3,GB,17,0
1964-12-06,1964,13,REG,WSH,7,PIT,14,0
1964-12-06,1964,13,REG,NYG,21,MIN,30,0
1964-12-06,1964,13,REG,IND,14,DET,31,0
1964-12-06,1964,13,REG,SF,28,LAR,7,0
1964-12-06,1964,13,REG,LAC,38,NYJ,3,0
1964-12-06,1964,13,REG,ARI,28,CLE,19,0
1964-12-06,1964,13,REG,KC,24,NE,31,0
1964-12-06,1964,13,REG,PHI,24,DAL,14,0
1964-12-06,1964,13,REG,OAK,16,BUF,13,0
1964-12-12,1964,14,REG,NYG,20,CLE,52,0
1964-12-13,1964,14,REG,DET,24,SF,7,0
1964-12-13,1964,14,REG,LAC,6,KC,49,0
1964-12-13,1964,14,REG,LAR,24,GB,24,0
1964-12-13,1964,14,REG,DEN,19,BUF,30,0
1964-12-13,1964,14,REG,CHI,14,MIN,41,0
1964-12-13,1964,14,REG,ARI,36,PHI,34,0
1964-12-13,1964,14,REG,TEN,33,NYJ,17,0
1964-12-13,1964,14,REG,IND,45,WSH,17,0
1964-12-13,1964,14,REG,DAL,17,PIT,14,0
1964-12-20,1964,15,REG,OAK,21,LAC,20,0
1964-12-20,1964,15,REG,TEN,34,DEN,15,0
1964-12-20,1964,15,REG,KC,24,NYJ,7,0
1964-12-20,1964,15,REG,NE,14,BUF,24,0
1964-12-26,1964,,POST,BUF,20,LAC,7,0
1964-12-27,1964,,POST,CLE,27,IND,0,0
1965-09-11,1965,1,REG,LAC,34,DEN,31,0
1965-09-11,1965,1,REG,BUF,24,NE,7,0
1965-09-12,1965,1,REG,OAK,37,KC,10,0
1965-09-12,1965,1,REG,TEN,27,NYJ,21,0
1965-09-18,1965,2,REG,NYJ,10,KC,14,0
1965-09-19,1965,2,REG,WSH,7,CLE,17,0
1965-09-19,1965,2,REG,SF,52,CHI,24,0
1965-09-19,1965,2,REG,DEN,15,BUF,30,0
1965-09-19,1965,2,REG,DAL,31,NYG,2,0
1965-09-19,1965,2,REG,OAK,6,LAC,17,0
1965-09-19,1965,2,REG,DET,20,LAR,0,0
1965-09-19,1965,2,REG,TEN,31,NE,10,0
1965-09-19,1965,2,REG,PIT,9,GB,41,0
1965-09-19,1965,2,REG,PHI,34,ARI,27,0
1965-09-19,1965,2,REG,IND,35,MIN,16,0
1965-09-24,1965,2,REG,NE,10,DEN,27,0
1965-09-25,1965,3,REG,LAR,30,CHI,28,0
1965-09-26,1965,3,REG,OAK,21,TEN,17,0
1965-09-26,1965,3,REG,PHI,14,NYG,16,0
1965-09-26,1965,3,REG,DAL,27,WSH,7,0
1965-09-26,1965,3,REG,GB,20,IND,17,0
1965-09-26,1965,3,REG,CLE,13,ARI,49,0
1965-09-26,1965,3,REG,MIN,29,DET,31,0
1965-09-26,1965,3,REG,LAC,10,KC,10,0
1965-09-26,1965,3,REG,SF,27,PIT,17,0
1965-09-26,1965,3,REG,BUF,33,NYJ,21,0
1965-10-03,1965,4,REG,LAC,31,TEN,14,0
1965-10-03,1965,4,REG,PIT,13,NYG,23,0
1965-10-03,1965,4,REG,DET,14,WSH,10,0
1965-10-03,1965,4,REG,IND,27,SF,24,0
1965-10-03,1965,4,REG,DEN,16,NYJ,13,0
1965-10-03,1965,4,REG,KC,27,NE,17,0
1965-10-03,1965,4,REG,PHI,17,CLE,35,0
1965-10-03,1965,4,REG,GB,23,CHI,14,0
1965-10-03,1965,4,REG,LAR,35,MIN,38,0
1965-10-03,1965,4,REG,BUF,17,OAK,12,0
1965-10-04,1965,4,REG,ARI,20,DAL,13,0
1965-10-08,1965,4,REG,NE,10,OAK,24,0
1965-10-09,1965,5,REG,MIN,40,NYG,14,0
1965-10-09,1965,5,REG,CLE,24,PIT,19,0
1965-10-10,1965,5,REG,DAL,24,PHI,35,0
1965-10-10,1965,5,REG,DEN,23,KC,31,0
1965-10-10,1965,5,REG,IND,31,DET,7,0
1965-10-10,1965,5,REG,BUF,3,LAC,34,0
1965-10-10,1965,5,REG,CHI,31,LAR,6,0
1965-10-10,1965,5,REG,WSH,16,ARI,37,0
1965-10-10,1965,5,REG,GB,27,SF,10,0
1965-10-16,1965,6,REG,NYJ,24,OAK,24,0
1965-10-17,1965,6,REG,DEN,28,TEN,17,0
1965-10-17,1965,6,REG,NYG,35,PHI,27,0
1965-10-17,1965,6,REG,WSH,7,IND,38,0
1965-10-17,1965,6,REG,DET,21,GB,31,0
1965-10-17,1965,6,REG,CLE,23,DAL,17,0
1965-10-17,1965,6,REG,PIT,7,ARI,20,0
1965-10-17,1965,6,REG,KC,7,BUF,23,0
1965-10-17,1965,6,REG,LAR,21,SF,45,0
1965-10-17,1965,6,REG,MIN,37,CHI,45,0
1965-10-17,1965,6,REG,NE,13,LAC,13,0
1965-10-23,1965,7,REG,NYJ,9,LAC,34,0
1965-10-24,1965,7,REG,OAK,30,NE,21,0
1965-10-24,1965,7,REG,ARI,20,WSH,24,0
1965-10-24,1965,7,REG,PHI,14,PIT,20,0
1965-10-24,1965,7,REG,IND,35,LAR,20,0
1965-10-24,1965,7,REG,SF,41,MIN,42,0
1965-10-24,1965,7,REG,TEN,38,KC,36,0
1965-10-24,1965,7,REG,CHI,38,DET,10,0
1965-10-24,1965,7,REG,BUF,31,DEN,13,0
1965-10-24,1965,7,REG,GB,13,DAL,3,0
1965-10-24,1965,7,REG,NYG,14,CLE,38,0
1965-10-31,1965,8,REG,WSH,23,PHI,21,0
1965-10-31,1965,8,REG,BUF,17,TEN,19,0
1965-10-31,1965,8,REG,CLE,17,MIN,27,0
1965-10-31,1965,8,REG,LAC,6,NE,22,0
1965-10-31,1965,8,REG,KC,14,OAK,7,0
1965-10-31,1965,8,REG,CHI,31,GB,10,0
1965-10-31,1965,8,REG,NYJ,45,DEN,10,0
1965-10-31,1965,8,REG,SF,28,IND,34,0
1965-10-31,1965,8,REG,NYG,14,ARI,10,0
1965-10-31,1965,8,REG,PIT,22,DAL,13,0
1965-10-31,1965,8,REG,LAR,7,DET,31,0
1965-11-07,1965,9,REG,CHI,21,IND,26,0
1965-11-07,1965,9,REG,NE,7,BUF,23,0
1965-11-07,1965,9,REG,MIN,24,LAR,13,0
1965-11-07,1965,9,REG,NYG,7,WSH,23,0
1965-11-07,1965,9,REG,DEN,21,LAC,35,0
1965-11-07,1965,9,REG,KC,10,NYJ,13,0
1965-11-07,1965,9,REG,CLE,38,PHI,34,0
1965-11-07,1965,9,REG,ARI,21,PIT,17,0
1965-11-07,1965,9,REG,TEN,21,OAK,33,0
1965-11-07,1965,9,REG,DAL,39,SF,31,0
1965-11-07,1965,9,REG,GB,7,DET,12,0
1965-11-14,1965,10,REG,MIN,21,IND,41,0
1965-11-14,1965,10,REG,CLE,34,NYG,21,0
1965-11-14,1965,10,REG,TEN,21,DEN,31,0
1965-11-14,1965,10,REG,PHI,21,WSH,14,0
1965-11-14,1965,10,REG,KC,31,LAC,7,0
1965-11-14,1965,10,REG,OAK,14,BUF,17,0
1965-11-14,1965,10,REG,NE,20,NYJ,30,0
1965-11-14,1965,10,REG,GB,6,LAR,3,0
1965-11-14,1965,10,REG,CHI,34,ARI,13,0
1965-11-14,1965,10,REG,DET,21,SF,27,0
1965-11-14,1965,10,REG,DAL,24,PIT,17,0
1965-11-21,1965,11,REG,DEN,20,OAK,28,0
1965-11-21,1965,11,REG,NYJ,41,TEN,14,0
1965-11-21,1965,11,REG,ARI,15,NYG,28,0
1965-11-21,1965,11,REG,MIN,13,GB,38,0
1965-11-21,1965,11,REG,DAL,17,CLE,24,0
1965-11-21,1965,11,REG,SF,30,LAR,27,0
1965-11-21,1965,11,REG,IND,34,PHI,24,0
1965-11-21,1965,11,REG,DET,10,CHI,17,0
1965-11-21,1965,11,REG,PIT,3,WSH,31,0
1965-11-21,1965,11,REG,NE,10,KC,10,0
1965-11-25,1965,11,REG,LAC,20,BUF,20,0
1965-11-25,1965,11,REG,DET,24,IND,24,0
1965-11-28,1965,12,REG,NYG,14,CHI,35,0
1965-11-28,1965,12,REG,PIT,21,CLE,42,0
1965-11-28,1965,12,REG,LAR,21,GB,10,0
1965-11-28,1965,12,REG,MIN,24,SF,45,0
1965-11-28,1965,12,REG,ARI,24,PHI,28,0
1965-11-28,1965,12,REG,KC,52,TEN,21,0
1965-11-28,1965,12,REG,NYJ,23,NE,27,0
1965-11-28,1965,12,REG,WSH,34,DAL,31,0
1965-12-04,1965,13,REG,LAC,38,NYJ,7,0
1965-12-05,1965,13,REG,CLE,24,WSH,16,0
1965-12-05,1965,13,REG,NYG,35,PIT,10,0
1965-12-05,1965,13,REG,GB,24,MIN,19,0
1965-12-05,1965,13,REG,SF,17,DET,14,0
1965-12-05,1965,13,REG,ARI,3,LAR,27,0
1965-12-05,1965,13,REG,OAK,24,DEN,13,0
1965-12-05,1965,13,REG,PHI,19,DAL,21,0
1965-12-05,1965,13,REG,IND,0,CHI,13,0
1965-12-05,1965,13,REG,TEN,18,BUF,29,0
1965-12-11,1965,14,REG,DAL,27,ARI,13,0
1965-12-12,1965,14,REG,DEN,20,NE,28,0
1965-12-12,1965,14,REG,BUF,34,KC,25,0
1965-12-12,1965,14,REG,LAR,42,CLE,7,0
1965-12-12,1965,14,REG,IND,27,GB,42,0
1965-12-12,1965,14,REG,TEN,26,LAC,37,0
1965-12-12,1965,14,REG,CHI,61,SF,20,0
1965-12-12,1965,14,REG,PIT,13,PHI,47,0
1965-12-12,1965,14,REG,OAK,24,NYJ,14,0
1965-12-12,1965,14,REG,WSH,10,NYG,27,0
1965-12-12,1965,14,REG,DET,7,MIN,29,0
1965-12-18,1965,15,REG,LAR,17,IND,20,0
1965-12-18,1965,15,REG,NE,42,TEN,14,0
1965-12-19,1965,15,REG,ARI,24,CLE,27,0
1965-12-19,1965,15,REG,NYJ,14,BUF,12,0
1965-12-19,1965,15,REG,LAC,24,OAK,14,0
1965-12-19,1965,15,REG,SF,24,GB,24,0
1965-12-19,1965,15,REG,PHI,28,DET,35,0
1965-12-19,1965,15,REG,KC,45,DEN,35,0
1965-12-19,1965,15,REG,NYG,20,DAL,38,0
1965-12-19,1965,15,REG,WSH,35,PIT,14,0
1965-12-19,1965,15,REG,CHI,17,MIN,24,0
1965-12-26,1965,,POST,LAC,0,BUF,23,0
1965-12-26,1965,,POST,GB,13,IND,10,0
1966-01-02,1965,,POST,GB,23,CLE,12,0
1966-09-02,1966,1,REG,MIA,14,OAK,23,0
1966-09-03,1966,1,REG,TEN,45,DEN,7,0
1966-09-04,1966,1,REG,LAC,27,BUF,7,0
1966-09-09,1966,2,REG,MIA,14,NYJ,19,0
1966-09-10,1966,2,REG,LAC,24,NE,0,0
1966-09-10,1966,2,REG,GB,24,IND,3,0
1966-09-10,1966,2,REG,TEN,31,OAK,0,0
1966-09-11,1966,2,REG,ATL,14,LAR,19,0
1966-09-11,1966,2,REG,PIT,34,NYG,34,0
1966-09-11,1966,2,REG,WSH,14,CLE,38,0
1966-09-11,1966,2,REG,BUF,20,KC,42,0
1966-09-11,1966,2,REG,SF,20,MIN,20,0
1966-09-11,1966,2,REG,ARI,16,PHI,13,0
1966-09-11,1966,2,REG,DET,14,CHI,3,0
1966-09-16,1966,3,REG,LAR,31,CHI,17,0
1966-09-18,1966,3,REG,OAK,10,KC,32,0
1966-09-18,1966,3,REG,DEN,10,NE,24,0
1966-09-18,1966,3,REG,MIN,23,IND,38,0
1966-09-18,1966,3,REG,ARI,23,WSH,7,0
1966-09-18,1966,3,REG,NYJ,52,TEN,13,0
1966-09-18,1966,3,REG,DAL,52,NYG,7,0
1966-09-18,1966,3,REG,BUF,58,MIA,24,0
1966-09-18,1966,3,REG,CLE,20,GB,21,0
1966-09-18,1966,3,REG,PIT,17,DET,3,0
1966-09-18,1966,3,REG,PHI,23,ATL,10,0
1966-09-25,1966,4,REG,GB,24,LAR,13,0
1966-09-25,1966,4,REG,BUF,27,TEN,20,0
1966-09-25,1966,4,REG,PIT,27,WSH,33,0
1966-09-25,1966,4,REG,OAK,20,LAC,29,0
1966-09-25,1966,4,REG,PHI,35,NYG,17,0
1966-09-25,1966,4,REG,DAL,28,MIN,17,0
1966-09-25,1966,4,REG,DET,28,ATL,10,0
1966-09-25,1966,4,REG,IND,36,SF,14,0
1966-09-25,1966,4,REG,DEN,7,NYJ,16,0
1966-09-25,1966,4,REG,NE,24,KC,43,0
1966-09-25,1966,4,REG,CLE,28,ARI,34,0
1966-09-30,1966,5,REG,LAR,34,SF,3,0
1966-10-02,1966,5,REG,WSH,24,PIT,10,0
1966-10-02,1966,5,REG,LAC,44,MIA,10,0
1966-10-02,1966,5,REG,MIN,10,CHI,13,0
1966-10-02,1966,5,REG,DEN,40,TEN,38,0
1966-10-02,1966,5,REG,NE,24,NYJ,24,0
1966-10-02,1966,5,REG,GB,23,DET,14,0
1966-10-02,1966,5,REG,ATL,14,DAL,47,0
1966-10-02,1966,5,REG,PHI,10,ARI,41,0
1966-10-02,1966,5,REG,NYG,7,CLE,28,0
1966-10-02,1966,5,REG,KC,14,BUF,29,0
1966-10-08,1966,6,REG,CLE,41,PIT,10,0
1966-10-08,1966,6,REG,BUF,10,NE,20,0
1966-10-08,1966,6,REG,KC,37,DEN,10,0
1966-10-08,1966,6,REG,NYJ,17,LAC,16,0
1966-10-09,1966,6,REG,ARI,24,NYG,19,0
1966-10-09,1966,6,REG,OAK,21,MIA,10,0
1966-10-09,1966,6,REG,SF,21,GB,20,0
1966-10-09,1966,6,REG,WSH,33,ATL,20,0
1966-10-09,1966,6,REG,DET,7,LAR,14,0
1966-10-09,1966,6,REG,CHI,27,IND,17,0
1966-10-09,1966,6,REG,DAL,56,PHI,7,0
1966-10-16,1966,7,REG,PIT,14,PHI,31,0
1966-10-16,1966,7,REG,TEN,24,NYJ,0,0
1966-10-16,1966,7,REG,CHI,0,GB,17,0
1966-10-16,1966,7,REG,IND,45,DET,14,0
1966-10-16,1966,7,REG,ARI,10,DAL,10,0
1966-10-16,1966,7,REG,MIA,24,DEN,7,0
1966-10-16,1966,7,REG,MIN,35,LAR,7,0
1966-10-16,1966,7,REG,BUF,17,LAC,17,0
1966-10-16,1966,7,REG,NYG,13,WSH,10,0
1966-10-16,1966,7,REG,ATL,7,SF,44,0
1966-10-16,1966,7,REG,KC,13,OAK,34,0
1966-10-23,1966,8,REG,NYG,3,PHI,31,0
1966-10-23,1966,8,REG,NE,35,LAC,17,0
1966-10-23,1966,8,REG,NYJ,21,OAK,24,0
1966-10-23,1966,8,REG,IND,20,MIN,17,0
1966-10-23,1966,8,REG,TEN,13,MIA,20,0
1966-10-23,1966,8,REG,DEN,10,KC,56,0
1966-10-23,1966,8,REG,SF,27,DET,24,0
1966-10-23,1966,8,REG,CLE,30,DAL,21,0
1966-10-23,1966,8,REG,GB,56,ATL,3,0
1966-10-23,1966,8,REG,CHI,17,LAR,10,0
1966-10-23,1966,8,REG,WSH,26,ARI,20,0
1966-10-30,1966,9,REG,DET,7,GB,31,0
1966-10-30,1966,9,REG,LAC,24,DEN,17,0
1966-10-30,1966,9,REG,NYJ,23,BUF,33,0
1966-10-30,1966,9,REG,KC,48,TEN,23,0
1966-10-30,1966,9,REG,PHI,13,WSH,27,0
1966-10-30,1966,9,REG,MIN,28,SF,3,0
1966-10-30,1966,9,REG,NE,24,OAK,21,0
1966-10-30,1966,9,REG,LAR,3,IND,17,0
1966-10-30,1966,9,REG,DAL,52,PIT,21,0
1966-10-30,1966,9,REG,ATL,17,CLE,49,0
1966-10-31,1966,9,REG,ARI,24,CHI,17,0
1966-11-06,1966,10,REG,PHI,24,DAL,23,0
1966-11-06,1966,10,REG,GB,17,MIN,20,0
1966-11-06,1966,10,REG,NE,10,DEN,17,0
1966-11-06,1966,10,REG,OAK,38,TEN,23,0
1966-11-06,1966,10,REG,NYG,17,ARI,20,0
1966-11-06,1966,10,REG,PIT,16,CLE,6,0
1966-11-06,1966,10,REG,MIA,0,BUF,29,0
1966-11-06,1966,10,REG,SF,21,LAR,13,0
1966-11-06,1966,10,REG,KC,24,LAC,14,0
1966-11-06,1966,10,REG,CHI,10,DET,10,0
1966-11-06,1966,10,REG,IND,37,WSH,10,0
1966-11-13,1966,11,REG,ATL,7,IND,19,0
1966-11-13,1966,11,REG,PIT,30,ARI,9,0
1966-11-13,1966,11,REG,WSH,30,DAL,31,0
1966-11-13,1966,11,REG,NE,27,TEN,21,0
1966-11-13,1966,11,REG,CLE,27,PHI,7,0
1966-11-13,1966,11,REG,CHI,30,SF,30,0
1966-11-13,1966,11,REG,KC,34,MIA,16,0
1966-11-13,1966,11,REG,LAC,19,OAK,41,0
1966-11-13,1966,11,REG,LAR,55,NYG,14,0
1966-11-13,1966,11,REG,BUF,14,NYJ,3,0
1966-11-13,1966,11,REG,MIN,31,DET,32,0
1966-11-20,1966,12,REG,CLE,14,WSH,3,0
1966-11-20,1966,12,REG,DEN,3,OAK,17,0
1966-11-20,1966,12,REG,SF,34,PHI,35,0
1966-11-20,1966,12,REG,KC,27,NE,27,0
1966-11-20,1966,12,REG,NYJ,30,MIA,13,0
1966-11-20,1966,12,REG,DET,20,IND,14,0
1966-11-20,1966,12,REG,GB,13,CHI,6,0
1966-11-20,1966,12,REG,TEN,20,BUF,42,0
1966-11-20,1966,12,REG,LAR,21,MIN,6,0
1966-11-20,1966,12,REG,NYG,16,ATL,27,0
1966-11-20,1966,12,REG,PIT,7,DAL,20,0
1966-11-24,1966,12,REG,OAK,10,BUF,31,0
1966-11-24,1966,12,REG,DAL,26,CLE,14,0
1966-11-24,1966,12,REG,DET,14,SF,41,0
1966-11-27,1966,13,REG,NYJ,24,KC,32,0
1966-11-27,1966,13,REG,IND,7,LAR,23,0
1966-11-27,1966,13,REG,DEN,20,LAC,17,0
1966-11-27,1966,13,REG,ARI,6,PIT,3,0
1966-11-27,1966,13,REG,MIA,14,NE,20,0
1966-11-27,1966,13,REG,MIN,16,GB,28,0
1966-11-27,1966,13,REG,CHI,23,ATL,6,0
1966-11-27,1966,13,REG,WSH,72,NYG,41,0
1966-12-03,1966,14,REG,OAK,28,NYJ,28,0
1966-12-04,1966,14,REG,PHI,27,PIT,23,0
1966-12-04,1966,14,REG,CLE,49,NYG,40,0
1966-12-04,1966,14,REG,TEN,22,LAC,28,0
1966-12-04,1966,14,REG,DAL,31,ARI,17,0
1966-12-04,1966,14,REG,DEN,17,MIA,7,0
1966-12-04,1966,14,REG,IND,21,CHI,16,0
1966-12-04,1966,14,REG,NE,14,BUF,3,0
1966-12-04,1966,14,REG,MIN,13,ATL,20,0
1966-12-04,1966,14,REG,LAR,23,DET,3,0
1966-12-04,1966,14,REG,GB,20,SF,7,0
1966-12-10,1966,15,REG,IND,10,GB,14,0
1966-12-11,1966,15,REG,DAL,31,WSH,34,0
1966-12-11,1966,15,REG,NYG,28,PIT,47,0
1966-12-11,1966,15,REG,TEN,14,NE,38,0
1966-12-11,1966,15,REG,MIA,18,KC,19,0
1966-12-11,1966,15,REG,OAK,28,DEN,10,0
1966-12-11,1966,15,REG,ATL,16,ARI,10,0
1966-12-11,1966,15,REG,PHI,33,CLE,21,0
1966-12-11,1966,15,REG,SF,41,CHI,14,0
1966-12-11,1966,15,REG,LAC,42,NYJ,27,0
1966-12-11,1966,15,REG,DET,16,MIN,28,0
1966-12-17,1966,16,REG,ARI,10,CLE,38,0
1966-12-17,1966,16,REG,NYJ,38,NE,28,0
1966-12-18,1966,16,REG,MIA,29,TEN,28,0
1966-12-18,1966,16,REG,BUF,38,DEN,21,0
1966-12-18,1966,16,REG,SF,14,IND,30,0
1966-12-18,1966,16,REG,ATL,33,PIT,57,0
1966-12-18,1966,16,REG,WSH,28,PHI,37,0
1966-12-18,1966,16,REG,LAC,17,KC,27,0
1966-12-18,1966,16,REG,LAR,23,GB,27,0
1966-12-18,1966,16,REG,CHI,41,MIN,28,0
1966-12-18,1966,16,REG,NYG,7,DAL,17,0
1967-01-01,1966,,POST,BUF,7,KC,31,0
1967-01-01,1966,,POST,DAL,27,GB,34,0
1967-01-15,1966,,POST,KC,10,GB,35,1
1967-09-03,1967,1,REG,DEN,26,NE,21,0
1967-09-09,1967,1,REG,TEN,20,KC,25,0
1967-09-09,1967,1,REG,LAC,28,NE,14,0
1967-09-10,1967,2,REG,OAK,51,DEN,0,0
1967-09-10,1967,2,REG,BUF,20,NYJ,17,0
1967-09-17,1967,3,REG,GB,17,DET,17,0
1967-09-17,1967,3,REG,PHI,35,WSH,24,0
1967-09-17,1967,3,REG,IND,38,ATL,31,0
1967-09-17,1967,3,REG,MIA,35,DEN,21,0
1967-09-17,1967,3,REG,CLE,14,DAL,21,0
1967-09-17,1967,3,REG,PIT,41,CHI,13,0
1967-09-17,1967,3,REG,OAK,35,NE,7,0
1967-09-17,1967,3,REG,NO,13,LAR,27,0
1967-09-17,1967,3,REG,ARI,20,NYG,37,0
1967-09-17,1967,3,REG,BUF,3,TEN,20,0
1967-09-17,1967,3,REG,MIN,21,SF,27,0
1967-09-22,1967,3,REG,LAR,39,MIN,3,0
1967-09-24,1967,4,REG,BUF,0,NE,23,0
1967-09-24,1967,4,REG,GB,13,CHI,10,0
1967-09-24,1967,4,REG,NO,10,WSH,30,0
1967-09-24,1967,4,REG,LAC,13,TEN,3,0
1967-09-24,1967,4,REG,DEN,24,NYJ,38,0
1967-09-24,1967,4,REG,DAL,38,NYG,24,0
1967-09-24,1967,4,REG,MIA,0,KC,24,0
1967-09-24,1967,4,REG,SF,38,ATL,7,0
1967-09-24,1967,4,REG,DET,31,CLE,14,0
1967-09-24,1967,4,REG,PHI,6,IND,38,0
1967-09-24,1967,4,REG,PIT,14,ARI,28,0
1967-10-01,1967,5,REG,PHI,34,PIT,24,0
1967-10-01,1967,5,REG,IND,41,SF,7,0
1967-10-01,1967,5,REG,WSH,38,NYG,34,0
1967-10-01,1967,5,REG,BUF,17,LAC,37,0
1967-10-01,1967,5,REG,MIN,7,CHI,17,0
1967-10-01,1967,5,REG,NYJ,29,MIA,7,0
1967-10-01,1967,5,REG,OAK,23,KC,21,0
1967-10-01,1967,5,REG,ARI,38,DET,28,0
1967-10-01,1967,5,REG,TEN,10,DEN,6,0
1967-10-01,1967,5,REG,NO,7,CLE,42,0
1967-10-01,1967,5,REG,GB,23,ATL,0,0
1967-10-01,1967,5,REG,DAL,13,LAR,35,0
1967-10-07,1967,5,REG,CLE,21,PIT,10,0
1967-10-07,1967,5,REG,NYJ,27,OAK,14,0
1967-10-08,1967,6,REG,DEN,16,BUF,17,0
1967-10-08,1967,6,REG,KC,41,MIA,0,0
1967-10-08,1967,6,REG,CHI,3,IND,24,0
1967-10-08,1967,6,REG,LAC,31,NE,31,0
1967-10-08,1967,6,REG,LAR,24,SF,27,0
1967-10-08,1967,6,REG,DET,17,GB,27,0
1967-10-08,1967,6,REG,WSH,14,DAL,17,0
1967-10-08,1967,6,REG,NYG,27,NO,21,0
1967-10-08,1967,6,REG,ATL,7,PHI,38,0
1967-10-08,1967,6,REG,MIN,24,ARI,34,0
1967-10-15,1967,7,REG,CLE,20,ARI,16,0
1967-10-15,1967,7,REG,IND,24,LAR,24,0
1967-10-15,1967,7,REG,NE,41,MIA,10,0
1967-10-15,1967,7,REG,CHI,14,DET,3,0
1967-10-15,1967,7,REG,GB,7,MIN,10,0
1967-10-15,1967,7,REG,DAL,14,NO,10,0
1967-10-15,1967,7,REG,PIT,24,NYG,27,0
1967-10-15,1967,7,REG,NYJ,28,TEN,28,0
1967-10-15,1967,7,REG,BUF,20,OAK,24,0
1967-10-15,1967,7,REG,PHI,27,SF,28,0
1967-10-15,1967,7,REG,ATL,20,WSH,20,0
1967-10-15,1967,7,REG,LAC,45,KC,31,0
1967-10-22,1967,8,REG,NYG,21,GB,48,0
1967-10-22,1967,8,REG,SF,27,NO,13,0
1967-10-22,1967,8,REG,MIA,14,NYJ,33,0
1967-10-22,1967,8,REG,NE,14,OAK,48,0
1967-10-22,1967,8,REG,ARI,48,PHI,14,0
1967-10-22,1967,8,REG,KC,19,TEN,24,0
1967-10-22,1967,8,REG,LAR,28,WSH,28,0
1967-10-22,1967,8,REG,DEN,21,LAC,38,0
1967-10-22,1967,8,REG,DET,24,ATL,3,0
1967-10-22,1967,8,REG,CLE,24,CHI,0,0
1967-10-22,1967,8,REG,MIN,20,IND,20,0
1967-10-22,1967,8,REG,PIT,21,DAL,24,0
1967-10-29,1967,9,REG,KC,52,DEN,9,0
1967-10-29,1967,9,REG,PHI,21,DAL,14,0
1967-10-29,1967,9,REG,WSH,13,IND,17,0
1967-10-29,1967,9,REG,NYG,38,CLE,34,0
1967-10-29,1967,9,REG,TEN,10,BUF,3,0
1967-10-29,1967,9,REG,CHI,17,LAR,28,0
1967-10-29,1967,9,REG,SF,3,DET,45,0
1967-10-29,1967,9,REG,OAK,51,LAC,10,0
1967-10-29,1967,9,REG,ATL,21,MIN,20,0
1967-10-29,1967,9,REG,NYJ,30,NE,23,0
1967-10-29,1967,9,REG,NO,10,PIT,14,0
1967-10-30,1967,9,REG,ARI,23,GB,31,0
1967-11-05,1967,10,REG,IND,13,GB,10,0
1967-11-05,1967,10,REG,WSH,21,ARI,27,0
1967-11-05,1967,10,REG,PIT,14,CLE,34,0
1967-11-05,1967,10,REG,DEN,17,OAK,21,0
1967-11-05,1967,10,REG,DET,13,CHI,27,0
1967-11-05,1967,10,REG,DAL,37,ATL,7,0
1967-11-05,1967,10,REG,NO,31,PHI,24,0
1967-11-05,1967,10,REG,NE,18,TEN,7,0
1967-11-05,1967,10,REG,KC,42,NYJ,18,0
1967-11-05,1967,10,REG,MIN,27,NYG,24,0
1967-11-05,1967,10,REG,SF,7,LAR,17,0
1967-11-05,1967,10,REG,BUF,35,MIA,13,0
1967-11-12,1967,11,REG,NE,10,KC,33,0
1967-11-12,1967,11,REG,NYJ,20,BUF,10,0
1967-11-12,1967,11,REG,GB,55,CLE,7,0
1967-11-12,1967,11,REG,ATL,7,IND,49,0
1967-11-12,1967,11,REG,NO,10,DAL,27,0
1967-11-12,1967,11,REG,MIN,10,DET,10,0
1967-11-12,1967,11,REG,LAC,24,MIA,0,0
1967-11-12,1967,11,REG,CHI,34,NYG,7,0
1967-11-12,1967,11,REG,DEN,18,TEN,20,0
1967-11-12,1967,11,REG,ARI,14,PIT,14,0
1967-11-12,1967,11,REG,WSH,31,SF,28,0
1967-11-12,1967,11,REG,LAR,33,PHI,17,0
1967-11-19,1967,12,REG,NYG,28,PIT,20,0
1967-11-19,1967,12,REG,PHI,48,NO,21,0
1967-11-19,1967,12,REG,CLE,14,MIN,10,0
1967-11-19,1967,12,REG,OAK,31,MIA,17,0
1967-11-19,1967,12,REG,IND,41,DET,7,0
1967-11-19,1967,12,REG,CHI,30,ARI,3,0
1967-11-19,1967,12,REG,BUF,20,DEN,21,0
1967-11-19,1967,12,REG,DAL,20,WSH,27,0
1967-11-19,1967,12,REG,GB,13,SF,0,0
1967-11-19,1967,12,REG,NE,24,NYJ,29,0
1967-11-19,1967,12,REG,ATL,3,LAR,31,0
1967-11-19,1967,12,REG,KC,16,LAC,17,0
1967-11-23,1967,12,REG,KC,22,OAK,44,0
1967-11-23,1967,12,REG,DAL,46,ARI,21,0
1967-11-23,1967,12,REG,DET,7,LAR,31,0
1967-11-23,1967,12,REG,LAC,24,DEN,20,0
1967-11-26,1967,13,REG,PIT,27,MIN,41,0
1967-11-26,1967,13,REG,NYG,44,PHI,7,0
1967-11-26,1967,13,REG,TEN,27,NE,6,0
1967-11-26,1967,13,REG,CHI,13,GB,17,0
1967-11-26,1967,13,REG,MIA,17,BUF,14,0
1967-11-26,1967,13,REG,NO,27,ATL,24,0
1967-11-26,1967,13,REG,SF,9,IND,26,0
1967-11-26,1967,13,REG,CLE,42,WSH,37,0
1967-12-03,1967,14,REG,SF,14,CHI,28,0
1967-12-03,1967,14,REG,LAR,20,ATL,3,0
1967-12-03,1967,14,REG,LAC,21,OAK,41,0
1967-12-03,1967,14,REG,WSH,35,PHI,35,0
1967-12-03,1967,14,REG,CLE,24,NYG,14,0
1967-12-03,1967,14,REG,ARI,31,NO,20,0
1967-12-03,1967,14,REG,TEN,17,MIA,14,0
1967-12-03,1967,14,REG,MIN,27,GB,30,0
1967-12-03,1967,14,REG,NYJ,24,DEN,33,0
1967-12-03,1967,14,REG,IND,23,DAL,17,0
1967-12-03,1967,14,REG,DET,14,PIT,24,0
1967-12-03,1967,14,REG,KC,23,BUF,13,0
1967-12-09,1967,14,REG,LAR,27,GB,24,0
1967-12-09,1967,14,REG,NE,16,BUF,44,0
1967-12-10,1967,15,REG,PIT,10,WSH,15,0
1967-12-10,1967,15,REG,CHI,10,MIN,10,0
1967-12-10,1967,15,REG,MIA,41,LAC,24,0
1967-12-10,1967,15,REG,NYJ,7,KC,21,0
1967-12-10,1967,15,REG,ARI,16,CLE,20,0
1967-12-10,1967,15,REG,TEN,7,OAK,19,0
1967-12-10,1967,15,REG,NYG,7,DET,30,0
1967-12-10,1967,15,REG,IND,30,NO,10,0
1967-12-10,1967,15,REG,DAL,38,PHI,17,0
1967-12-10,1967,15,REG,ATL,28,SF,34,0
1967-12-16,1967,15,REG,TEN,24,LAC,17,0
1967-12-16,1967,15,REG,SF,24,DAL,16,0
1967-12-17,1967,16,REG,LAR,34,IND,10,0
1967-12-17,1967,16,REG,PHI,28,CLE,24,0
1967-12-17,1967,16,REG,GB,17,PIT,24,0
1967-12-17,1967,16,REG,OAK,38,NYJ,29,0
1967-12-17,1967,16,REG,MIA,41,NE,32,0
1967-12-17,1967,16,REG,WSH,14,NO,30,0
1967-12-17,1967,16,REG,DET,14,MIN,3,0
1967-12-17,1967,16,REG,DEN,24,KC,38,0
1967-12-17,1967,16,REG,NYG,37,ARI,14,0
1967-12-17,1967,16,REG,ATL,14,CHI,23,0
1967-12-23,1967,,POST,GB,28,LAR,7,0
1967-12-23,1967,16,REG,MIA,10,TEN,41,0
1967-12-24,1967,17,REG,LAC,31,NYJ,42,0
1967-12-24,1967,17,REG,OAK,28,BUF,21,0
1967-12-24,1967,,POST,DAL,52,CLE,14,0
1967-12-31,1967,,POST,OAK,40,TEN,7,0
1967-12-31,1967,,POST,GB,21,DAL,17,0
1968-01-14,1967,,POST,OAK,14,GB,33,1
1968-09-06,1968,1,REG,LAC,29,CIN,13,0
1968-09-08,1968,1,REG,BUF,7,NE,16,0
1968-09-09,1968,1,REG,TEN,21,KC,26,0
1968-09-14,1968,2,REG,MIA,10,TEN,24,0
1968-09-14,1968,2,REG,MIN,47,ATL,7,0
1968-09-15,1968,2,REG,BUF,6,OAK,48,0
1968-09-15,1968,2,REG,KC,19,NYJ,20,0
1968-09-15,1968,2,REG,PIT,20,NYG,34,0
1968-09-15,1968,2,REG,CIN,24,DEN,10,0
1968-09-15,1968,2,REG,DAL,59,DET,13,0
1968-09-15,1968,2,REG,CHI,28,WSH,38,0
1968-09-15,1968,2,REG,NO,10,CLE,24,0
1968-09-15,1968,2,REG,IND,27,SF,10,0
1968-09-15,1968,2,REG,GB,30,PHI,13,0
1968-09-16,1968,2,REG,ARI,13,LAR,24,0
1968-09-21,1968,3,REG,LAC,30,TEN,14,0
1968-09-21,1968,3,REG,MIA,21,OAK,47,0
1968-09-22,1968,3,REG,DET,42,CHI,0,0
1968-09-22,1968,3,REG,LAR,45,PIT,10,0
1968-09-22,1968,3,REG,SF,35,ARI,17,0
1968-09-22,1968,3,REG,GB,13,MIN,26,0
1968-09-22,1968,3,REG,DAL,28,CLE,7,0
1968-09-22,1968,3,REG,CIN,34,BUF,23,0
1968-09-22,1968,3,REG,KC,34,DEN,2,0
1968-09-22,1968,3,REG,ATL,20,IND,28,0
1968-09-22,1968,3,REG,NO,37,WSH,17,0
1968-09-22,1968,3,REG,NE,31,NYJ,47,0
1968-09-22,1968,3,REG,PHI,25,NYG,34,0
1968-09-28,1968,4,REG,MIA,3,KC,48,0
1968-09-29,1968,4,REG,GB,17,DET,23,0
1968-09-29,1968,4,REG,MIN,17,CHI,27,0
1968-09-29,1968,4,REG,CIN,10,LAC,31,0
1968-09-29,1968,4,REG,CLE,6,LAR,24,0
1968-09-29,1968,4,REG,NYG,48,WSH,21,0
1968-09-29,1968,4,REG,TEN,15,OAK,24,0
1968-09-29,1968,4,REG,BUF,37,NYJ,35,0
1968-09-29,1968,4,REG,DEN,17,NE,20,0
1968-09-29,1968,4,REG,PHI,13,DAL,45,0
1968-09-29,1968,4,REG,NO,20,ARI,21,0
1968-09-29,1968,4,REG,PIT,7,IND,41,0
1968-09-29,1968,4,REG,SF,28,ATL,13,0
1968-10-05,1968,5,REG,CLE,31,PIT,24,0
1968-10-05,1968,5,REG,NYJ,23,LAC,20,0
1968-10-05,1968,5,REG,BUF,7,KC,18,0
1968-10-06,1968,5,REG,WSH,17,PHI,14,0
1968-10-06,1968,5,REG,ATL,7,GB,38,0
1968-10-06,1968,5,REG,TEN,7,MIA,24,0
1968-10-06,1968,5,REG,MIN,24,DET,10,0
1968-10-06,1968,5,REG,DEN,10,CIN,7,0
1968-10-06,1968,5,REG,IND,28,CHI,7,0
1968-10-06,1968,5,REG,ARI,10,DAL,27,0
1968-10-06,1968,5,REG,LAR,24,SF,10,0
1968-10-06,1968,5,REG,NYG,38,NO,21,0
1968-10-06,1968,5,REG,OAK,41,NE,10,0
1968-10-12,1968,6,REG,MIA,14,BUF,14,0
1968-10-13,1968,6,REG,NYJ,13,DEN,21,0
1968-10-13,1968,6,REG,GB,14,LAR,16,0
1968-10-13,1968,6,REG,OAK,14,LAC,23,0
1968-10-13,1968,6,REG,WSH,16,PIT,13,0
1968-10-13,1968,6,REG,DAL,34,PHI,14,0
1968-10-13,1968,6,REG,NE,0,TEN,16,0
1968-10-13,1968,6,REG,ATL,24,NYG,21,0
1968-10-13,1968,6,REG,NO,20,MIN,17,0
1968-10-13,1968,6,REG,CLE,21,ARI,27,0
1968-10-13,1968,6,REG,SF,14,IND,42,0
1968-10-13,1968,6,REG,KC,13,CIN,3,0
1968-10-13,1968,6,REG,CHI,10,DET,28,0
1968-10-20,1968,7,REG,ARI,41,WSH,14,0
1968-10-20,1968,7,REG,NE,23,BUF,6,0
1968-10-20,1968,7,REG,IND,20,CLE,30,0
1968-10-20,1968,7,REG,PHI,16,CHI,29,0
1968-10-20,1968,7,REG,LAR,27,ATL,14,0
1968-10-20,1968,7,REG,LAC,55,DEN,24,0
1968-10-20,1968,7,REG,MIN,7,DAL,20,0
1968-10-20,1968,7,REG,DET,14,GB,14,0
1968-10-20,1968,7,REG,PIT,12,NO,16,0
1968-10-20,1968,7,REG,CIN,22,MIA,24,0
1968-10-20,1968,7,REG,TEN,14,NYJ,20,0
1968-10-20,1968,7,REG,KC,24,OAK,10,0
1968-10-20,1968,7,REG,NYG,10,SF,26,0
1968-10-27,1968,8,REG,OAK,31,CIN,10,0
1968-10-27,1968,8,REG,CLE,30,ATL,7,0
1968-10-27,1968,8,REG,WSH,10,NYG,13,0
1968-10-27,1968,8,REG,KC,27,LAC,20,0
1968-10-27,1968,8,REG,IND,27,LAR,10,0
1968-10-27,1968,8,REG,DET,7,SF,14,0
1968-10-27,1968,8,REG,PIT,6,PHI,3,0
1968-10-27,1968,8,REG,BUF,7,TEN,30,0
1968-10-27,1968,8,REG,NYJ,48,NE,14,0
1968-10-27,1968,8,REG,ARI,31,NO,17,0
1968-10-27,1968,8,REG,CHI,26,MIN,24,0
1968-10-27,1968,8,REG,DEN,21,MIA,14,0
1968-10-28,1968,8,REG,DAL,17,GB,28,0
1968-11-03,1968,9,REG,MIN,27,WSH,14,0
1968-11-03,1968,9,REG,LAR,10,DET,7,0
1968-11-03,1968,9,REG,CIN,17,TEN,27,0
1968-11-03,1968,9,REG,NE,14,DEN,35,0
1968-11-03,1968,9,REG,SF,21,CLE,33,0
1968-11-03,1968,9,REG,NYJ,25,BUF,21,0
1968-11-03,1968,9,REG,GB,10,CHI,13,0
1968-11-03,1968,9,REG,NYG,0,IND,26,0
1968-11-03,1968,9,REG,PHI,17,ARI,45,0
1968-11-03,1968,9,REG,NO,3,DAL,17,0
1968-11-03,1968,9,REG,OAK,38,KC,21,0
1968-11-03,1968,9,REG,LAC,34,MIA,28,0
1968-11-03,1968,9,REG,ATL,21,PIT,41,0
1968-11-10,1968,10,REG,NE,17,LAC,27,0
1968-11-10,1968,10,REG,ATL,10,LAR,17,0
1968-11-10,1968,10,REG,BUF,17,MIA,21,0
1968-11-10,1968,10,REG,DEN,7,OAK,43,0
1968-11-10,1968,10,REG,ARI,28,PIT,28,0
1968-11-10,1968,10,REG,NYJ,26,TEN,7,0
1968-11-10,1968,10,REG,CHI,27,SF,19,0
1968-11-10,1968,10,REG,DAL,21,NYG,27,0
1968-11-10,1968,10,REG,CLE,35,NO,17,0
1968-11-10,1968,10,REG,CIN,9,KC,16,0
1968-11-10,1968,10,REG,MIN,14,GB,10,0
1968-11-10,1968,10,REG,DET,10,IND,27,0
1968-11-10,1968,10,REG,PHI,10,WSH,16,0
1968-11-17,1968,11,REG,OAK,43,NYJ,32,0
1968-11-17,1968,11,REG,NYG,7,PHI,6,0
1968-11-17,1968,11,REG,KC,31,NE,17,0
1968-11-17,1968,11,REG,SF,20,LAR,20,0
1968-11-17,1968,11,REG,GB,29,NO,7,0
1968-11-17,1968,11,REG,TEN,38,DEN,17,0
1968-11-17,1968,11,REG,DET,6,MIN,13,0
1968-11-17,1968,11,REG,WSH,24,DAL,44,0
1968-11-17,1968,11,REG,BUF,6,LAC,21,0
1968-11-17,1968,11,REG,IND,27,ARI,0,0
1968-11-17,1968,11,REG,PIT,24,CLE,45,0
1968-11-17,1968,11,REG,MIA,21,CIN,38,0
1968-11-17,1968,11,REG,CHI,13,ATL,16,0
1968-11-24,1968,12,REG,IND,21,MIN,9,0
1968-11-24,1968,12,REG,LAC,15,NYJ,37,0
1968-11-24,1968,12,REG,ARI,17,ATL,12,0
1968-11-24,1968,12,REG,DEN,34,BUF,32,0
1968-11-24,1968,12,REG,CHI,3,DAL,34,0
1968-11-24,1968,12,REG,WSH,7,GB,27,0
1968-11-24,1968,12,REG,NE,10,MIA,34,0
1968-11-24,1968,12,REG,DET,20,NO,20,0
1968-11-24,1968,12,REG,CLE,47,PHI,13,0
1968-11-24,1968,12,REG,CIN,0,OAK,34,0
1968-11-24,1968,12,REG,PIT,28,SF,45,0
1968-11-24,1968,12,REG,LAR,24,NYG,21,0
1968-11-28,1968,12,REG,KC,24,TEN,10,0
1968-11-28,1968,12,REG,OAK,13,BUF,10,0
1968-11-28,1968,12,REG,DET,0,PHI,12,0
1968-11-28,1968,12,REG,DAL,29,WSH,20,0
1968-12-01,1968,13,REG,DEN,23,LAC,47,0
1968-12-01,1968,13,REG,CLE,45,NYG,10,0
1968-12-01,1968,13,REG,NO,17,CHI,23,0
1968-12-01,1968,13,REG,IND,44,ATL,0,0
1968-12-01,1968,13,REG,NYJ,35,MIA,17,0
1968-12-01,1968,13,REG,MIN,3,LAR,31,0
1968-12-01,1968,13,REG,NE,33,CIN,14,0
1968-12-01,1968,13,REG,PIT,10,ARI,20,0
1968-12-01,1968,13,REG,SF,27,GB,20,0
1968-12-07,1968,14,REG,TEN,35,BUF,6,0
1968-12-07,1968,14,REG,GB,3,IND,16,0
1968-12-08,1968,14,REG,DAL,28,PIT,7,0
1968-12-08,1968,14,REG,ATL,7,DET,24,0
1968-12-08,1968,14,REG,MIA,38,NE,7,0
1968-12-08,1968,14,REG,PHI,29,NO,17,0
1968-12-08,1968,14,REG,SF,20,MIN,30,0
1968-12-08,1968,14,REG,OAK,33,DEN,27,0
1968-12-08,1968,14,REG,NYG,21,ARI,28,0
1968-12-08,1968,14,REG,WSH,21,CLE,24,0
1968-12-08,1968,14,REG,LAR,16,CHI,17,0
1968-12-08,1968,14,REG,LAC,3,KC,40,0
1968-12-08,1968,14,REG,NYJ,27,CIN,14,0
1968-12-14,1968,15,REG,DEN,7,KC,30,0
1968-12-14,1968,15,REG,ARI,27,CLE,16,0
1968-12-15,1968,15,REG,LAC,27,OAK,34,0
1968-12-15,1968,15,REG,TEN,45,NE,17,0
1968-12-15,1968,15,REG,CHI,27,GB,28,0
1968-12-15,1968,15,REG,ATL,12,SF,14,0
1968-12-15,1968,15,REG,NO,24,PIT,14,0
1968-12-15,1968,15,REG,LAR,24,IND,28,0
1968-12-15,1968,15,REG,WSH,14,DET,3,0
1968-12-15,1968,15,REG,MIA,7,NYJ,31,0
1968-12-15,1968,15,REG,PHI,17,MIN,24,0
1968-12-15,1968,15,REG,NYG,10,DAL,28,0
1968-12-21,1968,,POST,CLE,31,DAL,20,0
1968-12-22,1968,,POST,OAK,41,KC,6,0
1968-12-22,1968,,POST,IND,24,MIN,14,0
1968-12-29,1968,,POST,NYJ,27,OAK,23,0
1968-12-29,1968,,POST,CLE,0,IND,34,0
1969-01-12,1968,,POST,NYJ,16,IND,7,1
1969-09-14,1969,1,REG,BUF,19,NYJ,33,0
1969-09-14,1969,1,REG,OAK,21,TEN,17,0
1969-09-14,1969,1,REG,DEN,35,NE,7,0
1969-09-14,1969,1,REG,CIN,27,MIA,21,0
1969-09-14,1969,1,REG,LAC,9,KC,27,0
1969-09-20,1969,1,REG,OAK,20,MIA,17,0
1969-09-21,1969,2,REG,GB,17,CHI,0,0
1969-09-21,1969,2,REG,DEN,21,NYJ,19,0
1969-09-21,1969,2,REG,NE,0,KC,31,0
1969-09-21,1969,2,REG,CIN,34,LAC,20,0
1969-09-21,1969,2,REG,NYG,24,MIN,23,0
1969-09-21,1969,2,REG,BUF,3,TEN,17,0
1969-09-21,1969,2,REG,IND,20,LAR,27,0
1969-09-21,1969,2,REG,PIT,16,DET,13,0
1969-09-21,1969,2,REG,DAL,24,ARI,3,0
1969-09-21,1969,2,REG,NO,20,WSH,26,0
1969-09-21,1969,2,REG,PHI,20,CLE,27,0
1969-09-21,1969,2,REG,ATL,24,SF,12,0
1969-09-28,1969,3,REG,NE,23,OAK,38,0
1969-09-28,1969,3,REG,PHI,41,PIT,27,0
1969-09-28,1969,3,REG,DET,24,NYG,0,0
1969-09-28,1969,3,REG,TEN,22,MIA,10,0
1969-09-28,1969,3,REG,CIN,24,KC,19,0
1969-09-28,1969,3,REG,BUF,41,DEN,28,0
1969-09-28,1969,3,REG,NO,17,DAL,21,0
1969-09-28,1969,3,REG,MIN,52,IND,14,0
1969-09-28,1969,3,REG,LAR,17,ATL,7,0
1969-09-28,1969,3,REG,ARI,20,CHI,17,0
1969-09-28,1969,3,REG,CLE,27,WSH,23,0
1969-09-28,1969,3,REG,LAC,34,NYJ,27,0
1969-09-28,1969,3,REG,GB,14,SF,7,0
1969-10-04,1969,3,REG,MIA,20,OAK,20,0
1969-10-04,1969,3,REG,LAC,21,CIN,14,0
1969-10-05,1969,4,REG,SF,17,WSH,17,0
1969-10-05,1969,4,REG,NYG,28,CHI,24,0
1969-10-05,1969,4,REG,MIN,19,GB,7,0
1969-10-05,1969,4,REG,CLE,21,DET,28,0
1969-10-05,1969,4,REG,PHI,7,DAL,38,0
1969-10-05,1969,4,REG,PIT,14,ARI,27,0
1969-10-05,1969,4,REG,ATL,14,IND,21,0
1969-10-05,1969,4,REG,LAR,36,NO,17,0
1969-10-05,1969,4,REG,TEN,28,BUF,14,0
1969-10-05,1969,4,REG,NE,14,NYJ,23,0
1969-10-05,1969,4,REG,DEN,13,KC,26,0
1969-10-11,1969,4,REG,BUF,23,NE,16,0
1969-10-11,1969,4,REG,MIA,14,LAC,21,0
1969-10-12,1969,5,REG,DET,17,GB,28,0
1969-10-12,1969,5,REG,WSH,33,ARI,17,0
1969-10-12,1969,5,REG,DEN,14,OAK,24,0
1969-10-12,1969,5,REG,NYG,10,PIT,7,0
1969-10-12,1969,5,REG,KC,24,TEN,0,0
1969-10-12,1969,5,REG,ATL,17,DAL,24,0
1969-10-12,1969,5,REG,NO,17,CLE,27,0
1969-10-12,1969,5,REG,CIN,7,NYJ,21,0
1969-10-12,1969,5,REG,CHI,0,MIN,31,0
1969-10-12,1969,5,REG,SF,21,LAR,27,0
1969-10-13,1969,5,REG,IND,24,PHI,20,0
1969-10-18,1969,5,REG,CLE,42,PIT,31,0
1969-10-19,1969,6,REG,NO,10,IND,30,0
1969-10-19,1969,6,REG,CIN,23,DEN,30,0
1969-10-19,1969,6,REG,KC,17,MIA,10,0
1969-10-19,1969,6,REG,ARI,10,MIN,27,0
1969-10-19,1969,6,REG,WSH,20,NYG,14,0
1969-10-19,1969,6,REG,NE,10,LAC,13,0
1969-10-19,1969,6,REG,DET,13,CHI,7,0
1969-10-19,1969,6,REG,LAR,34,GB,21,0
1969-10-19,1969,6,REG,SF,7,ATL,21,0
1969-10-19,1969,6,REG,OAK,50,BUF,21,0
1969-10-19,1969,6,REG,DAL,49,PHI,14,0
1969-10-20,1969,6,REG,NYJ,26,TEN,17,0
1969-10-26,1969,7,REG,GB,28,ATL,10,0
1969-10-26,1969,7,REG,CHI,7,LAR,9,0
1969-10-26,1969,7,REG,IND,21,SF,24,0
1969-10-26,1969,7,REG,NYJ,23,NE,17,0
1969-10-26,1969,7,REG,PHI,13,NO,10,0
1969-10-26,1969,7,REG,MIA,24,BUF,6,0
1969-10-26,1969,7,REG,MIN,24,DET,10,0
1969-10-26,1969,7,REG,TEN,24,DEN,21,0
1969-10-26,1969,7,REG,CLE,21,ARI,21,0
1969-10-26,1969,7,REG,KC,42,CIN,22,0
1969-10-26,1969,7,REG,PIT,7,WSH,14,0
1969-10-26,1969,7,REG,LAC,12,OAK,24,0
1969-10-27,1969,7,REG,DAL,25,NYG,3,0
1969-11-02,1969,8,REG,BUF,7,KC,29,0
1969-11-02,1969,8,REG,SF,14,DET,26,0
1969-11-02,1969,8,REG,IND,41,WSH,17,0
1969-11-02,1969,8,REG,CIN,31,OAK,17,0
1969-11-02,1969,8,REG,NYG,20,PHI,23,0
1969-11-02,1969,8,REG,ARI,42,NO,51,0
1969-11-02,1969,8,REG,PIT,34,GB,38,0
1969-11-02,1969,8,REG,ATL,6,LAR,38,0
1969-11-02,1969,8,REG,DEN,13,LAC,0,0
1969-11-02,1969,8,REG,NYJ,34,MIA,31,0
1969-11-02,1969,8,REG,CLE,42,DAL,10,0
1969-11-02,1969,8,REG,MIN,31,CHI,14,0
1969-11-02,1969,8,REG,NE,24,TEN,0,0
1969-11-09,1969,9,REG,NE,16,MIA,17,0
1969-11-09,1969,9,REG,ARI,42,NYG,17,0
1969-11-09,1969,9,REG,CHI,38,PIT,7,0
1969-11-09,1969,9,REG,OAK,41,DEN,10,0
1969-11-09,1969,9,REG,KC,27,LAC,3,0
1969-11-09,1969,9,REG,DAL,33,NO,17,0
1969-11-09,1969,9,REG,DET,27,ATL,21,0
1969-11-09,1969,9,REG,NYJ,16,BUF,6,0
1969-11-09,1969,9,REG,LAR,41,SF,30,0
1969-11-09,1969,9,REG,TEN,31,CIN,31,0
1969-11-09,1969,9,REG,MIN,51,CLE,3,0
1969-11-09,1969,9,REG,WSH,28,PHI,28,0
1969-11-09,1969,9,REG,IND,14,GB,6,0
1969-11-16,1969,10,REG,CIN,14,NE,25,0
1969-11-16,1969,10,REG,OAK,21,LAC,16,0
1969-11-16,1969,10,REG,WSH,28,DAL,41,0
1969-11-16,1969,10,REG,SF,20,IND,17,0
1969-11-16,1969,10,REG,NYG,24,NO,25,0
1969-11-16,1969,10,REG,GB,7,MIN,9,0
1969-11-16,1969,10,REG,BUF,28,MIA,3,0
1969-11-16,1969,10,REG,NYJ,16,KC,34,0
1969-11-16,1969,10,REG,DET,20,ARI,0,0
1969-11-16,1969,10,REG,PIT,3,CLE,24,0
1969-11-16,1969,10,REG,ATL,48,CHI,31,0
1969-11-16,1969,10,REG,PHI,17,LAR,23,0
1969-11-16,1969,10,REG,DEN,20,TEN,20,0
1969-11-23,1969,11,REG,LAR,24,DAL,23,0
1969-11-23,1969,11,REG,MIA,7,TEN,32,0
1969-11-23,1969,11,REG,ARI,30,PHI,34,0
1969-11-23,1969,11,REG,KC,24,OAK,27,0
1969-11-23,1969,11,REG,NO,43,SF,38,0
1969-11-23,1969,11,REG,CLE,28,NYG,17,0
1969-11-23,1969,11,REG,WSH,27,ATL,20,0
1969-11-23,1969,11,REG,MIN,52,PIT,14,0
1969-11-23,1969,11,REG,LAC,45,DEN,24,0
1969-11-23,1969,11,REG,NE,35,BUF,21,0
1969-11-23,1969,11,REG,NYJ,40,CIN,7,0
1969-11-23,1969,11,REG,GB,10,DET,16,0
1969-11-23,1969,11,REG,CHI,21,IND,24,0
1969-11-27,1969,11,REG,DAL,24,SF,24,0
1969-11-27,1969,11,REG,KC,31,DEN,17,0
1969-11-27,1969,11,REG,TEN,17,LAC,21,0
1969-11-27,1969,11,REG,DET,0,MIN,27,0
1969-11-30,1969,12,REG,WSH,13,LAR,24,0
1969-11-30,1969,12,REG,MIA,23,NE,38,0
1969-11-30,1969,12,REG,CHI,24,CLE,28,0
1969-11-30,1969,12,REG,NO,26,PHI,17,0
1969-11-30,1969,12,REG,BUF,16,CIN,13,0
1969-11-30,1969,12,REG,ARI,47,PIT,10,0
1969-11-30,1969,12,REG,IND,13,ATL,6,0
1969-11-30,1969,12,REG,NYJ,14,OAK,27,0
1969-11-30,1969,12,REG,GB,20,NYG,10,0
1969-12-06,1969,12,REG,SF,42,CHI,21,0
1969-12-06,1969,12,REG,TEN,26,NYJ,34,0
1969-12-07,1969,13,REG,PHI,29,WSH,34,0
1969-12-07,1969,13,REG,KC,22,BUF,19,0
1969-12-07,1969,13,REG,OAK,37,CIN,17,0
1969-12-07,1969,13,REG,ATL,45,NO,17,0
1969-12-07,1969,13,REG,CLE,20,GB,7,0
1969-12-07,1969,13,REG,IND,17,DET,17,0
1969-12-07,1969,13,REG,NYG,49,ARI,6,0
1969-12-07,1969,13,REG,MIA,27,DEN,24,0
1969-12-07,1969,13,REG,PIT,7,DAL,10,0
1969-12-07,1969,13,REG,LAR,13,MIN,20,0
1969-12-07,1969,13,REG,LAC,28,NE,18,0
1969-12-13,1969,13,REG,OAK,10,KC,6,0
1969-12-13,1969,13,REG,DAL,27,IND,10,0
1969-12-14,1969,14,REG,ARI,21,CLE,27,0
1969-12-14,1969,14,REG,LAC,45,BUF,6,0
1969-12-14,1969,14,REG,MIN,10,SF,7,0
1969-12-14,1969,14,REG,DET,28,LAR,0,0
1969-12-14,1969,14,REG,PHI,3,ATL,27,0
1969-12-14,1969,14,REG,DEN,27,CIN,16,0
1969-12-14,1969,14,REG,CHI,3,GB,21,0
1969-12-14,1969,14,REG,TEN,27,NE,23,0
1969-12-14,1969,14,REG,MIA,9,NYJ,27,0
1969-12-14,1969,14,REG,PIT,17,NYG,21,0
1969-12-14,1969,14,REG,WSH,17,NO,14,0
1969-12-20,1969,,POST,NYJ,6,KC,13,0
1969-12-21,1969,15,REG,SF,14,PHI,13,0
1969-12-21,1969,15,REG,GB,45,ARI,28,0
1969-12-21,1969,15,REG,ATL,10,MIN,3,0
1969-12-21,1969,15,REG,NO,27,PIT,24,0
1969-12-21,1969,15,REG,DAL,20,WSH,10,0
1969-12-21,1969,,POST,OAK,56,TEN,7,0
1969-12-21,1969,15,REG,NYG,27,CLE,14,0
1969-12-21,1969,15,REG,LAR,7,IND,13,0
1969-12-21,1969,15,REG,CHI,3,DET,20,0
1969-12-27,1969,,POST,MIN,23,LAR,20,0
1969-12-28,1969,,POST,DAL,14,CLE,38,0
1970-01-04,1969,,POST,MIN,27,CLE,7,0
1970-01-04,1969,,POST,OAK,7,KC,17,0
1970-01-11,1969,,POST,MIN,7,KC,23,1
1970-09-18,1970,1,REG,LAR,34,ARI,13,0
1970-09-19,1970,1,REG,NYG,16,CHI,24,0
1970-09-20,1970,1,REG,LAC,14,IND,16,0
1970-09-20,1970,1,REG,CIN,31,OAK,21,0
1970-09-20,1970,1,REG,SF,26,WSH,17,0
1970-09-20,1970,1,REG,PHI,7,DAL,17,0
1970-09-20,1970,1,REG,BUF,10,DEN,25,0
1970-09-20,1970,1,REG,GB,0,DET,40,0
1970-09-20,1970,1,REG,MIN,27,KC,10,0
1970-09-20,1970,1,REG,NO,3,ATL,14,0
1970-09-20,1970,1,REG,NE,27,MIA,14,0
1970-09-20,1970,1,REG,PIT,7,TEN,19,0
1970-09-21,1970,1,REG,CLE,31,NYJ,21,0
1970-09-27,1970,2,REG,CHI,20,PHI,16,0
1970-09-27,1970,2,REG,LAC,27,OAK,27,0
1970-09-27,1970,2,REG,SF,34,CLE,31,0
1970-09-27,1970,2,REG,NE,21,NYJ,31,0
1970-09-27,1970,2,REG,MIN,26,NO,0,0
1970-09-27,1970,2,REG,GB,27,ATL,24,0
1970-09-27,1970,2,REG,DET,38,CIN,3,0
1970-09-27,1970,2,REG,DEN,16,PIT,13,0
1970-09-27,1970,2,REG,DAL,28,NYG,10,0
1970-09-27,1970,2,REG,ARI,27,WSH,17,0
1970-09-27,1970,2,REG,TEN,10,MIA,20,0
1970-09-27,1970,2,REG,BUF,0,LAR,19,0
1970-09-28,1970,2,REG,IND,24,KC,44,0
1970-10-03,1970,3,REG,CLE,15,PIT,7,0
1970-10-03,1970,3,REG,MIA,20,OAK,13,0
1970-10-04,1970,3,REG,CIN,13,TEN,20,0
1970-10-04,1970,3,REG,NE,6,IND,14,0
1970-10-04,1970,3,REG,ATL,21,SF,20,0
1970-10-04,1970,3,REG,DEN,26,KC,13,0
1970-10-04,1970,3,REG,BUF,34,NYJ,31,0
1970-10-04,1970,3,REG,PHI,21,WSH,33,0
1970-10-04,1970,3,REG,GB,13,MIN,10,0
1970-10-04,1970,3,REG,NO,14,NYG,10,0
1970-10-04,1970,3,REG,LAR,37,LAC,10,0
1970-10-04,1970,3,REG,ARI,20,DAL,7,0
1970-10-05,1970,3,REG,DET,28,CHI,14,0
1970-10-10,1970,4,REG,NYJ,6,MIA,20,0
1970-10-11,1970,4,REG,WSH,31,DET,10,0
1970-10-11,1970,4,REG,LAR,6,SF,20,0
1970-10-11,1970,4,REG,PIT,23,BUF,10,0
1970-10-11,1970,4,REG,TEN,20,IND,24,0
1970-10-11,1970,4,REG,NYG,30,PHI,23,0
1970-10-11,1970,4,REG,KC,23,NE,10,0
1970-10-11,1970,4,REG,DAL,13,ATL,0,0
1970-10-11,1970,4,REG,ARI,24,NO,17,0
1970-10-11,1970,4,REG,CLE,30,CIN,27,0
1970-10-11,1970,4,REG,CHI,0,MIN,24,0
1970-10-11,1970,4,REG,OAK,35,DEN,23,0
1970-10-12,1970,4,REG,LAC,20,GB,22,0
1970-10-18,1970,5,REG,SF,20,NO,20,0
1970-10-18,1970,5,REG,PHI,20,ARI,35,0
1970-10-18,1970,5,REG,TEN,3,PIT,7,0
1970-10-18,1970,5,REG,NYJ,22,IND,29,0
1970-10-18,1970,5,REG,NE,0,NYG,16,0
1970-10-18,1970,5,REG,MIN,54,DAL,13,0
1970-10-18,1970,5,REG,DEN,24,ATL,10,0
1970-10-18,1970,5,REG,CLE,24,DET,41,0
1970-10-18,1970,5,REG,CIN,19,KC,27,0
1970-10-18,1970,5,REG,BUF,14,MIA,33,0
1970-10-18,1970,5,REG,GB,21,LAR,31,0
1970-10-18,1970,5,REG,CHI,7,LAC,20,0
1970-10-19,1970,5,REG,OAK,34,WSH,20,0
1970-10-25,1970,6,REG,NYG,35,ARI,17,0
1970-10-25,1970,6,REG,MIA,0,CLE,28,0
1970-10-25,1970,6,REG,KC,16,DAL,27,0
1970-10-25,1970,6,REG,GB,30,PHI,17,0
1970-10-25,1970,6,REG,IND,27,NE,3,0
1970-10-25,1970,6,REG,CHI,10,DET,16,0
1970-10-25,1970,6,REG,ATL,32,NO,14,0
1970-10-25,1970,6,REG,NYJ,6,BUF,10,0
1970-10-25,1970,6,REG,WSH,20,CIN,0,0
1970-10-25,1970,6,REG,LAC,31,TEN,31,0
1970-10-25,1970,6,REG,SF,19,DEN,14,0
1970-10-25,1970,6,REG,OAK,31,PIT,14,0
1970-10-26,1970,6,REG,MIN,13,LAR,3,0
1970-11-01,1970,7,REG,DAL,21,PHI,17,0
1970-11-01,1970,7,REG,CLE,10,LAC,27,0
1970-11-01,1970,7,REG,ATL,14,CHI,23,0
1970-11-01,1970,7,REG,ARI,44,TEN,0,0
1970-11-01,1970,7,REG,NO,17,LAR,30,0
1970-11-01,1970,7,REG,SF,26,GB,10,0
1970-11-01,1970,7,REG,DET,17,MIN,30,0
1970-11-01,1970,7,REG,DEN,3,WSH,19,0
1970-11-01,1970,7,REG,IND,35,MIA,0,0
1970-11-01,1970,7,REG,NYJ,10,NYG,22,0
1970-11-01,1970,7,REG,NE,10,BUF,45,0
1970-11-01,1970,7,REG,KC,17,OAK,17,0
1970-11-02,1970,7,REG,PIT,21,CIN,10,0
1970-11-08,1970,8,REG,ARI,31,NE,0,0
1970-11-08,1970,8,REG,BUF,14,CIN,43,0
1970-11-08,1970,8,REG,NO,19,DET,17,0
1970-11-08,1970,8,REG,LAC,24,DEN,21,0
1970-11-08,1970,8,REG,LAR,10,ATL,10,0
1970-11-08,1970,8,REG,WSH,10,MIN,19,0
1970-11-08,1970,8,REG,OAK,23,CLE,20,0
1970-11-08,1970,8,REG,PIT,21,NYJ,17,0
1970-11-08,1970,8,REG,PHI,24,MIA,17,0
1970-11-08,1970,8,REG,NYG,23,DAL,20,0
1970-11-08,1970,8,REG,KC,24,TEN,9,0
1970-11-08,1970,8,REG,CHI,16,SF,37,0
1970-11-09,1970,8,REG,GB,10,IND,13,0
1970-11-15,1970,9,REG,IND,17,BUF,17,0
1970-11-15,1970,9,REG,CIN,14,CLE,10,0
1970-11-15,1970,9,REG,LAR,20,NYJ,31,0
1970-11-15,1970,9,REG,PHI,13,ATL,13,0
1970-11-15,1970,9,REG,PIT,14,KC,31,0
1970-11-15,1970,9,REG,GB,20,CHI,19,0
1970-11-15,1970,9,REG,DEN,19,OAK,24,0
1970-11-15,1970,9,REG,NE,14,LAC,16,0
1970-11-15,1970,9,REG,MIN,24,DET,20,0
1970-11-15,1970,9,REG,TEN,20,SF,30,0
1970-11-15,1970,9,REG,NYG,35,WSH,33,0
1970-11-15,1970,9,REG,MIA,21,NO,10,0
1970-11-16,1970,9,REG,DAL,0,ARI,38,0
1970-11-22,1970,10,REG,NO,6,DEN,31,0
1970-11-22,1970,10,REG,CLE,28,TEN,14,0
1970-11-22,1970,10,REG,DET,28,SF,7,0
1970-11-22,1970,10,REG,KC,6,ARI,6,0
1970-11-22,1970,10,REG,NYJ,17,NE,3,0
1970-11-22,1970,10,REG,MIA,34,IND,17,0
1970-11-22,1970,10,REG,MIN,10,GB,3,0
1970-11-22,1970,10,REG,CIN,34,PIT,7,0
1970-11-22,1970,10,REG,WSH,21,DAL,45,0
1970-11-22,1970,10,REG,ATL,7,LAR,17,0
1970-11-22,1970,10,REG,OAK,20,LAC,17,0
1970-11-22,1970,10,REG,CHI,31,BUF,13,0
1970-11-23,1970,10,REG,PHI,23,NYG,20,0
1970-11-26,1970,10,REG,DET,28,OAK,14,0
1970-11-26,1970,10,REG,DAL,16,GB,3,0
1970-11-29,1970,11,REG,BUF,10,NE,14,0
1970-11-29,1970,11,REG,SF,13,LAR,30,0
1970-11-29,1970,11,REG,ARI,23,PHI,14,0
1970-11-29,1970,11,REG,IND,21,CHI,20,0
1970-11-29,1970,11,REG,CIN,26,NO,6,0
1970-11-29,1970,11,REG,WSH,24,NYG,27,0
1970-11-29,1970,11,REG,PIT,28,CLE,9,0
1970-11-29,1970,11,REG,TEN,31,DEN,21,0
1970-11-29,1970,11,REG,NYJ,20,MIN,10,0
1970-11-29,1970,11,REG,KC,26,LAC,14,0
1970-11-30,1970,11,REG,ATL,7,MIA,20,0
1970-12-05,1970,12,REG,MIN,16,CHI,13,0
1970-12-06,1970,12,REG,DAL,34,WSH,0,0
1970-12-06,1970,12,REG,LAR,34,NO,16,0
1970-12-06,1970,12,REG,NYJ,13,OAK,14,0
1970-12-06,1970,12,REG,NYG,20,BUF,6,0
1970-12-06,1970,12,REG,MIA,37,NE,20,0
1970-12-06,1970,12,REG,SF,24,ATL,20,0
1970-12-06,1970,12,REG,KC,16,DEN,0,0
1970-12-06,1970,12,REG,IND,29,PHI,10,0
1970-12-06,1970,12,REG,LAC,14,CIN,17,0
1970-12-06,1970,12,REG,DET,16,ARI,3,0
1970-12-06,1970,12,REG,PIT,12,GB,20,0
1970-12-07,1970,12,REG,TEN,10,CLE,21,0
1970-12-12,1970,13,REG,CLE,2,DAL,6,0
1970-12-12,1970,13,REG,OAK,20,KC,6,0
1970-12-13,1970,13,REG,ARI,17,NYG,34,0
1970-12-13,1970,13,REG,DEN,17,LAC,17,0
1970-12-13,1970,13,REG,TEN,20,CIN,30,0
1970-12-13,1970,13,REG,NE,14,MIN,35,0
1970-12-13,1970,13,REG,NO,27,SF,38,0
1970-12-13,1970,13,REG,MIA,16,NYJ,10,0
1970-12-13,1970,13,REG,CHI,35,GB,17,0
1970-12-13,1970,13,REG,BUF,14,IND,20,0
1970-12-13,1970,13,REG,ATL,27,PIT,16,0
1970-12-13,1970,13,REG,WSH,24,PHI,6,0
1970-12-14,1970,13,REG,LAR,23,DET,28,0
1970-12-19,1970,14,REG,IND,35,NYJ,20,0
1970-12-20,1970,14,REG,CIN,45,NE,7,0
1970-12-20,1970,14,REG,ATL,7,MIN,37,0
1970-12-20,1970,14,REG,DET,20,GB,0,0
1970-12-20,1970,14,REG,NYG,3,LAR,31,0
1970-12-20,1970,14,REG,MIA,45,BUF,7,0
1970-12-20,1970,14,REG,NO,3,CHI,24,0
1970-12-20,1970,14,REG,PHI,30,PIT,20,0
1970-12-20,1970,14,REG,OAK,7,SF,38,0
1970-12-20,1970,14,REG,LAC,31,KC,13,0
1970-12-20,1970,14,REG,WSH,28,ARI,27,0
1970-12-20,1970,14,REG,DAL,52,TEN,10,0
1970-12-20,1970,14,REG,DEN,13,CLE,27,0
1970-12-26,1970,,POST,IND,17,CIN,0,0
1970-12-26,1970,,POST,DAL,5,DET,0,0
1970-12-27,1970,,POST,MIN,14,SF,17,0
1970-12-27,1970,,POST,OAK,21,MIA,14,0
1971-01-03,1970,,POST,SF,10,DAL,17,0
1971-01-03,1970,,POST,IND,27,OAK,17,0
1971-01-17,1970,,POST,DAL,13,IND,16,1
1971-09-19,1971,1,REG,ATL,20,SF,17,0
1971-09-19,1971,1,REG,CHI,17,PIT,15,0
1971-09-19,1971,1,REG,LAC,21,KC,14,0
1971-09-19,1971,1,REG,NO,24,LAR,20,0
1971-09-19,1971,1,REG,GB,40,NYG,42,0
1971-09-19,1971,1,REG,DEN,10,MIA,10,0
1971-09-19,1971,1,REG,ARI,17,WSH,24,0
1971-09-19,1971,1,REG,IND,22,NYJ,0,0
1971-09-19,1971,1,REG,CLE,31,TEN,0,0
1971-09-19,1971,1,REG,NE,20,OAK,6,0
1971-09-19,1971,1,REG,CIN,37,PHI,14,0
1971-09-19,1971,1,REG,BUF,37,DAL,49,0
1971-09-20,1971,1,REG,DET,13,MIN,16,0
1971-09-26,1971,2,REG,BUF,14,MIA,29,0
1971-09-26,1971,2,REG,NYG,3,WSH,30,0
1971-09-26,1971,2,REG,LAC,0,OAK,34,0
1971-09-26,1971,2,REG,PHI,7,DAL,42,0
1971-09-26,1971,2,REG,PIT,21,CIN,10,0
1971-09-26,1971,2,REG,IND,13,CLE,14,0
1971-09-26,1971,2,REG,GB,34,DEN,13,0
1971-09-26,1971,2,REG,MIN,17,CHI,20,0
1971-09-26,1971,2,REG,LAR,20,ATL,20,0
1971-09-26,1971,2,REG,NO,20,SF,38,0
1971-09-26,1971,2,REG,NE,7,DET,34,0
1971-09-26,1971,2,REG,TEN,16,KC,20,0
1971-09-27,1971,2,REG,ARI,17,NYJ,10,0
1971-10-03,1971,3,REG,TEN,13,NO,13,0
1971-10-03,1971,3,REG,LAR,17,CHI,3,0
1971-10-03,1971,3,REG,PIT,21,LAC,17,0
1971-10-03,1971,3,REG,ARI,20,NYG,21,0
1971-10-03,1971,3,REG,DAL,16,WSH,20,0
1971-10-03,1971,3,REG,PHI,3,SF,31,0
1971-10-03,1971,3,REG,DEN,3,KC,16,0
1971-10-03,1971,3,REG,NE,3,IND,23,0
1971-10-03,1971,3,REG,MIN,19,BUF,0,0
1971-10-03,1971,3,REG,MIA,10,NYJ,14,0
1971-10-03,1971,3,REG,GB,20,CIN,17,0
1971-10-03,1971,3,REG,DET,41,ATL,38,0
1971-10-04,1971,3,REG,CLE,20,OAK,34,0
1971-10-10,1971,4,REG,NE,20,NYJ,0,0
1971-10-10,1971,4,REG,WSH,22,TEN,13,0
1971-10-10,1971,4,REG,KC,31,LAC,10,0
1971-10-10,1971,4,REG,ATL,9,ARI,26,0
1971-10-10,1971,4,REG,BUF,0,IND,43,0
1971-10-10,1971,4,REG,CHI,35,NO,14,0
1971-10-10,1971,4,REG,CIN,13,MIA,23,0
1971-10-10,1971,4,REG,CLE,27,PIT,17,0
1971-10-10,1971,4,REG,PHI,0,MIN,13,0
1971-10-10,1971,4,REG,DEN,16,OAK,27,0
1971-10-10,1971,4,REG,DET,31,GB,28,0
1971-10-10,1971,4,REG,SF,13,LAR,20,0
1971-10-11,1971,4,REG,DAL,20,NYG,13,0
1971-10-17,1971,5,REG,NO,24,DAL,14,0
1971-10-17,1971,5,REG,WSH,20,ARI,0,0
1971-10-17,1971,5,REG,DEN,20,LAC,16,0
1971-10-17,1971,5,REG,NYG,7,IND,31,0
1971-10-17,1971,5,REG,NYJ,28,BUF,17,0
1971-10-17,1971,5,REG,TEN,7,DET,31,0
1971-10-17,1971,5,REG,OAK,34,PHI,10,0
1971-10-17,1971,5,REG,ATL,16,LAR,24,0
1971-10-17,1971,5,REG,SF,13,CHI,0,0
1971-10-17,1971,5,REG,MIA,41,NE,3,0
1971-10-17,1971,5,REG,CIN,24,CLE,27,0
1971-10-17,1971,5,REG,GB,13,MIN,24,0
1971-10-18,1971,5,REG,KC,38,PIT,16,0
1971-10-23,1971,5,REG,LAC,20,BUF,3,0
1971-10-24,1971,6,REG,ARI,14,SF,26,0
1971-10-24,1971,6,REG,LAR,30,GB,13,0
1971-10-24,1971,6,REG,OAK,31,CIN,27,0
1971-10-24,1971,6,REG,PIT,23,TEN,16,0
1971-10-24,1971,6,REG,PHI,23,NYG,7,0
1971-10-24,1971,6,REG,NYJ,14,MIA,30,0
1971-10-24,1971,6,REG,KC,27,WSH,20,0
1971-10-24,1971,6,REG,DET,23,CHI,28,0
1971-10-24,1971,6,REG,DAL,44,NE,21,0
1971-10-24,1971,6,REG,ATL,28,NO,6,0
1971-10-24,1971,6,REG,CLE,0,DEN,27,0
1971-10-25,1971,6,REG,MIN,10,IND,3,0
1971-10-31,1971,7,REG,LAC,49,NYJ,21,0
1971-10-31,1971,7,REG,TEN,10,CIN,6,0
1971-10-31,1971,7,REG,LAR,14,MIA,20,0
1971-10-31,1971,7,REG,CHI,23,DAL,19,0
1971-10-31,1971,7,REG,NYG,10,MIN,17,0
1971-10-31,1971,7,REG,CLE,14,ATL,31,0
1971-10-31,1971,7,REG,OAK,20,KC,20,0
1971-10-31,1971,7,REG,BUF,23,ARI,28,0
1971-10-31,1971,7,REG,IND,34,PIT,21,0
1971-10-31,1971,7,REG,PHI,17,DEN,16,0
1971-10-31,1971,7,REG,WSH,24,NO,14,0
1971-10-31,1971,7,REG,SF,27,NE,10,0
1971-11-01,1971,7,REG,GB,14,DET,14,0
1971-11-07,1971,8,REG,MIA,34,BUF,0,0
1971-11-07,1971,8,REG,CIN,6,ATL,9,0
1971-11-07,1971,8,REG,ARI,13,DAL,16,0
1971-11-07,1971,8,REG,NE,28,TEN,20,0
1971-11-07,1971,8,REG,NYG,35,LAC,17,0
1971-11-07,1971,8,REG,DEN,20,DET,24,0
1971-11-07,1971,8,REG,CHI,14,GB,17,0
1971-11-07,1971,8,REG,MIN,9,SF,13,0
1971-11-07,1971,8,REG,NO,21,OAK,21,0
1971-11-07,1971,8,REG,NYJ,13,KC,10,0
1971-11-07,1971,8,REG,PIT,26,CLE,9,0
1971-11-07,1971,8,REG,WSH,7,PHI,7,0
1971-11-08,1971,8,REG,IND,24,LAR,17,0
1971-11-14,1971,9,REG,DAL,20,PHI,7,0
1971-11-14,1971,9,REG,ATL,17,NYG,21,0
1971-11-14,1971,9,REG,NE,38,BUF,33,0
1971-11-14,1971,9,REG,MIN,3,GB,0,0
1971-11-14,1971,9,REG,KC,13,CLE,7,0
1971-11-14,1971,9,REG,CHI,16,WSH,15,0
1971-11-14,1971,9,REG,DEN,10,CIN,24,0
1971-11-14,1971,9,REG,DET,13,LAR,21,0
1971-11-14,1971,9,REG,OAK,41,TEN,21,0
1971-11-14,1971,9,REG,MIA,24,PIT,21,0
1971-11-14,1971,9,REG,NYJ,13,IND,14,0
1971-11-14,1971,9,REG,SF,20,NO,26,0
1971-11-15,1971,9,REG,LAC,20,ARI,17,0
1971-11-21,1971,10,REG,BUF,7,NYJ,20,0
1971-11-21,1971,10,REG,CLE,27,NE,7,0
1971-11-21,1971,10,REG,CIN,28,TEN,13,0
1971-11-21,1971,10,REG,CHI,3,DET,28,0
1971-11-21,1971,10,REG,LAR,17,SF,6,0
1971-11-21,1971,10,REG,PIT,17,NYG,13,0
1971-11-21,1971,10,REG,NO,10,MIN,23,0
1971-11-21,1971,10,REG,MIA,17,IND,14,0
1971-11-21,1971,10,REG,ARI,20,PHI,37,0
1971-11-21,1971,10,REG,KC,28,DEN,10,0
1971-11-21,1971,10,REG,WSH,0,DAL,13,0
1971-11-21,1971,10,REG,OAK,34,LAC,33,0
1971-11-22,1971,10,REG,ATL,28,GB,21,0
1971-11-25,1971,10,REG,DET,32,KC,21,0
1971-11-25,1971,10,REG,DAL,28,LAR,21,0
1971-11-28,1971,11,REG,NYJ,21,SF,24,0
1971-11-28,1971,11,REG,OAK,14,IND,37,0
1971-11-28,1971,11,REG,PIT,10,DEN,22,0
1971-11-28,1971,11,REG,PHI,13,WSH,20,0
1971-11-28,1971,11,REG,NYG,7,ARI,24,0
1971-11-28,1971,11,REG,MIN,24,ATL,7,0
1971-11-28,1971,11,REG,GB,21,NO,29,0
1971-11-28,1971,11,REG,BUF,27,NE,20,0
1971-11-28,1971,11,REG,CIN,31,LAC,0,0
1971-11-28,1971,11,REG,TEN,24,CLE,37,0
1971-11-29,1971,11,REG,MIA,34,CHI,3,0
1971-12-04,1971,11,REG,DAL,52,NYJ,10,0
1971-12-05,1971,12,REG,DEN,6,CHI,3,0
1971-12-05,1971,12,REG,ARI,16,GB,16,0
1971-12-05,1971,12,REG,IND,24,BUF,0,0
1971-12-05,1971,12,REG,CLE,31,CIN,27,0
1971-12-05,1971,12,REG,ATL,24,OAK,13,0
1971-12-05,1971,12,REG,LAC,30,MIN,14,0
1971-12-05,1971,12,REG,DET,20,PHI,23,0
1971-12-05,1971,12,REG,LAR,45,NO,28,0
1971-12-05,1971,12,REG,WSH,23,NYG,7,0
1971-12-05,1971,12,REG,NE,34,MIA,13,0
1971-12-05,1971,12,REG,TEN,29,PIT,3,0
1971-12-06,1971,12,REG,SF,17,KC,26,0
1971-12-11,1971,12,REG,IND,14,MIA,3,0
1971-12-11,1971,12,REG,MIN,29,DET,10,0
1971-12-12,1971,13,REG,PHI,19,ARI,7,0
1971-12-12,1971,13,REG,LAC,45,DEN,17,0
1971-12-12,1971,13,REG,CIN,13,PIT,21,0
1971-12-12,1971,13,REG,GB,31,CHI,10,0
1971-12-12,1971,13,REG,KC,16,OAK,14,0
1971-12-12,1971,13,REG,NO,17,CLE,21,0
1971-12-12,1971,13,REG,NYG,14,DAL,42,0
1971-12-12,1971,13,REG,BUF,14,TEN,20,0
1971-12-12,1971,13,REG,NYJ,13,NE,6,0
1971-12-12,1971,13,REG,SF,24,ATL,3,0
1971-12-13,1971,13,REG,LAR,24,WSH,38,0
1971-12-18,1971,13,REG,DAL,31,ARI,12,0
1971-12-19,1971,14,REG,OAK,21,DEN,13,0
1971-12-19,1971,14,REG,NO,20,ATL,24,0
1971-12-19,1971,14,REG,PIT,14,LAR,23,0
1971-12-19,1971,14,REG,MIA,27,GB,6,0
1971-12-19,1971,14,REG,IND,17,NE,21,0
1971-12-19,1971,14,REG,NYJ,35,CIN,21,0
1971-12-19,1971,14,REG,KC,22,BUF,9,0
1971-12-19,1971,14,REG,CHI,10,MIN,27,0
1971-12-19,1971,14,REG,TEN,49,LAC,33,0
1971-12-19,1971,14,REG,SF,31,DET,27,0
1971-12-19,1971,14,REG,WSH,13,CLE,20,0
1971-12-19,1971,14,REG,NYG,28,PHI,41,0
1971-12-25,1971,,POST,MIN,12,DAL,20,0
1971-12-25,1971,,POST,KC,24,MIA,27,0
1971-12-26,1971,,POST,SF,24,WSH,20,0
1971-12-26,1971,,POST,CLE,3,IND,20,0
1972-01-02,1971,,POST,DAL,14,SF,3,0
1972-01-02,1971,,POST,MIA,21,IND,0,0
1972-01-16,1971,,POST,MIA,3,DAL,24,1
1972-09-17,1972,1,REG,SF,34,LAC,3,0
1972-09-17,1972,1,REG,IND,3,ARI,10,0
1972-09-17,1972,1,REG,BUF,24,NYJ,41,0
1972-09-17,1972,1,REG,CHI,21,ATL,37,0
1972-09-17,1972,1,REG,CLE,10,GB,26,0
1972-09-17,1972,1,REG,NE,7,CIN,31,0
1972-09-17,1972,1,REG,KC,10,MIA,20,0
1972-09-17,1972,1,REG,PIT,34,OAK,28,0
1972-09-17,1972,1,REG,LAR,34,NO,14,0
1972-09-17,1972,1,REG,DET,30,NYG,16,0
1972-09-17,1972,1,REG,DEN,30,TEN,17,0
1972-09-17,1972,1,REG,DAL,28,PHI,6,0
1972-09-18,1972,1,REG,MIN,21,WSH,24,0
1972-09-24,1972,2,REG,LAC,37,DEN,14,0
1972-09-24,1972,2,REG,BUF,27,SF,20,0
1972-09-24,1972,2,REG,CIN,15,PIT,10,0
1972-09-24,1972,2,REG,IND,34,NYJ,44,0
1972-09-24,1972,2,REG,DET,10,MIN,34,0
1972-09-24,1972,2,REG,GB,14,OAK,20,0
1972-09-24,1972,2,REG,NE,21,ATL,20,0
1972-09-24,1972,2,REG,NYG,14,DAL,23,0
1972-09-24,1972,2,REG,PHI,17,CLE,27,0
1972-09-24,1972,2,REG,WSH,24,ARI,10,0
1972-09-24,1972,2,REG,MIA,34,TEN,13,0
1972-09-24,1972,2,REG,CHI,13,LAR,13,0
1972-09-25,1972,2,REG,NO,17,KC,20,0
1972-10-01,1972,3,REG,CLE,27,CIN,6,0
1972-10-01,1972,3,REG,ARI,19,PIT,25,0
1972-10-01,1972,3,REG,NO,2,SF,37,0
1972-10-01,1972,3,REG,OAK,17,LAC,17,0
1972-10-01,1972,3,REG,MIN,14,MIA,16,0
1972-10-01,1972,3,REG,DEN,24,KC,45,0
1972-10-01,1972,3,REG,ATL,31,LAR,3,0
1972-10-01,1972,3,REG,GB,16,DAL,13,0
1972-10-01,1972,3,REG,TEN,26,NYJ,20,0
1972-10-01,1972,3,REG,NE,24,WSH,23,0
1972-10-01,1972,3,REG,BUF,0,IND,17,0
1972-10-01,1972,3,REG,CHI,24,DET,38,0
1972-10-02,1972,3,REG,PHI,12,NYG,27,0
1972-10-08,1972,4,REG,NYJ,17,MIA,27,0
1972-10-08,1972,4,REG,IND,20,LAC,23,0
1972-10-08,1972,4,REG,LAR,31,SF,7,0
1972-10-08,1972,4,REG,WSH,14,PHI,0,0
1972-10-08,1972,4,REG,NYG,45,NO,21,0
1972-10-08,1972,4,REG,MIN,17,ARI,19,0
1972-10-08,1972,4,REG,GB,20,CHI,17,0
1972-10-08,1972,4,REG,DAL,17,PIT,13,0
1972-10-08,1972,4,REG,CLE,7,KC,31,0
1972-10-08,1972,4,REG,CIN,21,DEN,10,0
1972-10-08,1972,4,REG,BUF,38,NE,14,0
1972-10-08,1972,4,REG,ATL,23,DET,26,0
1972-10-09,1972,4,REG,TEN,0,OAK,34,0
1972-10-15,1972,5,REG,SF,17,NYG,23,0
1972-10-15,1972,5,REG,OAK,28,BUF,16,0
1972-10-15,1972,5,REG,PIT,24,TEN,7,0
1972-10-15,1972,5,REG,NE,13,NYJ,41,0
1972-10-15,1972,5,REG,NO,14,ATL,21,0
1972-10-15,1972,5,REG,KC,16,CIN,23,0
1972-10-15,1972,5,REG,DEN,20,MIN,23,0
1972-10-15,1972,5,REG,ARI,3,WSH,33,0
1972-10-15,1972,5,REG,IND,0,DAL,21,0
1972-10-15,1972,5,REG,PHI,3,LAR,34,0
1972-10-15,1972,5,REG,MIA,24,LAC,10,0
1972-10-15,1972,5,REG,CLE,0,CHI,17,0
1972-10-16,1972,5,REG,DET,23,GB,24,0
1972-10-22,1972,6,REG,WSH,24,DAL,20,0
1972-10-22,1972,6,REG,LAR,15,CIN,12,0
1972-10-22,1972,6,REG,GB,9,ATL,10,0
1972-10-22,1972,6,REG,KC,20,PHI,21,0
1972-10-22,1972,6,REG,MIA,24,BUF,23,0
1972-10-22,1972,6,REG,DET,34,LAC,20,0
1972-10-22,1972,6,REG,NYG,27,ARI,21,0
1972-10-22,1972,6,REG,NYJ,24,IND,20,0
1972-10-22,1972,6,REG,TEN,17,CLE,23,0
1972-10-22,1972,6,REG,PIT,33,NE,3,0
1972-10-22,1972,6,REG,OAK,23,DEN,30,0
1972-10-22,1972,6,REG,SF,20,NO,20,0
1972-10-23,1972,6,REG,CHI,13,MIN,10,0
1972-10-29,1972,7,REG,NO,21,PHI,3,0
1972-10-29,1972,7,REG,GB,13,MIN,27,0
1972-10-29,1972,7,REG,DEN,20,CLE,27,0
1972-10-29,1972,7,REG,LAC,14,KC,26,0
1972-10-29,1972,7,REG,ARI,10,CHI,27,0
1972-10-29,1972,7,REG,NYG,16,WSH,23,0
1972-10-29,1972,7,REG,IND,0,MIA,23,0
1972-10-29,1972,7,REG,CIN,30,TEN,7,0
1972-10-29,1972,7,REG,BUF,21,PIT,38,0
1972-10-29,1972,7,REG,ATL,14,SF,49,0
1972-10-29,1972,7,REG,OAK,45,LAR,17,0
1972-10-29,1972,7,REG,NYJ,34,NE,10,0
1972-10-30,1972,7,REG,DAL,28,DET,24,0
1972-11-05,1972,8,REG,NYG,29,DEN,17,0
1972-11-05,1972,8,REG,KC,27,OAK,14,0
1972-11-05,1972,8,REG,LAC,28,DAL,34,0
1972-11-05,1972,8,REG,CLE,20,TEN,0,0
1972-11-05,1972,8,REG,LAR,20,ATL,7,0
1972-11-05,1972,8,REG,MIN,37,NO,6,0
1972-11-05,1972,8,REG,BUF,16,MIA,30,0
1972-11-05,1972,8,REG,DET,14,CHI,0,0
1972-11-05,1972,8,REG,GB,34,SF,24,0
1972-11-05,1972,8,REG,PIT,40,CIN,17,0
1972-11-05,1972,8,REG,PHI,6,ARI,6,0
1972-11-05,1972,8,REG,NYJ,17,WSH,35,0
1972-11-06,1972,8,REG,NE,17,IND,24,0
1972-11-12,1972,9,REG,LAR,10,DEN,16,0
1972-11-12,1972,9,REG,DAL,33,ARI,24,0
1972-11-12,1972,9,REG,WSH,27,NYG,13,0
1972-11-12,1972,9,REG,SF,24,IND,21,0
1972-11-12,1972,9,REG,PIT,16,KC,7,0
1972-11-12,1972,9,REG,TEN,17,PHI,18,0
1972-11-12,1972,9,REG,NYJ,41,BUF,3,0
1972-11-12,1972,9,REG,MIN,16,DET,14,0
1972-11-12,1972,9,REG,MIA,52,NE,0,0
1972-11-12,1972,9,REG,CIN,14,OAK,20,0
1972-11-12,1972,9,REG,CHI,17,GB,23,0
1972-11-12,1972,9,REG,ATL,36,NO,20,0
1972-11-13,1972,9,REG,LAC,17,CLE,21,0
1972-11-19,1972,10,REG,DEN,20,OAK,37,0
1972-11-19,1972,10,REG,KC,17,LAC,27,0
1972-11-19,1972,10,REG,LAR,41,MIN,45,0
1972-11-19,1972,10,REG,PHI,7,DAL,28,0
1972-11-19,1972,10,REG,TEN,10,GB,23,0
1972-11-19,1972,10,REG,NE,24,BUF,27,0
1972-11-19,1972,10,REG,MIA,28,NYJ,24,0
1972-11-19,1972,10,REG,DET,27,NO,14,0
1972-11-19,1972,10,REG,ARI,7,NYG,13,0
1972-11-19,1972,10,REG,CLE,26,PIT,24,0
1972-11-19,1972,10,REG,CIN,19,IND,20,0
1972-11-19,1972,10,REG,CHI,21,SF,34,0
1972-11-20,1972,10,REG,WSH,24,ATL,13,0
1972-11-23,1972,10,REG,DET,37,NYJ,20,0
1972-11-23,1972,10,REG,DAL,10,SF,31,0
1972-11-26,1972,11,REG,IND,31,NE,0,0
1972-11-26,1972,11,REG,CHI,3,CIN,13,0
1972-11-26,1972,11,REG,ATL,23,DEN,20,0
1972-11-26,1972,11,REG,NYG,62,PHI,10,0
1972-11-26,1972,11,REG,CLE,27,BUF,10,0
1972-11-26,1972,11,REG,NO,19,LAR,16,0
1972-11-26,1972,11,REG,WSH,21,GB,16,0
1972-11-26,1972,11,REG,OAK,26,KC,3,0
1972-11-26,1972,11,REG,PIT,23,MIN,10,0
1972-11-26,1972,11,REG,LAC,34,TEN,20,0
1972-11-27,1972,11,REG,MIA,31,ARI,10,0
1972-12-03,1972,12,REG,NYJ,18,NO,17,0
1972-12-03,1972,12,REG,ATL,20,TEN,10,0
1972-12-03,1972,12,REG,CIN,13,NYG,10,0
1972-12-03,1972,12,REG,ARI,6,DAL,27,0
1972-12-03,1972,12,REG,GB,33,DET,7,0
1972-12-03,1972,12,REG,KC,24,DEN,21,0
1972-12-03,1972,12,REG,MIN,23,CHI,10,0
1972-12-03,1972,12,REG,NE,21,MIA,37,0
1972-12-03,1972,12,REG,PHI,7,WSH,23,0
1972-12-03,1972,12,REG,PIT,30,CLE,0,0
1972-12-03,1972,12,REG,LAC,19,OAK,21,0
1972-12-03,1972,12,REG,IND,35,BUF,7,0
1972-12-04,1972,12,REG,SF,16,LAR,26,0
1972-12-09,1972,12,REG,CIN,24,CLE,27,0
1972-12-09,1972,12,REG,DAL,34,WSH,24,0
1972-12-10,1972,13,REG,DEN,38,LAC,13,0
1972-12-10,1972,13,REG,NO,10,NE,17,0
1972-12-10,1972,13,REG,PHI,12,CHI,21,0
1972-12-10,1972,13,REG,ARI,24,LAR,14,0
1972-12-10,1972,13,REG,TEN,3,PIT,9,0
1972-12-10,1972,13,REG,NYG,13,MIA,23,0
1972-12-10,1972,13,REG,KC,24,IND,10,0
1972-12-10,1972,13,REG,MIN,7,GB,23,0
1972-12-10,1972,13,REG,BUF,21,DET,21,0
1972-12-10,1972,13,REG,SF,20,ATL,0,0
1972-12-11,1972,13,REG,OAK,24,NYJ,16,0
1972-12-16,1972,13,REG,MIA,16,IND,0,0
1972-12-16,1972,13,REG,SF,20,MIN,17,0
1972-12-17,1972,14,REG,WSH,17,BUF,24,0
1972-12-17,1972,14,REG,TEN,17,CIN,61,0
1972-12-17,1972,14,REG,LAC,2,PIT,24,0
1972-12-17,1972,14,REG,OAK,28,CHI,21,0
1972-12-17,1972,14,REG,NYJ,10,CLE,26,0
1972-12-17,1972,14,REG,NO,20,GB,30,0
1972-12-17,1972,14,REG,DEN,45,NE,21,0
1972-12-17,1972,14,REG,DAL,3,NYG,23,0
1972-12-17,1972,14,REG,ARI,24,PHI,23,0
1972-12-17,1972,14,REG,ATL,14,KC,17,0
1972-12-17,1972,14,REG,LAR,17,DET,34,0
1972-12-23,1972,,POST,PIT,13,OAK,7,0
1972-12-23,1972,,POST,SF,28,DAL,30,0
1972-12-24,1972,,POST,WSH,16,GB,3,0
1972-12-24,1972,,POST,MIA,20,CLE,14,0
1972-12-31,1972,,POST,WSH,26,DAL,3,0
1972-12-31,1972,,POST,PIT,17,MIA,21,0
1973-01-14,1972,,POST,WSH,7,MIA,14,1
1973-09-16,1973,1,REG,NYG,34,TEN,14,0
1973-09-16,1973,1,REG,NE,13,BUF,31,0
1973-09-16,1973,1,REG,NO,7,ATL,62,0
1973-09-16,1973,1,REG,MIA,21,SF,13,0
1973-09-16,1973,1,REG,DEN,28,CIN,10,0
1973-09-16,1973,1,REG,CLE,24,IND,14,0
1973-09-16,1973,1,REG,PHI,23,ARI,34,0
1973-09-16,1973,1,REG,MIN,24,OAK,16,0
1973-09-16,1973,1,REG,KC,13,LAR,23,0
1973-09-16,1973,1,REG,WSH,38,LAC,0,0
1973-09-16,1973,1,REG,PIT,24,DET,10,0
1973-09-16,1973,1,REG,CHI,17,DAL,20,0
1973-09-17,1973,1,REG,GB,23,NYJ,7,0
1973-09-23,1973,2,REG,LAR,31,ATL,0,0
1973-09-23,1973,2,REG,NE,7,KC,10,0
1973-09-23,1973,2,REG,OAK,12,MIA,7,0
1973-09-23,1973,2,REG,PIT,33,CLE,6,0
1973-09-23,1973,2,REG,NYG,23,PHI,23,0
1973-09-23,1973,2,REG,GB,13,DET,13,0
1973-09-23,1973,2,REG,DEN,34,SF,36,0
1973-09-23,1973,2,REG,ARI,34,WSH,27,0
1973-09-23,1973,2,REG,IND,10,NYJ,34,0
1973-09-23,1973,2,REG,CIN,24,TEN,10,0
1973-09-23,1973,2,REG,LAC,34,BUF,7,0
1973-09-23,1973,2,REG,CHI,13,MIN,22,0
1973-09-24,1973,2,REG,DAL,40,NO,3,0
1973-09-30,1973,3,REG,MIA,44,NE,23,0
1973-09-30,1973,3,REG,PHI,7,WSH,28,0
1973-09-30,1973,3,REG,SF,20,LAR,40,0
1973-09-30,1973,3,REG,DEN,14,CHI,33,0
1973-09-30,1973,3,REG,TEN,7,PIT,36,0
1973-09-30,1973,3,REG,KC,16,OAK,3,0
1973-09-30,1973,3,REG,DAL,45,ARI,10,0
1973-09-30,1973,3,REG,CLE,12,NYG,10,0
1973-09-30,1973,3,REG,BUF,9,NYJ,7,0
1973-09-30,1973,3,REG,MIN,11,GB,3,0
1973-09-30,1973,3,REG,LAC,13,CIN,20,0
1973-09-30,1973,3,REG,IND,14,NO,10,0
1973-10-01,1973,3,REG,DET,31,ATL,6,0
1973-10-07,1973,4,REG,NYG,14,GB,16,0
1973-10-07,1973,4,REG,ARI,10,OAK,17,0
1973-10-07,1973,4,REG,NE,24,IND,16,0
1973-10-07,1973,4,REG,NO,21,CHI,16,0
1973-10-07,1973,4,REG,MIA,31,NYJ,3,0
1973-10-07,1973,4,REG,KC,16,DEN,14,0
1973-10-07,1973,4,REG,DET,9,MIN,23,0
1973-10-07,1973,4,REG,CLE,17,CIN,10,0
1973-10-07,1973,4,REG,BUF,27,PHI,26,0
1973-10-07,1973,4,REG,ATL,9,SF,13,0
1973-10-07,1973,4,REG,TEN,26,LAR,31,0
1973-10-07,1973,4,REG,PIT,38,LAC,21,0
1973-10-08,1973,4,REG,WSH,14,DAL,7,0
1973-10-14,1973,5,REG,NYG,3,WSH,21,0
1973-10-14,1973,5,REG,SF,13,MIN,17,0
1973-10-14,1973,5,REG,TEN,20,DEN,48,0
1973-10-14,1973,5,REG,NO,20,DET,13,0
1973-10-14,1973,5,REG,GB,10,KC,10,0
1973-10-14,1973,5,REG,ARI,24,PHI,27,0
1973-10-14,1973,5,REG,CIN,19,PIT,7,0
1973-10-14,1973,5,REG,BUF,31,IND,13,0
1973-10-14,1973,5,REG,ATL,46,CHI,6,0
1973-10-14,1973,5,REG,LAC,17,OAK,27,0
1973-10-14,1973,5,REG,LAR,37,DAL,31,0
1973-10-14,1973,5,REG,NE,7,NYJ,9,0
1973-10-15,1973,5,REG,CLE,9,MIA,17,0
1973-10-21,1973,6,REG,PIT,26,NYJ,14,0
1973-10-21,1973,6,REG,CLE,42,TEN,13,0
1973-10-21,1973,6,REG,DAL,45,NYG,28,0
1973-10-21,1973,6,REG,DET,27,IND,29,0
1973-10-21,1973,6,REG,MIA,27,BUF,6,0
1973-10-21,1973,6,REG,CIN,14,KC,6,0
1973-10-21,1973,6,REG,MIN,28,PHI,21,0
1973-10-21,1973,6,REG,SF,40,NO,0,0
1973-10-21,1973,6,REG,WSH,31,ARI,13,0
1973-10-21,1973,6,REG,LAR,24,GB,7,0
1973-10-21,1973,6,REG,LAC,0,ATL,41,0
1973-10-21,1973,6,REG,CHI,10,NE,13,0
1973-10-22,1973,6,REG,DEN,23,OAK,23,0
1973-10-28,1973,7,REG,PIT,20,CIN,13,0
1973-10-28,1973,7,REG,NYJ,28,DEN,40,0
1973-10-28,1973,7,REG,NE,14,MIA,30,0
1973-10-28,1973,7,REG,NO,19,WSH,3,0
1973-10-28,1973,7,REG,MIN,10,LAR,9,0
1973-10-28,1973,7,REG,CHI,35,TEN,14,0
1973-10-28,1973,7,REG,SF,3,ATL,17,0
1973-10-28,1973,7,REG,IND,21,OAK,34,0
1973-10-28,1973,7,REG,ARI,35,NYG,27,0
1973-10-28,1973,7,REG,DET,34,GB,0,0
1973-10-28,1973,7,REG,CLE,16,LAC,16,0
1973-10-28,1973,7,REG,PHI,30,DAL,16,0
1973-10-29,1973,7,REG,BUF,23,KC,14,0
1973-11-04,1973,8,REG,DAL,38,CIN,10,0
1973-11-04,1973,8,REG,ATL,15,LAR,13,0
1973-11-04,1973,8,REG,GB,17,CHI,31,0
1973-11-04,1973,8,REG,ARI,17,DEN,17,0
1973-11-04,1973,8,REG,IND,27,TEN,31,0
1973-11-04,1973,8,REG,LAC,0,KC,19,0
1973-11-04,1973,8,REG,PHI,24,NE,23,0
1973-11-04,1973,8,REG,OAK,42,NYG,0,0
1973-11-04,1973,8,REG,NO,13,BUF,0,0
1973-11-04,1973,8,REG,MIN,26,CLE,3,0
1973-11-04,1973,8,REG,DET,30,SF,20,0
1973-11-04,1973,8,REG,NYJ,14,MIA,24,0
1973-11-05,1973,8,REG,PIT,21,WSH,16,0
1973-11-11,1973,9,REG,PHI,27,ATL,44,0
1973-11-11,1973,9,REG,TEN,13,CLE,23,0
1973-11-11,1973,9,REG,DEN,30,LAC,19,0
1973-11-11,1973,9,REG,OAK,9,PIT,17,0
1973-11-11,1973,9,REG,MIA,44,IND,0,0
1973-11-11,1973,9,REG,LAR,29,NO,7,0
1973-11-11,1973,9,REG,MIN,28,DET,7,0
1973-11-11,1973,9,REG,GB,25,ARI,21,0
1973-11-11,1973,9,REG,NYG,10,DAL,23,0
1973-11-11,1973,9,REG,BUF,13,CIN,16,0
1973-11-11,1973,9,REG,WSH,33,SF,9,0
1973-11-11,1973,9,REG,NYJ,33,NE,13,0
1973-11-12,1973,9,REG,KC,19,CHI,7,0
1973-11-18,1973,10,REG,KC,38,TEN,14,0
1973-11-18,1973,10,REG,WSH,22,IND,14,0
1973-11-18,1973,10,REG,OAK,3,CLE,7,0
1973-11-18,1973,10,REG,NYG,24,ARI,13,0
1973-11-18,1973,10,REG,NE,33,GB,24,0
1973-11-18,1973,10,REG,DAL,31,PHI,10,0
1973-11-18,1973,10,REG,CIN,20,NYJ,14,0
1973-11-18,1973,10,REG,LAC,17,NO,14,0
1973-11-18,1973,10,REG,CHI,7,DET,30,0
1973-11-18,1973,10,REG,BUF,0,MIA,17,0
1973-11-18,1973,10,REG,PIT,13,DEN,23,0
1973-11-18,1973,10,REG,LAR,31,SF,13,0
1973-11-19,1973,10,REG,ATL,20,MIN,14,0
1973-11-22,1973,10,REG,DET,0,WSH,20,0
1973-11-22,1973,10,REG,DAL,7,MIA,14,0
1973-11-25,1973,11,REG,NYJ,20,ATL,28,0
1973-11-25,1973,11,REG,TEN,0,NE,32,0
1973-11-25,1973,11,REG,PHI,20,NYG,16,0
1973-11-25,1973,11,REG,IND,17,BUF,24,0
1973-11-25,1973,11,REG,CIN,42,ARI,24,0
1973-11-25,1973,11,REG,MIN,31,CHI,13,0
1973-11-25,1973,11,REG,OAK,31,LAC,3,0
1973-11-25,1973,11,REG,NO,13,LAR,24,0
1973-11-25,1973,11,REG,DEN,14,KC,10,0
1973-11-25,1973,11,REG,CLE,21,PIT,16,0
1973-11-26,1973,11,REG,SF,20,GB,6,0
1973-12-02,1973,12,REG,WSH,27,NYG,24,0
1973-12-02,1973,12,REG,ATL,6,BUF,17,0
1973-12-02,1973,12,REG,NE,30,LAC,14,0
1973-12-02,1973,12,REG,ARI,16,DET,20,0
1973-12-02,1973,12,REG,CIN,27,MIN,0,0
1973-12-02,1973,12,REG,CHI,0,LAR,26,0
1973-12-02,1973,12,REG,DEN,10,DAL,22,0
1973-12-02,1973,12,REG,GB,30,NO,10,0
1973-12-02,1973,12,REG,SF,38,PHI,28,0
1973-12-02,1973,12,REG,TEN,6,OAK,17,0
1973-12-02,1973,12,REG,NYJ,20,IND,17,0
1973-12-02,1973,12,REG,KC,20,CLE,20,0
1973-12-03,1973,12,REG,MIA,30,PIT,26,0
1973-12-08,1973,12,REG,OAK,37,KC,7,0
1973-12-08,1973,12,REG,GB,7,MIN,31,0
1973-12-09,1973,13,REG,BUF,37,NE,13,0
1973-12-09,1973,13,REG,PIT,33,TEN,7,0
1973-12-09,1973,13,REG,PHI,24,NYJ,23,0
1973-12-09,1973,13,REG,NO,16,SF,10,0
1973-12-09,1973,13,REG,DET,40,CHI,7,0
1973-12-09,1973,13,REG,IND,16,MIA,3,0
1973-12-09,1973,13,REG,ATL,10,ARI,32,0
1973-12-09,1973,13,REG,LAC,28,DEN,42,0
1973-12-09,1973,13,REG,DAL,27,WSH,7,0
1973-12-09,1973,13,REG,CIN,34,CLE,17,0
1973-12-10,1973,13,REG,LAR,40,NYG,6,0
1973-12-15,1973,13,REG,SF,14,PIT,37,0
1973-12-15,1973,13,REG,MIA,34,DET,7,0
1973-12-16,1973,14,REG,IND,18,NE,13,0
1973-12-16,1973,14,REG,KC,33,LAC,6,0
1973-12-16,1973,14,REG,LAR,30,CLE,17,0
1973-12-16,1973,14,REG,WSH,38,PHI,20,0
1973-12-16,1973,14,REG,OAK,21,DEN,17,0
1973-12-16,1973,14,REG,TEN,24,CIN,27,0
1973-12-16,1973,14,REG,NYJ,14,BUF,34,0
1973-12-16,1973,14,REG,NYG,7,MIN,31,0
1973-12-16,1973,14,REG,CHI,0,GB,21,0
1973-12-16,1973,14,REG,ARI,3,DAL,30,0
1973-12-16,1973,14,REG,ATL,14,NO,10,0
1973-12-22,1973,,POST,OAK,33,PIT,14,0
1973-12-22,1973,,POST,MIN,27,WSH,20,0
1973-12-23,1973,,POST,MIA,34,CIN,16,0
1973-12-23,1973,,POST,DAL,27,LAR,16,0
1973-12-30,1973,,POST,MIA,27,OAK,10,0
1973-12-30,1973,,POST,DAL,10,MIN,27,0
1974-01-13,1973,,POST,MIN,7,MIA,24,1
1974-09-15,1974,1,REG,DEN,10,LAR,17,0
1974-09-15,1974,1,REG,NO,13,SF,17,0
1974-09-15,1974,1,REG,PIT,30,IND,0,0
1974-09-15,1974,1,REG,NYG,10,WSH,13,0
1974-09-15,1974,1,REG,NE,34,MIA,24,0
1974-09-15,1974,1,REG,ATL,0,DAL,24,0
1974-09-15,1974,1,REG,CHI,17,DET,9,0
1974-09-15,1974,1,REG,TEN,21,LAC,14,0
1974-09-15,1974,1,REG,CIN,33,CLE,7,0
1974-09-15,1974,1,REG,ARI,7,PHI,3,0
1974-09-15,1974,1,REG,GB,17,MIN,32,0
1974-09-15,1974,1,REG,KC,24,NYJ,16,0
1974-09-16,1974,1,REG,BUF,21,OAK,20,0
1974-09-22,1974,2,REG,BUF,16,MIA,24,0
1974-09-22,1974,2,REG,CIN,17,LAC,20,0
1974-09-22,1974,2,REG,WSH,10,ARI,17,0
1974-09-22,1974,2,REG,CHI,21,NYJ,23,0
1974-09-22,1974,2,REG,LAR,24,NO,0,0
1974-09-22,1974,2,REG,ATL,10,SF,16,0
1974-09-22,1974,2,REG,OAK,27,KC,7,0
1974-09-22,1974,2,REG,NYG,20,NE,28,0
1974-09-22,1974,2,REG,DET,6,MIN,7,0
1974-09-22,1974,2,REG,DEN,35,PIT,35,0
1974-09-22,1974,2,REG,IND,13,GB,20,0
1974-09-22,1974,2,REG,CLE,20,TEN,7,0
1974-09-23,1974,2,REG,PHI,13,DAL,10,0
1974-09-29,1974,3,REG,ARI,29,CLE,7,0
1974-09-29,1974,3,REG,PIT,0,OAK,17,0
1974-09-29,1974,3,REG,BUF,16,NYJ,12,0
1974-09-29,1974,3,REG,LAC,21,MIA,28,0
1974-09-29,1974,3,REG,SF,3,CIN,21,0
1974-09-29,1974,3,REG,NE,20,LAR,14,0
1974-09-29,1974,3,REG,PHI,30,IND,10,0
1974-09-29,1974,3,REG,DAL,6,NYG,14,0
1974-09-29,1974,3,REG,TEN,7,KC,17,0
1974-09-29,1974,3,REG,NO,14,ATL,13,0
1974-09-29,1974,3,REG,MIN,11,CHI,7,0
1974-09-29,1974,3,REG,GB,21,DET,19,0
1974-09-30,1974,3,REG,WSH,30,DEN,3,0
1974-10-06,1974,4,REG,CIN,28,WSH,17,0
1974-10-06,1974,4,REG,LAC,7,PHI,13,0
1974-10-06,1974,4,REG,GB,7,BUF,27,0
1974-10-06,1974,4,REG,LAR,16,DET,13,0
1974-10-06,1974,4,REG,SF,9,ARI,34,0
1974-10-06,1974,4,REG,TEN,7,PIT,13,0
1974-10-06,1974,4,REG,NYG,7,ATL,14,0
1974-10-06,1974,4,REG,NE,42,IND,3,0
1974-10-06,1974,4,REG,KC,14,DEN,17,0
1974-10-06,1974,4,REG,DAL,21,MIN,23,0
1974-10-06,1974,4,REG,CLE,24,OAK,40,0
1974-10-06,1974,4,REG,CHI,24,NO,10,0
1974-10-07,1974,4,REG,MIA,21,NYJ,17,0
1974-10-13,1974,5,REG,ATL,13,CHI,10,0
1974-10-13,1974,5,REG,IND,14,BUF,27,0
1974-10-13,1974,5,REG,CLE,24,CIN,34,0
1974-10-13,1974,5,REG,ARI,31,DAL,28,0
1974-10-13,1974,5,REG,DEN,33,NO,17,0
1974-10-13,1974,5,REG,KC,24,PIT,34,0
1974-10-13,1974,5,REG,MIN,51,TEN,10,0
1974-10-13,1974,5,REG,NYJ,0,NE,24,0
1974-10-13,1974,5,REG,PHI,35,NYG,7,0
1974-10-13,1974,5,REG,LAC,10,OAK,14,0
1974-10-13,1974,5,REG,WSH,20,MIA,17,0
1974-10-13,1974,5,REG,GB,17,LAR,6,0
1974-10-14,1974,5,REG,DET,17,SF,13,0
1974-10-20,1974,6,REG,WSH,24,NYG,3,0
1974-10-20,1974,6,REG,LAR,37,SF,14,0
1974-10-20,1974,6,REG,DEN,27,LAC,7,0
1974-10-20,1974,6,REG,MIA,9,KC,3,0
1974-10-20,1974,6,REG,ATL,3,NO,13,0
1974-10-20,1974,6,REG,BUF,30,NE,28,0
1974-10-20,1974,6,REG,DAL,31,PHI,24,0
1974-10-20,1974,6,REG,MIN,16,DET,20,0
1974-10-20,1974,6,REG,NYJ,20,IND,35,0
1974-10-20,1974,6,REG,TEN,27,ARI,31,0
1974-10-20,1974,6,REG,PIT,20,CLE,16,0
1974-10-20,1974,6,REG,OAK,30,CIN,27,0
1974-10-21,1974,6,REG,CHI,10,GB,9,0
1974-10-27,1974,7,REG,NYG,7,DAL,21,0
1974-10-27,1974,7,REG,MIN,14,NE,17,0
1974-10-27,1974,7,REG,LAC,14,KC,24,0
1974-10-27,1974,7,REG,MIA,17,IND,7,0
1974-10-27,1974,7,REG,BUF,16,CHI,6,0
1974-10-27,1974,7,REG,NYJ,13,LAR,20,0
1974-10-27,1974,7,REG,CIN,21,TEN,34,0
1974-10-27,1974,7,REG,CLE,23,DEN,21,0
1974-10-27,1974,7,REG,ARI,23,WSH,20,0
1974-10-27,1974,7,REG,DET,19,GB,17,0
1974-10-27,1974,7,REG,NO,14,PHI,10,0
1974-10-27,1974,7,REG,SF,24,OAK,35,0
1974-10-28,1974,7,REG,PIT,24,ATL,17,0
1974-11-03,1974,8,REG,CHI,0,MIN,17,0
1974-11-03,1974,8,REG,LAC,36,CLE,35,0
1974-11-03,1974,8,REG,PIT,27,PHI,0,0
1974-11-03,1974,8,REG,NYJ,22,TEN,27,0
1974-11-03,1974,8,REG,NE,28,BUF,29,0
1974-11-03,1974,8,REG,KC,27,NYG,33,0
1974-11-03,1974,8,REG,GB,6,WSH,17,0
1974-11-03,1974,8,REG,DET,19,NO,14,0
1974-11-03,1974,8,REG,DEN,17,OAK,28,0
1974-11-03,1974,8,REG,DAL,17,ARI,14,0
1974-11-03,1974,8,REG,IND,14,CIN,24,0
1974-11-03,1974,8,REG,MIA,42,ATL,7,0
1974-11-04,1974,8,REG,SF,13,LAR,15,0
1974-11-10,1974,9,REG,BUF,9,TEN,21,0
1974-11-10,1974,9,REG,NYG,20,NYJ,26,0
1974-11-10,1974,9,REG,NE,14,CLE,21,0
1974-11-10,1974,9,REG,IND,6,DEN,17,0
1974-11-10,1974,9,REG,DAL,20,SF,14,0
1974-11-10,1974,9,REG,GB,20,CHI,3,0
1974-11-10,1974,9,REG,NO,0,MIA,21,0
1974-11-10,1974,9,REG,KC,7,LAC,14,0
1974-11-10,1974,9,REG,CIN,17,PIT,10,0
1974-11-10,1974,9,REG,PHI,20,WSH,27,0
1974-11-10,1974,9,REG,OAK,35,DET,13,0
1974-11-10,1974,9,REG,LAR,21,ATL,0,0
1974-11-11,1974,9,REG,ARI,24,MIN,28,0
1974-11-17,1974,10,REG,NO,20,LAR,7,0
1974-11-17,1974,10,REG,TEN,20,CIN,3,0
1974-11-17,1974,10,REG,WSH,28,DAL,21,0
1974-11-17,1974,10,REG,OAK,17,LAC,10,0
1974-11-17,1974,10,REG,PHI,3,ARI,13,0
1974-11-17,1974,10,REG,NE,16,NYJ,21,0
1974-11-17,1974,10,REG,MIN,7,GB,19,0
1974-11-17,1974,10,REG,MIA,35,BUF,28,0
1974-11-17,1974,10,REG,DET,20,NYG,19,0
1974-11-17,1974,10,REG,CLE,16,PIT,26,0
1974-11-17,1974,10,REG,CHI,0,SF,34,0
1974-11-17,1974,10,REG,ATL,7,IND,17,0
1974-11-18,1974,10,REG,DEN,34,KC,42,0
1974-11-24,1974,11,REG,CIN,33,KC,6,0
1974-11-24,1974,11,REG,OAK,17,DEN,20,0
1974-11-24,1974,11,REG,LAR,20,MIN,17,0
1974-11-24,1974,11,REG,IND,17,NE,27,0
1974-11-24,1974,11,REG,GB,34,LAC,0,0
1974-11-24,1974,11,REG,DET,34,CHI,17,0
1974-11-24,1974,11,REG,CLE,10,BUF,15,0
1974-11-24,1974,11,REG,WSH,26,PHI,7,0
1974-11-24,1974,11,REG,SF,27,ATL,0,0
1974-11-24,1974,11,REG,TEN,0,DAL,10,0
1974-11-24,1974,11,REG,NYJ,17,MIA,14,0
1974-11-24,1974,11,REG,NYG,21,ARI,23,0
1974-11-25,1974,11,REG,NO,7,PIT,28,0
1974-11-28,1974,11,REG,DAL,24,WSH,23,0
1974-11-28,1974,11,REG,DET,27,DEN,31,0
1974-12-01,1974,12,REG,CHI,16,NYG,13,0
1974-12-01,1974,12,REG,NYJ,27,LAC,14,0
1974-12-01,1974,12,REG,OAK,41,NE,26,0
1974-12-01,1974,12,REG,PIT,10,TEN,13,0
1974-12-01,1974,12,REG,PHI,36,GB,14,0
1974-12-01,1974,12,REG,MIN,29,NO,9,0
1974-12-01,1974,12,REG,ARI,13,KC,17,0
1974-12-01,1974,12,REG,CLE,7,SF,0,0
1974-12-01,1974,12,REG,BUF,6,IND,0,0
1974-12-01,1974,12,REG,ATL,7,LAR,30,0
1974-12-02,1974,12,REG,MIA,24,CIN,3,0
1974-12-07,1974,12,REG,DAL,41,CLE,17,0
1974-12-07,1974,12,REG,MIN,23,ATL,10,0
1974-12-08,1974,13,REG,SF,7,GB,6,0
1974-12-08,1974,13,REG,NYJ,20,BUF,10,0
1974-12-08,1974,13,REG,NYG,7,PHI,20,0
1974-12-08,1974,13,REG,CIN,19,DET,23,0
1974-12-08,1974,13,REG,LAC,28,CHI,21,0
1974-12-08,1974,13,REG,DEN,37,TEN,14,0
1974-12-08,1974,13,REG,NE,17,PIT,21,0
1974-12-08,1974,13,REG,NO,14,ARI,0,0
1974-12-08,1974,13,REG,KC,6,OAK,7,0
1974-12-08,1974,13,REG,IND,16,MIA,17,0
1974-12-09,1974,13,REG,LAR,17,WSH,23,0
1974-12-14,1974,13,REG,KC,15,MIN,35,0
1974-12-14,1974,13,REG,OAK,27,DAL,23,0
1974-12-14,1974,13,REG,PIT,27,CIN,3,0
1974-12-15,1974,14,REG,WSH,42,CHI,0,0
1974-12-15,1974,14,REG,LAC,17,DEN,0,0
1974-12-15,1974,14,REG,ATL,10,GB,3,0
1974-12-15,1974,14,REG,IND,38,NYJ,45,0
1974-12-15,1974,14,REG,ARI,26,NYG,14,0
1974-12-15,1974,14,REG,MIA,34,NE,27,0
1974-12-15,1974,14,REG,PHI,28,DET,17,0
1974-12-15,1974,14,REG,SF,35,NO,21,0
1974-12-15,1974,14,REG,LAR,19,BUF,14,0
1974-12-15,1974,14,REG,TEN,28,CLE,24,0
1974-12-21,1974,,POST,MIN,30,ARI,14,0
1974-12-21,1974,,POST,OAK,28,MIA,26,0
1974-12-22,1974,,POST,LAR,19,WSH,10,0
1974-12-22,1974,,POST,PIT,32,BUF,14,0
1974-12-29,1974,,POST,MIN,14,LAR,10,0
1974-12-29,1974,,POST,OAK,13,PIT,24,0
1975-01-12,1974,,POST,PIT,16,MIN,6,1
1975-09-21,1975,1,REG,WSH,41,NO,3,0
1975-09-21,1975,1,REG,DEN,37,KC,33,0
1975-09-21,1975,1,REG,PHI,14,NYG,23,0
1975-09-21,1975,1,REG,ARI,23,ATL,20,0
1975-09-21,1975,1,REG,CIN,24,CLE,17,0
1975-09-21,1975,1,REG,CHI,7,IND,35,0
1975-09-21,1975,1,REG,BUF,42,NYJ,14,0
1975-09-21,1975,1,REG,MIN,27,SF,17,0
1975-09-21,1975,1,REG,NE,0,TEN,7,0
1975-09-21,1975,1,REG,LAC,0,PIT,37,0
1975-09-21,1975,1,REG,GB,16,DET,30,0
1975-09-21,1975,1,REG,DAL,18,LAR,7,0
1975-09-22,1975,1,REG,MIA,21,OAK,31,0
1975-09-28,1975,2,REG,NE,14,MIA,22,0
1975-09-28,1975,2,REG,WSH,49,NYG,13,0
1975-09-28,1975,2,REG,PIT,21,BUF,30,0
1975-09-28,1975,2,REG,TEN,33,LAC,17,0
1975-09-28,1975,2,REG,NO,0,CIN,21,0
1975-09-28,1975,2,REG,KC,24,NYJ,30,0
1975-09-28,1975,2,REG,DAL,37,ARI,31,0
1975-09-28,1975,2,REG,IND,20,OAK,31,0
1975-09-28,1975,2,REG,CLE,10,MIN,42,0
1975-09-28,1975,2,REG,CHI,15,PHI,13,0
1975-09-28,1975,2,REG,ATL,14,DET,17,0
1975-09-28,1975,2,REG,SF,14,LAR,23,0
1975-09-29,1975,2,REG,DEN,23,GB,13,0
1975-10-05,1975,3,REG,ARI,26,NYG,14,0
1975-10-05,1975,3,REG,CLE,6,PIT,42,0
1975-10-05,1975,3,REG,BUF,38,DEN,14,0
1975-10-05,1975,3,REG,ATL,14,NO,7,0
1975-10-05,1975,3,REG,MIN,28,CHI,3,0
1975-10-05,1975,3,REG,LAR,24,IND,13,0
1975-10-05,1975,3,REG,TEN,19,CIN,21,0
1975-10-05,1975,3,REG,NYJ,36,NE,7,0
1975-10-05,1975,3,REG,PHI,26,WSH,10,0
1975-10-05,1975,3,REG,LAC,0,OAK,6,0
1975-10-05,1975,3,REG,KC,3,SF,20,0
1975-10-05,1975,3,REG,GB,7,MIA,31,0
1975-10-06,1975,3,REG,DET,10,DAL,36,0
1975-10-12,1975,4,REG,SF,3,ATL,17,0
1975-10-12,1975,4,REG,NYG,7,DAL,13,0
1975-10-12,1975,4,REG,NO,20,GB,19,0
1975-10-12,1975,4,REG,LAC,10,LAR,13,0
1975-10-12,1975,4,REG,PIT,20,DEN,9,0
1975-10-12,1975,4,REG,CIN,27,NE,10,0
1975-10-12,1975,4,REG,CLE,10,TEN,40,0
1975-10-12,1975,4,REG,IND,31,BUF,38,0
1975-10-12,1975,4,REG,DET,27,CHI,7,0
1975-10-12,1975,4,REG,KC,42,OAK,10,0
1975-10-12,1975,4,REG,MIA,24,PHI,16,0
1975-10-12,1975,4,REG,MIN,29,NYJ,21,0
1975-10-13,1975,4,REG,WSH,27,ARI,17,0
1975-10-19,1975,5,REG,ARI,31,PHI,20,0
1975-10-19,1975,5,REG,LAR,22,ATL,7,0
1975-10-19,1975,5,REG,PIT,34,CHI,3,0
1975-10-19,1975,5,REG,TEN,13,WSH,10,0
1975-10-19,1975,5,REG,DAL,17,GB,19,0
1975-10-19,1975,5,REG,CIN,14,OAK,10,0
1975-10-19,1975,5,REG,NYJ,0,MIA,43,0
1975-10-19,1975,5,REG,SF,35,NO,21,0
1975-10-19,1975,5,REG,NE,21,IND,10,0
1975-10-19,1975,5,REG,MIN,25,DET,19,0
1975-10-19,1975,5,REG,DEN,16,CLE,15,0
1975-10-19,1975,5,REG,LAC,10,KC,12,0
1975-10-20,1975,5,REG,BUF,14,NYG,17,0
1975-10-25,1975,5,REG,NYG,13,ARI,20,0
1975-10-26,1975,6,REG,TEN,24,DET,8,0
1975-10-26,1975,6,REG,NYJ,28,IND,45,0
1975-10-26,1975,6,REG,LAR,38,NO,14,0
1975-10-26,1975,6,REG,PHI,17,DAL,20,0
1975-10-26,1975,6,REG,OAK,25,LAC,0,0
1975-10-26,1975,6,REG,NE,24,SF,16,0
1975-10-26,1975,6,REG,ATL,14,CIN,21,0
1975-10-26,1975,6,REG,BUF,30,MIA,35,0
1975-10-26,1975,6,REG,CLE,7,WSH,23,0
1975-10-26,1975,6,REG,KC,26,DEN,13,0
1975-10-26,1975,6,REG,GB,13,PIT,16,0
1975-10-27,1975,6,REG,CHI,9,MIN,13,0
1975-11-01,1975,6,REG,NYG,35,LAC,24,0
1975-11-02,1975,7,REG,KC,13,TEN,17,0
1975-11-02,1975,7,REG,CHI,13,MIA,46,0
1975-11-02,1975,7,REG,CIN,24,PIT,30,0
1975-11-02,1975,7,REG,ARI,24,NE,17,0
1975-11-02,1975,7,REG,DEN,17,OAK,42,0
1975-11-02,1975,7,REG,GB,17,MIN,28,0
1975-11-02,1975,7,REG,NO,23,ATL,7,0
1975-11-02,1975,7,REG,NYJ,23,BUF,24,0
1975-11-02,1975,7,REG,SF,17,DET,28,0
1975-11-02,1975,7,REG,WSH,30,DAL,24,0
1975-11-02,1975,7,REG,IND,21,CLE,7,0
1975-11-03,1975,7,REG,PHI,3,LAR,42,0
1975-11-09,1975,8,REG,LAC,19,NE,33,0
1975-11-09,1975,8,REG,LAR,23,SF,24,0
1975-11-09,1975,8,REG,DEN,16,CIN,17,0
1975-11-09,1975,8,REG,BUF,35,IND,42,0
1975-11-09,1975,8,REG,MIA,27,NYJ,7,0
1975-11-09,1975,8,REG,CHI,27,GB,14,0
1975-11-09,1975,8,REG,OAK,48,NO,10,0
1975-11-09,1975,8,REG,PIT,24,TEN,17,0
1975-11-09,1975,8,REG,PHI,23,ARI,24,0
1975-11-09,1975,8,REG,NYG,13,WSH,21,0
1975-11-09,1975,8,REG,MIN,38,ATL,0,0
1975-11-09,1975,8,REG,DET,21,CLE,10,0
1975-11-10,1975,8,REG,DAL,31,KC,34,0
1975-11-16,1975,9,REG,IND,52,NYJ,19,0
1975-11-16,1975,9,REG,NYG,10,PHI,13,0
1975-11-16,1975,9,REG,TEN,20,MIA,19,0
1975-11-16,1975,9,REG,NE,31,DAL,34,0
1975-11-16,1975,9,REG,PIT,28,KC,3,0
1975-11-16,1975,9,REG,ATL,7,LAR,16,0
1975-11-16,1975,9,REG,LAC,17,DEN,27,0
1975-11-16,1975,9,REG,OAK,38,CLE,17,0
1975-11-16,1975,9,REG,SF,31,CHI,3,0
1975-11-16,1975,9,REG,ARI,20,WSH,17,0
1975-11-16,1975,9,REG,DET,13,GB,10,0
1975-11-16,1975,9,REG,NO,7,MIN,20,0
1975-11-17,1975,9,REG,CIN,33,BUF,24,0
1975-11-23,1975,10,REG,NYJ,6,ARI,37,0
1975-11-23,1975,10,REG,LAR,38,CHI,10,0
1975-11-23,1975,10,REG,MIN,28,LAC,13,0
1975-11-23,1975,10,REG,WSH,23,OAK,26,0
1975-11-23,1975,10,REG,NO,6,SF,16,0
1975-11-23,1975,10,REG,MIA,17,IND,33,0
1975-11-23,1975,10,REG,KC,24,DET,21,0
1975-11-23,1975,10,REG,GB,40,NYG,14,0
1975-11-23,1975,10,REG,DAL,27,PHI,17,0
1975-11-23,1975,10,REG,CLE,35,CIN,23,0
1975-11-23,1975,10,REG,BUF,45,NE,31,0
1975-11-23,1975,10,REG,ATL,35,DEN,21,0
1975-11-24,1975,10,REG,TEN,9,PIT,32,0
1975-11-27,1975,10,REG,DET,0,LAR,20,0
1975-11-27,1975,10,REG,ARI,14,BUF,32,0
1975-11-30,1975,11,REG,OAK,37,ATL,34,0
1975-11-30,1975,11,REG,DEN,13,LAC,10,0
1975-11-30,1975,11,REG,DAL,14,NYG,3,0
1975-11-30,1975,11,REG,CLE,17,NO,16,0
1975-11-30,1975,11,REG,CIN,23,TEN,19,0
1975-11-30,1975,11,REG,IND,28,KC,14,0
1975-11-30,1975,11,REG,WSH,31,MIN,30,0
1975-11-30,1975,11,REG,PHI,27,SF,17,0
1975-11-30,1975,11,REG,NYJ,7,PIT,20,0
1975-11-30,1975,11,REG,GB,28,CHI,7,0
1975-12-01,1975,11,REG,MIA,20,NE,7,0
1975-12-07,1975,12,REG,MIA,31,BUF,21,0
1975-12-07,1975,12,REG,ATL,27,WSH,30,0
1975-12-07,1975,12,REG,KC,20,LAC,28,0
1975-12-07,1975,12,REG,PHI,0,CIN,31,0
1975-12-07,1975,12,REG,ARI,31,DAL,17,0
1975-12-07,1975,12,REG,NO,7,LAR,14,0
1975-12-07,1975,12,REG,NE,28,NYJ,30,0
1975-12-07,1975,12,REG,MIN,24,GB,3,0
1975-12-07,1975,12,REG,CHI,25,DET,21,0
1975-12-07,1975,12,REG,SF,13,TEN,27,0
1975-12-07,1975,12,REG,PIT,31,CLE,17,0
1975-12-07,1975,12,REG,NYG,0,IND,21,0
1975-12-08,1975,12,REG,OAK,17,DEN,10,0
1975-12-13,1975,12,REG,PIT,35,CIN,14,0
1975-12-13,1975,12,REG,DAL,31,WSH,10,0
1975-12-14,1975,13,REG,DET,17,MIN,10,0
1975-12-14,1975,13,REG,LAR,22,GB,5,0
1975-12-14,1975,13,REG,IND,10,MIA,7,0
1975-12-14,1975,13,REG,OAK,26,TEN,27,0
1975-12-14,1975,13,REG,NYG,28,NO,14,0
1975-12-14,1975,13,REG,NE,14,BUF,34,0
1975-12-14,1975,13,REG,DEN,25,PHI,10,0
1975-12-14,1975,13,REG,CLE,40,KC,14,0
1975-12-14,1975,13,REG,CHI,20,ARI,34,0
1975-12-14,1975,13,REG,ATL,31,SF,9,0
1975-12-15,1975,13,REG,LAC,24,NYJ,16,0
1975-12-20,1975,13,REG,BUF,13,MIN,35,0
1975-12-20,1975,13,REG,LAR,10,PIT,3,0
1975-12-20,1975,13,REG,MIA,14,DEN,13,0
1975-12-21,1975,14,REG,TEN,21,CLE,10,0
1975-12-21,1975,14,REG,SF,23,NYG,26,0
1975-12-21,1975,14,REG,CIN,47,LAC,17,0
1975-12-21,1975,14,REG,NYJ,21,DAL,31,0
1975-12-21,1975,14,REG,NO,17,CHI,42,0
1975-12-21,1975,14,REG,GB,22,ATL,13,0
1975-12-21,1975,14,REG,DET,13,ARI,24,0
1975-12-21,1975,14,REG,IND,34,NE,21,0
1975-12-21,1975,14,REG,OAK,28,KC,20,0
1975-12-21,1975,14,REG,WSH,3,PHI,26,0
1975-12-27,1975,,POST,PIT,28,IND,10,0
1975-12-27,1975,,POST,LAR,35,ARI,23,0
1975-12-28,1975,,POST,MIN,14,DAL,17,0
1975-12-28,1975,,POST,OAK,31,CIN,28,0
1976-01-04,1975,,POST,PIT,16,OAK,10,0
1976-01-04,1975,,POST,LAR,7,DAL,37,0
1976-01-18,1975,,POST,PIT,21,DAL,17,1
1976-09-12,1976,1,REG,GB,14,SF,26,0
1976-09-12,1976,1,REG,KC,16,LAC,30,0
1976-09-12,1976,1,REG,NE,13,IND,27,0
1976-09-12,1976,1,REG,WSH,19,NYG,17,0
1976-09-12,1976,1,REG,SEA,24,ARI,30,0
1976-09-12,1976,1,REG,OAK,31,PIT,28,0
1976-09-12,1976,1,REG,NO,9,MIN,40,0
1976-09-12,1976,1,REG,CHI,10,DET,3,0
1976-09-12,1976,1,REG,ATL,14,LAR,30,0
1976-09-12,1976,1,REG,DAL,27,PHI,7,0
1976-09-12,1976,1,REG,CLE,38,NYJ,17,0
1976-09-12,1976,1,REG,CIN,17,DEN,7,0
1976-09-12,1976,1,REG,TEN,20,TB,0,0
1976-09-13,1976,1,REG,BUF,21,MIA,30,0
1976-09-19,1976,2,REG,NO,6,DAL,24,0
1976-09-19,1976,2,REG,MIN,10,LAR,10,0
1976-09-19,1976,2,REG,PHI,20,NYG,7,0
1976-09-19,1976,2,REG,TB,0,LAC,23,0
1976-09-19,1976,2,REG,WSH,31,SEA,7,0
1976-09-19,1976,2,REG,SF,12,CHI,19,0
1976-09-19,1976,2,REG,PIT,31,CLE,14,0
1976-09-19,1976,2,REG,NE,30,MIA,14,0
1976-09-19,1976,2,REG,DET,24,ATL,10,0
1976-09-19,1976,2,REG,DEN,46,NYJ,3,0
1976-09-19,1976,2,REG,ARI,29,GB,0,0
1976-09-19,1976,2,REG,IND,28,CIN,27,0
1976-09-19,1976,2,REG,BUF,3,TEN,13,0
1976-09-20,1976,2,REG,KC,21,OAK,24,0
1976-09-26,1976,3,REG,CHI,0,ATL,10,0
1976-09-26,1976,3,REG,DET,9,MIN,10,0
1976-09-26,1976,3,REG,LAC,43,ARI,24,0
1976-09-26,1976,3,REG,PIT,27,NE,30,0
1976-09-26,1976,3,REG,KC,17,NO,27,0
1976-09-26,1976,3,REG,MIA,16,NYJ,0,0
1976-09-26,1976,3,REG,TB,9,BUF,14,0
1976-09-26,1976,3,REG,SEA,21,SF,37,0
1976-09-26,1976,3,REG,LAR,24,NYG,10,0
1976-09-26,1976,3,REG,TEN,13,OAK,14,0
1976-09-26,1976,3,REG,DAL,30,IND,27,0
1976-09-26,1976,3,REG,CIN,28,GB,7,0
1976-09-26,1976,3,REG,DEN,44,CLE,13,0
1976-09-27,1976,3,REG,PHI,17,WSH,20,0
1976-10-03,1976,4,REG,GB,24,DET,14,0
1976-10-03,1976,4,REG,DEN,26,LAC,0,0
1976-10-03,1976,4,REG,SF,17,NYJ,6,0
1976-10-03,1976,4,REG,SEA,13,DAL,28,0
1976-10-03,1976,4,REG,NE,48,OAK,17,0
1976-10-03,1976,4,REG,NO,26,TEN,31,0
1976-10-03,1976,4,REG,ARI,27,NYG,21,0
1976-10-03,1976,4,REG,MIA,28,LAR,31,0
1976-10-03,1976,4,REG,IND,42,TB,17,0
1976-10-03,1976,4,REG,CHI,33,WSH,7,0
1976-10-03,1976,4,REG,CLE,24,CIN,45,0
1976-10-03,1976,4,REG,BUF,50,KC,17,0
1976-10-03,1976,4,REG,ATL,13,PHI,14,0
1976-10-04,1976,4,REG,MIN,17,PIT,6,0
1976-10-10,1976,5,REG,WSH,30,KC,33,0
1976-10-10,1976,5,REG,DET,30,NE,10,0
1976-10-10,1976,5,REG,ARI,33,PHI,14,0
1976-10-10,1976,5,REG,IND,28,MIA,14,0
1976-10-10,1976,5,REG,TEN,17,DEN,3,0
1976-10-10,1976,5,REG,NYJ,17,BUF,14,0
1976-10-10,1976,5,REG,NYG,14,DAL,24,0
1976-10-10,1976,5,REG,CLE,18,PIT,16,0
1976-10-10,1976,5,REG,CIN,21,TB,0,0
1976-10-10,1976,5,REG,LAC,17,OAK,27,0
1976-10-10,1976,5,REG,NO,30,ATL,0,0
1976-10-10,1976,5,REG,MIN,20,CHI,19,0
1976-10-10,1976,5,REG,GB,27,SEA,20,0
1976-10-11,1976,5,REG,LAR,0,SF,16,0
1976-10-17,1976,6,REG,LAC,30,TEN,27,0
1976-10-17,1976,6,REG,ATL,17,CLE,20,0
1976-10-17,1976,6,REG,BUF,13,IND,31,0
1976-10-17,1976,6,REG,ARI,21,DAL,17,0
1976-10-17,1976,6,REG,PIT,23,CIN,6,0
1976-10-17,1976,6,REG,DEN,10,OAK,17,0
1976-10-17,1976,6,REG,GB,28,PHI,13,0
1976-10-17,1976,6,REG,MIA,17,KC,20,0
1976-10-17,1976,6,REG,MIN,24,NYG,7,0
1976-10-17,1976,6,REG,LAR,20,CHI,12,0
1976-10-17,1976,6,REG,SF,33,NO,3,0
1976-10-17,1976,6,REG,TB,10,SEA,13,0
1976-10-17,1976,6,REG,WSH,20,DET,7,0
1976-10-18,1976,6,REG,NE,41,NYJ,7,0
1976-10-23,1976,6,REG,SF,15,ATL,0,0
1976-10-24,1976,7,REG,BUF,22,NE,26,0
1976-10-24,1976,7,REG,KC,26,DEN,35,0
1976-10-24,1976,7,REG,DAL,31,CHI,21,0
1976-10-24,1976,7,REG,NYG,0,PIT,27,0
1976-10-24,1976,7,REG,TB,20,MIA,23,0
1976-10-24,1976,7,REG,OAK,18,GB,14,0
1976-10-24,1976,7,REG,PHI,12,MIN,31,0
1976-10-24,1976,7,REG,NYJ,0,IND,20,0
1976-10-24,1976,7,REG,TEN,7,CIN,27,0
1976-10-24,1976,7,REG,CLE,21,LAC,17,0
1976-10-24,1976,7,REG,NO,10,LAR,16,0
1976-10-24,1976,7,REG,SEA,14,DET,41,0
1976-10-25,1976,7,REG,WSH,20,ARI,10,0
1976-10-31,1976,8,REG,OAK,19,DEN,6,0
1976-10-31,1976,8,REG,PIT,23,LAC,0,0
1976-10-31,1976,8,REG,WSH,7,DAL,20,0
1976-10-31,1976,8,REG,TB,19,KC,28,0
1976-10-31,1976,8,REG,NYG,0,PHI,10,0
1976-10-31,1976,8,REG,ATL,23,NO,20,0
1976-10-31,1976,8,REG,BUF,14,NYJ,19,0
1976-10-31,1976,8,REG,CHI,14,MIN,13,0
1976-10-31,1976,8,REG,CIN,21,CLE,6,0
1976-10-31,1976,8,REG,ARI,23,SF,20,0
1976-10-31,1976,8,REG,DET,27,GB,6,0
1976-10-31,1976,8,REG,MIA,10,NE,3,0
1976-10-31,1976,8,REG,LAR,45,SEA,6,0
1976-11-01,1976,8,REG,IND,38,TEN,14,0
1976-11-07,1976,9,REG,SF,21,WSH,24,0
1976-11-07,1976,9,REG,SEA,30,ATL,13,0
1976-11-07,1976,9,REG,CHI,27,OAK,28,0
1976-11-07,1976,9,REG,PHI,14,ARI,17,0
1976-11-07,1976,9,REG,TEN,7,CLE,21,0
1976-11-07,1976,9,REG,NYJ,7,MIA,27,0
1976-11-07,1976,9,REG,NE,20,BUF,10,0
1976-11-07,1976,9,REG,MIN,31,DET,23,0
1976-11-07,1976,9,REG,KC,0,PIT,45,0
1976-11-07,1976,9,REG,GB,32,NO,27,0
1976-11-07,1976,9,REG,DEN,48,TB,13,0
1976-11-07,1976,9,REG,DAL,9,NYG,3,0
1976-11-07,1976,9,REG,LAC,21,IND,37,0
1976-11-08,1976,9,REG,CIN,20,LAR,12,0
1976-11-14,1976,10,REG,NYG,12,WSH,9,0
1976-11-14,1976,10,REG,NO,17,DET,16,0
1976-11-14,1976,10,REG,MIN,27,SEA,21,0
1976-11-14,1976,10,REG,IND,14,NE,21,0
1976-11-14,1976,10,REG,PIT,14,MIA,3,0
1976-11-14,1976,10,REG,OAK,21,KC,10,0
1976-11-14,1976,10,REG,CIN,31,TEN,27,0
1976-11-14,1976,10,REG,LAC,0,DEN,17,0
1976-11-14,1976,10,REG,LAR,28,ARI,30,0
1976-11-14,1976,10,REG,CLE,24,PHI,3,0
1976-11-14,1976,10,REG,CHI,24,GB,13,0
1976-11-14,1976,10,REG,ATL,21,SF,16,0
1976-11-14,1976,10,REG,NYJ,34,TB,0,0
1976-11-15,1976,10,REG,DAL,17,BUF,10,0
1976-11-21,1976,11,REG,KC,24,CIN,27,0
1976-11-21,1976,11,REG,BUF,13,LAC,34,0
1976-11-21,1976,11,REG,TB,7,CLE,24,0
1976-11-21,1976,11,REG,SEA,27,NO,51,0
1976-11-21,1976,11,REG,PIT,32,TEN,16,0
1976-11-21,1976,11,REG,PHI,7,OAK,26,0
1976-11-21,1976,11,REG,NYJ,24,NE,38,0
1976-11-21,1976,11,REG,GB,10,MIN,17,0
1976-11-21,1976,11,REG,DET,14,CHI,10,0
1976-11-21,1976,11,REG,DEN,14,NYG,13,0
1976-11-21,1976,11,REG,ARI,10,WSH,16,0
1976-11-21,1976,11,REG,ATL,17,DAL,10,0
1976-11-21,1976,11,REG,SF,3,LAR,23,0
1976-11-22,1976,11,REG,MIA,16,IND,17,0
1976-11-25,1976,11,REG,DET,27,BUF,14,0
1976-11-25,1976,11,REG,DAL,19,ARI,14,0
1976-11-28,1976,12,REG,OAK,49,TB,16,0
1976-11-28,1976,12,REG,LAC,20,KC,23,0
1976-11-28,1976,12,REG,CIN,3,PIT,7,0
1976-11-28,1976,12,REG,CLE,17,MIA,13,0
1976-11-28,1976,12,REG,IND,33,NYJ,16,0
1976-11-28,1976,12,REG,GB,10,CHI,16,0
1976-11-28,1976,12,REG,NE,38,DEN,14,0
1976-11-28,1976,12,REG,NYG,28,SEA,16,0
1976-11-28,1976,12,REG,TEN,20,ATL,14,0
1976-11-28,1976,12,REG,WSH,24,PHI,0,0
1976-11-28,1976,12,REG,LAR,33,NO,14,0
1976-11-29,1976,12,REG,SF,20,MIN,16,0
1976-12-04,1976,12,REG,ARI,24,IND,17,0
1976-12-04,1976,12,REG,LAR,59,ATL,0,0
1976-12-05,1976,13,REG,NYJ,16,WSH,37,0
1976-12-05,1976,13,REG,NYG,24,DET,10,0
1976-12-05,1976,13,REG,NE,27,NO,6,0
1976-12-05,1976,13,REG,MIN,20,GB,9,0
1976-12-05,1976,13,REG,DEN,17,KC,16,0
1976-12-05,1976,13,REG,CLE,13,TEN,10,0
1976-12-05,1976,13,REG,SEA,7,CHI,34,0
1976-12-05,1976,13,REG,PHI,7,DAL,26,0
1976-12-05,1976,13,REG,LAC,13,SF,7,0
1976-12-05,1976,13,REG,PIT,42,TB,0,0
1976-12-05,1976,13,REG,MIA,45,BUF,27,0
1976-12-06,1976,13,REG,OAK,35,CIN,20,0
1976-12-11,1976,13,REG,TEN,0,PIT,21,0
1976-12-11,1976,13,REG,MIA,7,MIN,29,0
1976-12-11,1976,13,REG,DET,17,LAR,20,0
1976-12-12,1976,14,REG,IND,58,BUF,20,0
1976-12-12,1976,14,REG,DAL,14,WSH,27,0
1976-12-12,1976,14,REG,KC,39,CLE,14,0
1976-12-12,1976,14,REG,NO,7,SF,27,0
1976-12-12,1976,14,REG,ATL,20,GB,24,0
1976-12-12,1976,14,REG,CHI,14,DEN,28,0
1976-12-12,1976,14,REG,PHI,27,SEA,10,0
1976-12-12,1976,14,REG,OAK,24,LAC,0,0
1976-12-12,1976,14,REG,NYG,14,ARI,17,0
1976-12-12,1976,14,REG,NYJ,3,CIN,42,0
1976-12-12,1976,14,REG,TB,14,NE,31,0
1976-12-18,1976,,POST,MIN,35,WSH,20,0
1976-12-18,1976,,POST,OAK,24,NE,21,0
1976-12-19,1976,,POST,IND,14,PIT,40,0
1976-12-19,1976,,POST,DAL,12,LAR,14,0
1976-12-26,1976,,POST,MIN,24,LAR,13,0
1976-12-26,1976,,POST,OAK,24,PIT,7,0
1977-01-09,1976,,POST,OAK,32,MIN,14,1
1977-09-18,1977,1,REG,OAK,24,LAC,0,0
1977-09-18,1977,1,REG,ATL,17,LAR,6,0
1977-09-18,1977,1,REG,CHI,30,DET,20,0
1977-09-18,1977,1,REG,SEA,14,IND,29,0
1977-09-18,1977,1,REG,PHI,13,TB,3,0
1977-09-18,1977,1,REG,TEN,20,NYJ,0,0
1977-09-18,1977,1,REG,NYG,20,WSH,17,0
1977-09-18,1977,1,REG,NE,21,KC,17,0
1977-09-18,1977,1,REG,NO,20,GB,24,0
1977-09-18,1977,1,REG,MIN,10,DAL,16,0
1977-09-18,1977,1,REG,DEN,7,ARI,0,0
1977-09-18,1977,1,REG,CIN,3,CLE,13,0
1977-09-18,1977,1,REG,BUF,0,MIA,13,0
1977-09-19,1977,1,REG,PIT,27,SF,0,0
1977-09-24,1977,1,REG,TB,3,MIN,9,0
1977-09-25,1977,2,REG,DEN,26,BUF,6,0
1977-09-25,1977,2,REG,DET,23,NO,19,0
1977-09-25,1977,2,REG,NYJ,12,IND,20,0
1977-09-25,1977,2,REG,PIT,7,OAK,16,0
1977-09-25,1977,2,REG,SF,15,MIA,19,0
1977-09-25,1977,2,REG,WSH,10,ATL,6,0
1977-09-25,1977,2,REG,DAL,41,NYG,21,0
1977-09-25,1977,2,REG,ARI,16,CHI,13,0
1977-09-25,1977,2,REG,LAR,20,PHI,0,0
1977-09-25,1977,2,REG,CIN,42,SEA,20,0
1977-09-25,1977,2,REG,GB,10,TEN,16,0
1977-09-25,1977,2,REG,KC,7,LAC,23,0
1977-09-26,1977,2,REG,CLE,30,NE,27,0
1977-10-02,1977,3,REG,NYJ,30,NE,27,0
1977-10-02,1977,3,REG,LAR,34,SF,14,0
1977-10-02,1977,3,REG,MIN,19,GB,7,0
1977-10-02,1977,3,REG,MIA,27,TEN,7,0
1977-10-02,1977,3,REG,DET,17,PHI,13,0
1977-10-02,1977,3,REG,CHI,24,NO,42,0
1977-10-02,1977,3,REG,ATL,17,NYG,3,0
1977-10-02,1977,3,REG,DAL,23,TB,7,0
1977-10-02,1977,3,REG,LAC,24,CIN,3,0
1977-10-02,1977,3,REG,CLE,14,PIT,28,0
1977-10-02,1977,3,REG,IND,17,BUF,14,0
1977-10-02,1977,3,REG,SEA,13,DEN,24,0
1977-10-02,1977,3,REG,WSH,24,ARI,14,0
1977-10-03,1977,3,REG,KC,28,OAK,37,0
1977-10-09,1977,4,REG,SF,0,ATL,7,0
1977-10-09,1977,4,REG,BUF,19,NYJ,24,0
1977-10-09,1977,4,REG,CLE,10,OAK,26,0
1977-10-09,1977,4,REG,IND,45,MIA,28,0
1977-10-09,1977,4,REG,ARI,24,DAL,30,0
1977-10-09,1977,4,REG,DEN,23,KC,7,0
1977-10-09,1977,4,REG,GB,7,CIN,17,0
1977-10-09,1977,4,REG,MIN,14,DET,7,0
1977-10-09,1977,4,REG,NE,31,SEA,0,0
1977-10-09,1977,4,REG,NYG,10,PHI,28,0
1977-10-09,1977,4,REG,TEN,27,PIT,10,0
1977-10-09,1977,4,REG,NO,0,LAC,14,0
1977-10-09,1977,4,REG,TB,0,WSH,10,0
1977-10-10,1977,4,REG,CHI,24,LAR,23,0
1977-10-16,1977,5,REG,BUF,3,ATL,0,0
1977-10-16,1977,5,REG,TEN,23,CLE,24,0
1977-10-16,1977,5,REG,LAR,14,NO,7,0
1977-10-16,1977,5,REG,MIN,22,CHI,16,0
1977-10-16,1977,5,REG,MIA,21,NYJ,17,0
1977-10-16,1977,5,REG,KC,6,IND,17,0
1977-10-16,1977,5,REG,DET,10,GB,6,0
1977-10-16,1977,5,REG,SEA,30,TB,23,0
1977-10-16,1977,5,REG,LAC,20,NE,24,0
1977-10-16,1977,5,REG,DAL,34,WSH,16,0
1977-10-16,1977,5,REG,OAK,7,DEN,30,0
1977-10-16,1977,5,REG,NYG,20,SF,17,0
1977-10-16,1977,5,REG,PHI,17,ARI,21,0
1977-10-17,1977,5,REG,PIT,20,CIN,14,0
1977-10-23,1977,6,REG,NYJ,27,OAK,28,0
1977-10-23,1977,6,REG,PIT,27,TEN,10,0
1977-10-23,1977,6,REG,MIA,31,SEA,13,0
1977-10-23,1977,6,REG,WSH,6,NYG,17,0
1977-10-23,1977,6,REG,LAC,16,KC,21,0
1977-10-23,1977,6,REG,BUF,16,CLE,27,0
1977-10-23,1977,6,REG,CHI,10,ATL,16,0
1977-10-23,1977,6,REG,SF,28,DET,7,0
1977-10-23,1977,6,REG,TB,0,GB,13,0
1977-10-23,1977,6,REG,CIN,13,DEN,24,0
1977-10-23,1977,6,REG,ARI,49,NO,31,0
1977-10-23,1977,6,REG,PHI,10,DAL,16,0
1977-10-23,1977,6,REG,NE,17,IND,3,0
1977-10-24,1977,6,REG,LAR,35,MIN,3,0
1977-10-30,1977,7,REG,WSH,23,PHI,17,0
1977-10-30,1977,7,REG,MIA,13,LAC,14,0
1977-10-30,1977,7,REG,SF,20,TB,10,0
1977-10-30,1977,7,REG,SEA,56,BUF,17,0
1977-10-30,1977,7,REG,NE,24,NYJ,13,0
1977-10-30,1977,7,REG,GB,0,CHI,26,0
1977-10-30,1977,7,REG,DEN,14,OAK,24,0
1977-10-30,1977,7,REG,DAL,37,DET,0,0
1977-10-30,1977,7,REG,IND,31,PIT,21,0
1977-10-30,1977,7,REG,CLE,44,KC,7,0
1977-10-30,1977,7,REG,CIN,13,TEN,10,0
1977-10-30,1977,7,REG,ATL,7,MIN,14,0
1977-10-30,1977,7,REG,NO,27,LAR,26,0
1977-10-31,1977,7,REG,ARI,28,NYG,0,0
1977-11-06,1977,8,REG,PHI,28,NO,7,0
1977-11-06,1977,8,REG,NE,14,BUF,24,0
1977-11-06,1977,8,REG,DET,20,LAC,0,0
1977-11-06,1977,8,REG,OAK,44,SEA,7,0
1977-11-06,1977,8,REG,CLE,7,CIN,10,0
1977-11-06,1977,8,REG,MIN,7,ARI,27,0
1977-11-06,1977,8,REG,KC,20,GB,10,0
1977-11-06,1977,8,REG,DEN,21,PIT,7,0
1977-11-06,1977,8,REG,LAR,31,TB,0,0
1977-11-06,1977,8,REG,NYJ,10,MIA,14,0
1977-11-06,1977,8,REG,NYG,10,DAL,24,0
1977-11-06,1977,8,REG,TEN,47,CHI,0,0
1977-11-06,1977,8,REG,ATL,3,SF,10,0
1977-11-07,1977,8,REG,IND,10,WSH,3,0
1977-11-13,1977,9,REG,ATL,17,DET,6,0
1977-11-13,1977,9,REG,GB,6,LAR,24,0
1977-11-13,1977,9,REG,LAC,14,DEN,17,0
1977-11-13,1977,9,REG,NYJ,0,SEA,17,0
1977-11-13,1977,9,REG,TB,0,NYG,10,0
1977-11-13,1977,9,REG,OAK,34,TEN,29,0
1977-11-13,1977,9,REG,PIT,35,CLE,31,0
1977-11-13,1977,9,REG,PHI,14,WSH,17,0
1977-11-13,1977,9,REG,NO,7,SF,10,0
1977-11-13,1977,9,REG,MIN,42,CIN,10,0
1977-11-13,1977,9,REG,MIA,17,NE,5,0
1977-11-13,1977,9,REG,CHI,28,KC,27,0
1977-11-13,1977,9,REG,BUF,13,IND,31,0
1977-11-14,1977,9,REG,DAL,17,ARI,24,0
1977-11-20,1977,10,REG,NYG,7,CLE,21,0
1977-11-20,1977,10,REG,KC,7,DEN,14,0
1977-11-20,1977,10,REG,NO,21,ATL,20,0
1977-11-20,1977,10,REG,SEA,10,TEN,22,0
1977-11-20,1977,10,REG,PIT,28,DAL,13,0
1977-11-20,1977,10,REG,BUF,7,NE,20,0
1977-11-20,1977,10,REG,CHI,10,MIN,7,0
1977-11-20,1977,10,REG,SF,10,LAR,23,0
1977-11-20,1977,10,REG,LAC,12,OAK,7,0
1977-11-20,1977,10,REG,CIN,23,MIA,17,0
1977-11-20,1977,10,REG,IND,33,NYJ,12,0
1977-11-20,1977,10,REG,ARI,21,PHI,16,0
1977-11-20,1977,10,REG,DET,16,TB,7,0
1977-11-21,1977,10,REG,WSH,10,GB,9,0
1977-11-24,1977,10,REG,DET,14,CHI,31,0
1977-11-24,1977,10,REG,ARI,14,MIA,55,0
1977-11-27,1977,11,REG,NE,14,PHI,6,0
1977-11-27,1977,11,REG,CIN,30,NYG,13,0
1977-11-27,1977,11,REG,SEA,28,LAC,30,0
1977-11-27,1977,11,REG,CLE,0,LAR,9,0
1977-11-27,1977,11,REG,WSH,7,DAL,14,0
1977-11-27,1977,11,REG,GB,6,MIN,13,0
1977-11-27,1977,11,REG,DEN,27,IND,13,0
1977-11-27,1977,11,REG,TB,0,ATL,17,0
1977-11-27,1977,11,REG,SF,20,NO,17,0
1977-11-27,1977,11,REG,TEN,34,KC,20,0
1977-11-27,1977,11,REG,NYJ,20,PIT,23,0
1977-11-28,1977,11,REG,OAK,34,BUF,13,0
1977-12-04,1977,12,REG,ATL,10,NE,16,0
1977-12-04,1977,12,REG,LAR,20,OAK,14,0
1977-12-04,1977,12,REG,NO,13,NYJ,16,0
1977-12-04,1977,12,REG,TEN,14,DEN,24,0
1977-12-04,1977,12,REG,TB,0,CHI,10,0
1977-12-04,1977,12,REG,PIT,30,SEA,20,0
1977-12-04,1977,12,REG,NYG,27,ARI,7,0
1977-12-04,1977,12,REG,MIN,28,SF,27,0
1977-12-04,1977,12,REG,KC,7,CIN,27,0
1977-12-04,1977,12,REG,GB,10,DET,9,0
1977-12-04,1977,12,REG,LAC,37,CLE,14,0
1977-12-04,1977,12,REG,DAL,24,PHI,14,0
1977-12-04,1977,12,REG,BUF,0,WSH,10,0
1977-12-05,1977,12,REG,MIA,17,IND,6,0
1977-12-10,1977,12,REG,CIN,17,PIT,10,0
1977-12-10,1977,12,REG,ARI,20,WSH,26,0
1977-12-11,1977,13,REG,LAR,23,ATL,7,0
1977-12-11,1977,13,REG,NE,14,MIA,10,0
1977-12-11,1977,13,REG,NYJ,10,BUF,14,0
1977-12-11,1977,13,REG,OAK,35,MIN,13,0
1977-12-11,1977,13,REG,DEN,17,LAC,9,0
1977-12-11,1977,13,REG,CLE,15,TEN,19,0
1977-12-11,1977,13,REG,KC,31,SEA,34,0
1977-12-11,1977,13,REG,NO,14,TB,33,0
1977-12-11,1977,13,REG,PHI,17,NYG,14,0
1977-12-11,1977,13,REG,CHI,21,GB,10,0
1977-12-11,1977,13,REG,IND,10,DET,13,0
1977-12-12,1977,13,REG,SF,35,DAL,42,0
1977-12-17,1977,13,REG,MIA,31,BUF,14,0
1977-12-17,1977,13,REG,DET,21,MIN,30,0
1977-12-17,1977,13,REG,WSH,17,LAR,14,0
1977-12-18,1977,14,REG,SEA,20,CLE,19,0
1977-12-18,1977,14,REG,LAC,9,PIT,10,0
1977-12-18,1977,14,REG,OAK,21,KC,20,0
1977-12-18,1977,14,REG,PHI,27,NYJ,0,0
1977-12-18,1977,14,REG,TEN,21,CIN,16,0
1977-12-18,1977,14,REG,NYG,9,CHI,12,0
1977-12-18,1977,14,REG,GB,16,SF,14,0
1977-12-18,1977,14,REG,DAL,14,DEN,6,0
1977-12-18,1977,14,REG,IND,30,NE,24,0
1977-12-18,1977,14,REG,ATL,35,NO,7,0
1977-12-18,1977,14,REG,TB,17,ARI,7,0
1977-12-24,1977,,POST,IND,31,OAK,37,0
1977-12-24,1977,,POST,DEN,34,PIT,21,0
1977-12-26,1977,,POST,DAL,37,CHI,7,0
1977-12-26,1977,,POST,LAR,7,MIN,14,0
1978-01-01,1977,,POST,DEN,20,OAK,17,0
1978-01-01,1977,,POST,DAL,23,MIN,6,0
1978-01-15,1977,,POST,DEN,10,DAL,27,1
1978-09-02,1978,1,REG,TB,13,NYG,19,0
1978-09-03,1978,1,REG,ATL,20,TEN,14,0
1978-09-03,1978,1,REG,PHI,14,LAR,16,0
1978-09-03,1978,1,REG,NO,31,MIN,24,0
1978-09-03,1978,1,REG,SEA,20,LAC,24,0
1978-09-03,1978,1,REG,NYJ,33,MIA,20,0
1978-09-03,1978,1,REG,NE,14,WSH,16,0
1978-09-03,1978,1,REG,DET,7,GB,13,0
1978-09-03,1978,1,REG,DEN,14,OAK,6,0
1978-09-03,1978,1,REG,CLE,24,SF,7,0
1978-09-03,1978,1,REG,CIN,23,KC,24,0
1978-09-03,1978,1,REG,CHI,17,ARI,10,0
1978-09-03,1978,1,REG,BUF,17,PIT,28,0
1978-09-04,1978,1,REG,DAL,38,IND,0,0
1978-09-09,1978,2,REG,TB,7,DET,15,0
1978-09-10,1978,2,REG,BUF,20,NYJ,21,0
1978-09-10,1978,2,REG,LAR,10,ATL,0,0
1978-09-10,1978,2,REG,WSH,35,PHI,30,0
1978-09-10,1978,2,REG,LAC,20,OAK,21,0
1978-09-10,1978,2,REG,IND,0,MIA,42,0
1978-09-10,1978,2,REG,ARI,6,NE,16,0
1978-09-10,1978,2,REG,GB,28,NO,17,0
1978-09-10,1978,2,REG,KC,17,TEN,20,0
1978-09-10,1978,2,REG,NYG,24,DAL,34,0
1978-09-10,1978,2,REG,PIT,21,SEA,10,0
1978-09-10,1978,2,REG,SF,13,CHI,16,0
1978-09-10,1978,2,REG,CLE,13,CIN,10,0
1978-09-11,1978,2,REG,MIN,12,DEN,9,0
1978-09-17,1978,3,REG,CIN,3,PIT,28,0
1978-09-17,1978,3,REG,LAR,27,DAL,14,0
1978-09-17,1978,3,REG,TEN,20,SF,19,0
1978-09-17,1978,3,REG,NYJ,17,SEA,24,0
1978-09-17,1978,3,REG,NYG,26,KC,10,0
1978-09-17,1978,3,REG,NO,17,PHI,24,0
1978-09-17,1978,3,REG,MIN,10,TB,16,0
1978-09-17,1978,3,REG,MIA,31,BUF,24,0
1978-09-17,1978,3,REG,GB,3,OAK,28,0
1978-09-17,1978,3,REG,DET,0,CHI,19,0
1978-09-17,1978,3,REG,ARI,10,WSH,28,0
1978-09-17,1978,3,REG,ATL,16,CLE,24,0
1978-09-17,1978,3,REG,DEN,27,LAC,14,0
1978-09-18,1978,3,REG,NE,27,IND,34,0
1978-09-24,1978,4,REG,CIN,18,NO,20,0
1978-09-24,1978,4,REG,TEN,6,LAR,10,0
1978-09-24,1978,4,REG,PHI,17,MIA,3,0
1978-09-24,1978,4,REG,LAC,3,GB,24,0
1978-09-24,1978,4,REG,WSH,23,NYJ,3,0
1978-09-24,1978,4,REG,TB,14,ATL,9,0
1978-09-24,1978,4,REG,SEA,28,DET,16,0
1978-09-24,1978,4,REG,OAK,14,NE,21,0
1978-09-24,1978,4,REG,PIT,15,CLE,9,0
1978-09-24,1978,4,REG,NYG,27,SF,10,0
1978-09-24,1978,4,REG,KC,17,DEN,23,0
1978-09-24,1978,4,REG,DAL,21,ARI,12,0
1978-09-24,1978,4,REG,BUF,24,IND,17,0
1978-09-25,1978,4,REG,CHI,20,MIN,24,0
1978-10-01,1978,5,REG,NYJ,17,PIT,28,0
1978-10-01,1978,5,REG,TB,7,MIN,24,0
1978-10-01,1978,5,REG,ATL,23,NYG,20,0
1978-10-01,1978,5,REG,DEN,28,SEA,7,0
1978-10-01,1978,5,REG,GB,35,DET,14,0
1978-10-01,1978,5,REG,NE,28,LAC,23,0
1978-10-01,1978,5,REG,BUF,28,KC,13,0
1978-10-01,1978,5,REG,MIA,24,ARI,10,0
1978-10-01,1978,5,REG,NO,20,LAR,26,0
1978-10-01,1978,5,REG,SF,28,CIN,12,0
1978-10-01,1978,5,REG,CHI,19,OAK,25,0
1978-10-01,1978,5,REG,CLE,13,TEN,16,0
1978-10-01,1978,5,REG,IND,14,PHI,17,0
1978-10-02,1978,5,REG,WSH,9,DAL,5,0
1978-10-08,1978,6,REG,NO,16,CLE,24,0
1978-10-08,1978,6,REG,ARI,17,IND,30,0
1978-10-08,1978,6,REG,DAL,24,NYG,3,0
1978-10-08,1978,6,REG,GB,24,CHI,14,0
1978-10-08,1978,6,REG,KC,13,TB,30,0
1978-10-08,1978,6,REG,NE,24,PHI,14,0
1978-10-08,1978,6,REG,NYJ,45,BUF,14,0
1978-10-08,1978,6,REG,PIT,31,ATL,7,0
1978-10-08,1978,6,REG,OAK,21,TEN,17,0
1978-10-08,1978,6,REG,SEA,29,MIN,28,0
1978-10-08,1978,6,REG,DET,19,WSH,21,0
1978-10-08,1978,6,REG,LAR,27,SF,10,0
1978-10-08,1978,6,REG,LAC,23,DEN,0,0
1978-10-09,1978,6,REG,MIA,21,CIN,0,0
1978-10-15,1978,7,REG,SF,7,NO,14,0
1978-10-15,1978,7,REG,OAK,28,KC,6,0
1978-10-15,1978,7,REG,PHI,17,WSH,10,0
1978-10-15,1978,7,REG,TEN,17,BUF,10,0
1978-10-15,1978,7,REG,GB,45,SEA,28,0
1978-10-15,1978,7,REG,LAC,21,MIA,28,0
1978-10-15,1978,7,REG,ARI,21,DAL,24,0
1978-10-15,1978,7,REG,NYG,17,TB,14,0
1978-10-15,1978,7,REG,MIN,17,LAR,34,0
1978-10-15,1978,7,REG,IND,10,NYJ,33,0
1978-10-15,1978,7,REG,CLE,14,PIT,34,0
1978-10-15,1978,7,REG,ATL,14,DET,0,0
1978-10-15,1978,7,REG,CIN,3,NE,10,0
1978-10-16,1978,7,REG,DEN,16,CHI,7,0
1978-10-22,1978,8,REG,DET,31,LAC,14,0
1978-10-22,1978,8,REG,TB,33,CHI,19,0
1978-10-22,1978,8,REG,SF,17,ATL,20,0
1978-10-22,1978,8,REG,SEA,27,OAK,7,0
1978-10-22,1978,8,REG,NYG,17,WSH,6,0
1978-10-22,1978,8,REG,NE,33,MIA,24,0
1978-10-22,1978,8,REG,MIN,21,GB,7,0
1978-10-22,1978,8,REG,NYJ,23,ARI,10,0
1978-10-22,1978,8,REG,LAR,3,NO,10,0
1978-10-22,1978,8,REG,KC,17,CLE,3,0
1978-10-22,1978,8,REG,DAL,14,PHI,7,0
1978-10-22,1978,8,REG,IND,7,DEN,6,0
1978-10-22,1978,8,REG,BUF,5,CIN,0,0
1978-10-23,1978,8,REG,PIT,17,TEN,24,0
1978-10-26,1978,8,REG,DAL,10,MIN,21,0
1978-10-29,1978,9,REG,CLE,41,BUF,20,0
1978-10-29,1978,9,REG,OAK,23,LAC,27,0
1978-10-29,1978,9,REG,WSH,38,SF,20,0
1978-10-29,1978,9,REG,SEA,17,DEN,20,0
1978-10-29,1978,9,REG,PIT,27,KC,24,0
1978-10-29,1978,9,REG,PHI,10,ARI,16,0
1978-10-29,1978,9,REG,NE,55,NYJ,21,0
1978-10-29,1978,9,REG,NO,28,NYG,17,0
1978-10-29,1978,9,REG,MIA,26,IND,8,0
1978-10-29,1978,9,REG,GB,9,TB,7,0
1978-10-29,1978,9,REG,CHI,17,DET,21,0
1978-10-29,1978,9,REG,CIN,28,TEN,13,0
1978-10-30,1978,9,REG,ATL,15,LAR,7,0
1978-11-05,1978,10,REG,BUF,10,NE,14,0
1978-11-05,1978,10,REG,TEN,14,CLE,10,0
1978-11-05,1978,10,REG,LAR,26,TB,23,0
1978-11-05,1978,10,REG,MIN,17,DET,7,0
1978-11-05,1978,10,REG,PHI,10,GB,3,0
1978-11-05,1978,10,REG,PIT,20,NO,14,0
1978-11-05,1978,10,REG,LAC,22,CIN,13,0
1978-11-05,1978,10,REG,KC,10,OAK,20,0
1978-11-05,1978,10,REG,DEN,28,NYJ,31,0
1978-11-05,1978,10,REG,ARI,20,NYG,10,0
1978-11-05,1978,10,REG,CHI,29,SEA,31,0
1978-11-05,1978,10,REG,MIA,23,DAL,16,0
1978-11-05,1978,10,REG,ATL,21,SF,10,0
1978-11-06,1978,10,REG,IND,21,WSH,17,0
1978-11-12,1978,11,REG,LAR,10,PIT,7,0
1978-11-12,1978,11,REG,BUF,24,MIA,25,0
1978-11-12,1978,11,REG,LAC,29,KC,23,0
1978-11-12,1978,11,REG,CLE,7,DEN,19,0
1978-11-12,1978,11,REG,WSH,16,NYG,13,0
1978-11-12,1978,11,REG,SF,10,ARI,16,0
1978-11-12,1978,11,REG,PHI,17,NYJ,9,0
1978-11-12,1978,11,REG,NE,23,TEN,26,0
1978-11-12,1978,11,REG,SEA,14,IND,17,0
1978-11-12,1978,11,REG,NO,17,ATL,20,0
1978-11-12,1978,11,REG,MIN,17,CHI,14,0
1978-11-12,1978,11,REG,GB,14,DAL,42,0
1978-11-12,1978,11,REG,DET,34,TB,23,0
1978-11-13,1978,11,REG,CIN,21,OAK,34,0
1978-11-19,1978,12,REG,PIT,7,CIN,6,0
1978-11-19,1978,12,REG,DAL,27,NO,7,0
1978-11-19,1978,12,REG,WSH,17,ARI,27,0
1978-11-19,1978,12,REG,MIN,7,LAC,13,0
1978-11-19,1978,12,REG,SF,28,LAR,31,0
1978-11-19,1978,12,REG,TB,31,BUF,10,0
1978-11-19,1978,12,REG,OAK,29,DET,17,0
1978-11-19,1978,12,REG,NYJ,17,NE,19,0
1978-11-19,1978,12,REG,NYG,17,PHI,19,0
1978-11-19,1978,12,REG,KC,10,SEA,13,0
1978-11-19,1978,12,REG,DEN,16,GB,3,0
1978-11-19,1978,12,REG,IND,24,CLE,45,0
1978-11-19,1978,12,REG,CHI,13,ATL,7,0
1978-11-20,1978,12,REG,TEN,35,MIA,30,0
1978-11-23,1978,12,REG,DET,17,DEN,14,0
1978-11-23,1978,12,REG,DAL,37,WSH,10,0
1978-11-26,1978,13,REG,MIA,13,NYJ,24,0
1978-11-26,1978,13,REG,GB,10,MIN,10,0
1978-11-26,1978,13,REG,ARI,10,PHI,14,0
1978-11-26,1978,13,REG,IND,14,NE,35,0
1978-11-26,1978,13,REG,CHI,14,TB,3,0
1978-11-26,1978,13,REG,BUF,41,NYG,17,0
1978-11-26,1978,13,REG,ATL,20,NO,17,0
1978-11-26,1978,13,REG,CLE,30,LAR,19,0
1978-11-26,1978,13,REG,KC,23,LAC,0,0
1978-11-26,1978,13,REG,OAK,16,SEA,17,0
1978-11-26,1978,13,REG,TEN,17,CIN,10,0
1978-11-27,1978,13,REG,SF,7,PIT,24,0
1978-12-03,1978,14,REG,ARI,21,DET,14,0
1978-12-03,1978,14,REG,CIN,37,ATL,7,0
1978-12-03,1978,14,REG,NYG,17,LAR,20,0
1978-12-03,1978,14,REG,DAL,17,NE,10,0
1978-12-03,1978,14,REG,KC,14,BUF,10,0
1978-12-03,1978,14,REG,MIN,28,PHI,27,0
1978-12-03,1978,14,REG,NO,24,SF,13,0
1978-12-03,1978,14,REG,NYJ,24,IND,16,0
1978-12-03,1978,14,REG,TEN,3,PIT,13,0
1978-12-03,1978,14,REG,SEA,47,CLE,24,0
1978-12-03,1978,14,REG,TB,7,GB,17,0
1978-12-03,1978,14,REG,WSH,0,MIA,16,0
1978-12-03,1978,14,REG,OAK,6,DEN,21,0
1978-12-04,1978,14,REG,LAC,40,CHI,7,0
1978-12-09,1978,15,REG,DET,45,MIN,14,0
1978-12-09,1978,15,REG,PIT,35,IND,13,0
1978-12-10,1978,15,REG,NO,12,TEN,17,0
1978-12-10,1978,15,REG,SF,6,TB,3,0
1978-12-10,1978,15,REG,ATL,20,WSH,17,0
1978-12-10,1978,15,REG,MIA,23,OAK,6,0
1978-12-10,1978,15,REG,DEN,24,KC,3,0
1978-12-10,1978,15,REG,CLE,37,NYJ,34,0
1978-12-10,1978,15,REG,NYG,17,ARI,0,0
1978-12-10,1978,15,REG,PHI,13,DAL,31,0
1978-12-10,1978,15,REG,LAC,37,SEA,10,0
1978-12-10,1978,15,REG,NE,26,BUF,24,0
1978-12-10,1978,15,REG,CHI,14,GB,0,0
1978-12-11,1978,15,REG,LAR,19,CIN,20,0
1978-12-16,1978,16,REG,DEN,17,PIT,21,0
1978-12-16,1978,16,REG,WSH,10,CHI,14,0
1978-12-17,1978,16,REG,DET,33,SF,14,0
1978-12-17,1978,16,REG,NYJ,7,DAL,30,0
1978-12-17,1978,16,REG,PHI,20,NYG,3,0
1978-12-17,1978,16,REG,TEN,24,LAC,45,0
1978-12-17,1978,16,REG,ARI,42,ATL,21,0
1978-12-17,1978,16,REG,IND,14,BUF,21,0
1978-12-17,1978,16,REG,TB,10,NO,17,0
1978-12-17,1978,16,REG,LAR,31,GB,14,0
1978-12-17,1978,16,REG,SEA,23,KC,19,0
1978-12-17,1978,16,REG,OAK,27,MIN,20,0
1978-12-17,1978,16,REG,CIN,48,CLE,16,0
1978-12-18,1978,16,REG,MIA,23,NE,3,0
1978-12-24,1978,,POST,MIA,9,TEN,17,0
1978-12-24,1978,,POST,ATL,14,PHI,13,0
1978-12-30,1978,,POST,PIT,33,DEN,10,0
1978-12-30,1978,,POST,DAL,27,ATL,20,0
1978-12-31,1978,,POST,LAR,34,MIN,10,0
1978-12-31,1978,,POST,NE,14,TEN,31,0
1979-01-07,1978,,POST,LAR,0,DAL,28,0
1979-01-07,1978,,POST,PIT,34,TEN,5,0
1979-01-21,1978,,POST,PIT,35,DAL,31,1
1979-09-01,1979,1,REG,TB,31,DET,16,0
1979-09-02,1979,1,REG,MIN,28,SF,22,0
1979-09-02,1979,1,REG,PHI,23,NYG,17,0
1979-09-02,1979,1,REG,SEA,16,LAC,33,0
1979-09-02,1979,1,REG,LAR,17,OAK,24,0
1979-09-02,1979,1,REG,WSH,27,TEN,29,0
1979-09-02,1979,1,REG,NYJ,22,CLE,25,0
1979-09-02,1979,1,REG,NO,34,ATL,40,0
1979-09-02,1979,1,REG,KC,14,IND,0,0
1979-09-02,1979,1,REG,DEN,10,CIN,0,0
1979-09-02,1979,1,REG,ARI,21,DAL,22,0
1979-09-02,1979,1,REG,CHI,6,GB,3,0
1979-09-02,1979,1,REG,BUF,7,MIA,9,0
1979-09-03,1979,1,REG,NE,13,PIT,16,0
1979-09-06,1979,1,REG,DEN,9,LAR,13,0
1979-09-09,1979,2,REG,NE,56,NYJ,3,0
1979-09-09,1979,2,REG,MIA,19,SEA,10,0
1979-09-09,1979,2,REG,SF,13,DAL,21,0
1979-09-09,1979,2,REG,KC,24,CLE,27,0
1979-09-09,1979,2,REG,GB,28,NO,19,0
1979-09-09,1979,2,REG,DET,24,WSH,27,0
1979-09-09,1979,2,REG,CHI,26,MIN,7,0
1979-09-09,1979,2,REG,BUF,51,CIN,24,0
1979-09-09,1979,2,REG,PIT,38,TEN,7,0
1979-09-09,1979,2,REG,IND,26,TB,29,0
1979-09-09,1979,2,REG,LAC,30,OAK,10,0
1979-09-09,1979,2,REG,NYG,14,ARI,27,0
1979-09-10,1979,2,REG,PHI,10,ATL,14,0
1979-09-16,1979,3,REG,LAR,27,SF,24,0
1979-09-16,1979,3,REG,ARI,21,PIT,24,0
1979-09-16,1979,3,REG,MIN,12,MIA,27,0
1979-09-16,1979,3,REG,GB,10,TB,21,0
1979-09-16,1979,3,REG,DAL,24,CHI,20,0
1979-09-16,1979,3,REG,CIN,14,NE,20,0
1979-09-16,1979,3,REG,CLE,13,IND,10,0
1979-09-16,1979,3,REG,LAC,27,BUF,19,0
1979-09-16,1979,3,REG,NO,14,PHI,26,0
1979-09-16,1979,3,REG,NYJ,31,DET,10,0
1979-09-16,1979,3,REG,TEN,20,KC,6,0
1979-09-16,1979,3,REG,SEA,27,OAK,10,0
1979-09-16,1979,3,REG,ATL,17,DEN,20,0
1979-09-17,1979,3,REG,WSH,27,NYG,0,0
1979-09-23,1979,4,REG,ARI,7,WSH,17,0
1979-09-23,1979,4,REG,NYG,13,PHI,17,0
1979-09-23,1979,4,REG,NE,27,LAC,21,0
1979-09-23,1979,4,REG,MIN,27,GB,21,0
1979-09-23,1979,4,REG,TB,21,LAR,6,0
1979-09-23,1979,4,REG,DEN,37,SEA,34,0
1979-09-23,1979,4,REG,DET,24,ATL,23,0
1979-09-23,1979,4,REG,KC,35,OAK,7,0
1979-09-23,1979,4,REG,SF,21,NO,30,0
1979-09-23,1979,4,REG,PIT,17,IND,13,0
1979-09-23,1979,4,REG,CIN,27,TEN,30,0
1979-09-23,1979,4,REG,BUF,46,NYJ,31,0
1979-09-23,1979,4,REG,MIA,31,CHI,16,0
1979-09-24,1979,4,REG,CLE,26,DAL,7,0
1979-09-30,1979,5,REG,ATL,7,WSH,16,0
1979-09-30,1979,5,REG,NO,24,NYG,14,0
1979-09-30,1979,5,REG,DAL,38,CIN,13,0
1979-09-30,1979,5,REG,LAC,31,SF,9,0
1979-09-30,1979,5,REG,SEA,6,KC,24,0
1979-09-30,1979,5,REG,OAK,27,DEN,3,0
1979-09-30,1979,5,REG,LAR,21,ARI,0,0
1979-09-30,1979,5,REG,PHI,17,PIT,14,0
1979-09-30,1979,5,REG,TEN,31,CLE,10,0
1979-09-30,1979,5,REG,NYJ,33,MIA,27,0
1979-09-30,1979,5,REG,DET,10,MIN,13,0
1979-09-30,1979,5,REG,CHI,13,TB,17,0
1979-09-30,1979,5,REG,IND,13,BUF,31,0
1979-10-01,1979,5,REG,GB,27,NE,14,0
1979-10-07,1979,6,REG,NE,24,DET,17,0
1979-10-07,1979,6,REG,PHI,28,WSH,17,0
1979-10-07,1979,6,REG,SF,24,SEA,35,0
1979-10-07,1979,6,REG,NYG,17,TB,14,0
1979-10-07,1979,6,REG,MIN,20,DAL,36,0
1979-10-07,1979,6,REG,IND,10,NYJ,8,0
1979-10-07,1979,6,REG,CLE,35,PIT,51,0
1979-10-07,1979,6,REG,DEN,7,LAC,0,0
1979-10-07,1979,6,REG,CIN,7,KC,10,0
1979-10-07,1979,6,REG,BUF,0,CHI,7,0
1979-10-07,1979,6,REG,ATL,25,GB,7,0
1979-10-07,1979,6,REG,NO,17,LAR,35,0
1979-10-07,1979,6,REG,TEN,17,ARI,24,0
1979-10-08,1979,6,REG,OAK,13,MIA,3,0
1979-10-14,1979,7,REG,OAK,50,ATL,19,0
1979-10-14,1979,7,REG,LAC,20,SEA,10,0
1979-10-14,1979,7,REG,TB,14,NO,42,0
1979-10-14,1979,7,REG,NYG,32,SF,16,0
1979-10-14,1979,7,REG,MIA,17,BUF,7,0
1979-10-14,1979,7,REG,KC,10,DEN,24,0
1979-10-14,1979,7,REG,GB,24,DET,16,0
1979-10-14,1979,7,REG,ARI,20,PHI,24,0
1979-10-14,1979,7,REG,IND,16,TEN,28,0
1979-10-14,1979,7,REG,CLE,9,WSH,13,0
1979-10-14,1979,7,REG,CIN,34,PIT,10,0
1979-10-14,1979,7,REG,DAL,30,LAR,6,0
1979-10-14,1979,7,REG,CHI,7,NE,27,0
1979-10-15,1979,7,REG,NYJ,14,MIN,7,0
1979-10-21,1979,8,REG,TB,21,GB,3,0
1979-10-21,1979,8,REG,SEA,34,TEN,14,0
1979-10-21,1979,8,REG,NYJ,28,OAK,19,0
1979-10-21,1979,8,REG,NE,28,MIA,13,0
1979-10-21,1979,8,REG,SF,20,ATL,15,0
1979-10-21,1979,8,REG,NO,17,DET,7,0
1979-10-21,1979,8,REG,MIN,30,CHI,27,0
1979-10-21,1979,8,REG,KC,17,NYG,21,0
1979-10-21,1979,8,REG,CLE,28,CIN,27,0
1979-10-21,1979,8,REG,DAL,22,ARI,13,0
1979-10-21,1979,8,REG,BUF,13,IND,14,0
1979-10-21,1979,8,REG,LAR,16,LAC,40,0
1979-10-21,1979,8,REG,WSH,17,PHI,7,0
1979-10-22,1979,8,REG,PIT,42,DEN,7,0
1979-10-25,1979,8,REG,OAK,45,LAC,22,0
1979-10-28,1979,9,REG,MIN,10,TB,12,0
1979-10-28,1979,9,REG,TEN,27,NYJ,24,0
1979-10-28,1979,9,REG,ARI,20,CLE,38,0
1979-10-28,1979,9,REG,SF,27,CHI,28,0
1979-10-28,1979,9,REG,WSH,10,NO,14,0
1979-10-28,1979,9,REG,DET,17,BUF,20,0
1979-10-28,1979,9,REG,DEN,20,KC,3,0
1979-10-28,1979,9,REG,LAR,14,NYG,20,0
1979-10-28,1979,9,REG,IND,31,NE,26,0
1979-10-28,1979,9,REG,PIT,14,DAL,3,0
1979-10-28,1979,9,REG,MIA,27,GB,7,0
1979-10-28,1979,9,REG,CIN,37,PHI,13,0
1979-10-29,1979,9,REG,ATL,28,SEA,31,0
1979-11-04,1979,10,REG,KC,14,LAC,20,0
1979-11-04,1979,10,REG,PHI,19,CLE,24,0
1979-11-04,1979,10,REG,PIT,38,WSH,7,0
1979-11-04,1979,10,REG,OAK,23,SF,10,0
1979-11-04,1979,10,REG,GB,22,NYJ,27,0
1979-11-04,1979,10,REG,SEA,0,LAR,24,0
1979-11-04,1979,10,REG,ATL,17,TB,14,0
1979-11-04,1979,10,REG,BUF,6,NE,26,0
1979-11-04,1979,10,REG,CHI,35,DET,7,0
1979-11-04,1979,10,REG,IND,38,CIN,28,0
1979-11-04,1979,10,REG,ARI,37,MIN,7,0
1979-11-04,1979,10,REG,DEN,10,NO,3,0
1979-11-04,1979,10,REG,NYG,14,DAL,16,0
1979-11-05,1979,10,REG,MIA,6,TEN,9,0
1979-11-11,1979,11,REG,WSH,30,ARI,28,0
1979-11-11,1979,11,REG,CIN,24,LAC,26,0
1979-11-11,1979,11,REG,NYG,24,ATL,3,0
1979-11-11,1979,11,REG,CHI,27,LAR,23,0
1979-11-11,1979,11,REG,CLE,24,SEA,29,0
1979-11-11,1979,11,REG,DEN,45,NE,10,0
1979-11-11,1979,11,REG,DET,14,TB,16,0
1979-11-11,1979,11,REG,GB,19,MIN,7,0
1979-11-11,1979,11,REG,KC,3,PIT,30,0
1979-11-11,1979,11,REG,MIA,19,IND,0,0
1979-11-11,1979,11,REG,NO,31,SF,20,0
1979-11-11,1979,11,REG,NYJ,12,BUF,14,0
1979-11-11,1979,11,REG,TEN,31,OAK,17,0
1979-11-12,1979,11,REG,DAL,21,PHI,31,0
1979-11-18,1979,12,REG,TB,31,NYG,3,0
1979-11-18,1979,12,REG,CHI,23,NYJ,13,0
1979-11-18,1979,12,REG,SF,28,DEN,38,0
1979-11-18,1979,12,REG,LAC,35,PIT,7,0
1979-11-18,1979,12,REG,PHI,16,ARI,13,0
1979-11-18,1979,12,REG,OAK,21,KC,24,0
1979-11-18,1979,12,REG,SEA,38,NO,24,0
1979-11-18,1979,12,REG,TEN,42,CIN,21,0
1979-11-18,1979,12,REG,MIN,14,DET,7,0
1979-11-18,1979,12,REG,WSH,34,DAL,20,0
1979-11-18,1979,12,REG,NE,50,IND,21,0
1979-11-18,1979,12,REG,BUF,19,GB,12,0
1979-11-18,1979,12,REG,CLE,30,MIA,24,0
1979-11-19,1979,12,REG,LAR,20,ATL,14,0
1979-11-22,1979,12,REG,DAL,24,TEN,30,0
1979-11-22,1979,12,REG,DET,20,CHI,0,0
1979-11-25,1979,13,REG,NE,13,BUF,16,0
1979-11-25,1979,13,REG,ATL,6,NO,37,0
1979-11-25,1979,13,REG,CIN,34,ARI,28,0
1979-11-25,1979,13,REG,IND,24,MIA,28,0
1979-11-25,1979,13,REG,GB,10,PHI,21,0
1979-11-25,1979,13,REG,NYG,14,WSH,6,0
1979-11-25,1979,13,REG,PIT,33,CLE,30,0
1979-11-25,1979,13,REG,TB,22,MIN,23,0
1979-11-25,1979,13,REG,LAC,28,KC,7,0
1979-11-25,1979,13,REG,SF,20,LAR,26,0
1979-11-25,1979,13,REG,DEN,10,OAK,14,0
1979-11-26,1979,13,REG,SEA,30,NYJ,7,0
1979-11-29,1979,13,REG,MIA,39,NE,24,0
1979-12-02,1979,14,REG,LAC,26,ATL,28,0
1979-12-02,1979,14,REG,PHI,44,DET,7,0
1979-12-02,1979,14,REG,PIT,37,CIN,17,0
1979-12-02,1979,14,REG,LAR,27,MIN,21,0
1979-12-02,1979,14,REG,BUF,16,DEN,19,0
1979-12-02,1979,14,REG,WSH,38,GB,21,0
1979-12-02,1979,14,REG,TB,0,CHI,14,0
1979-12-02,1979,14,REG,CLE,14,TEN,7,0
1979-12-02,1979,14,REG,ARI,13,SF,10,0
1979-12-02,1979,14,REG,DAL,28,NYG,7,0
1979-12-02,1979,14,REG,KC,37,SEA,21,0
1979-12-02,1979,14,REG,NYJ,30,IND,17,0
1979-12-03,1979,14,REG,NO,35,OAK,42,0
1979-12-08,1979,15,REG,PHI,17,DAL,24,0
1979-12-08,1979,15,REG,SEA,28,DEN,23,0
1979-12-09,1979,15,REG,NYJ,27,NE,26,0
1979-12-09,1979,15,REG,DET,10,MIA,28,0
1979-12-09,1979,15,REG,IND,7,KC,10,0
1979-12-09,1979,15,REG,ARI,29,NYG,20,0
1979-12-09,1979,15,REG,GB,14,CHI,15,0
1979-12-09,1979,15,REG,MIN,10,BUF,3,0
1979-12-09,1979,15,REG,OAK,19,CLE,14,0
1979-12-09,1979,15,REG,SF,23,TB,7,0
1979-12-09,1979,15,REG,WSH,28,CIN,14,0
1979-12-09,1979,15,REG,NO,0,LAC,35,0
1979-12-09,1979,15,REG,ATL,13,LAR,34,0
1979-12-10,1979,15,REG,TEN,20,PIT,17,0
1979-12-15,1979,16,REG,DET,13,GB,18,0
1979-12-15,1979,16,REG,MIA,24,NYJ,27,0
1979-12-16,1979,16,REG,TEN,20,PHI,26,0
1979-12-16,1979,16,REG,LAR,14,NO,29,0
1979-12-16,1979,16,REG,PIT,28,BUF,0,0
1979-12-16,1979,16,REG,ATL,31,SF,21,0
1979-12-16,1979,16,REG,DAL,35,WSH,34,0
1979-12-16,1979,16,REG,NE,27,MIN,23,0
1979-12-16,1979,16,REG,CIN,16,CLE,12,0
1979-12-16,1979,16,REG,OAK,24,SEA,29,0
1979-12-16,1979,16,REG,TB,3,KC,0,0
1979-12-16,1979,16,REG,NYG,7,IND,31,0
1979-12-16,1979,16,REG,CHI,42,ARI,6,0
1979-12-17,1979,16,REG,LAC,17,DEN,7,0
1979-12-23,1979,,POST,PHI,27,CHI,17,0
1979-12-23,1979,,POST,TEN,13,DEN,7,0
1979-12-29,1979,,POST,TB,24,PHI,17,0
1979-12-29,1979,,POST,LAC,14,TEN,17,0
1979-12-30,1979,,POST,PIT,34,MIA,14,0
1979-12-30,1979,,POST,DAL,19,LAR,21,0
1980-01-06,1979,,POST,TB,0,LAR,9,0
1980-01-06,1979,,POST,PIT,27,TEN,13,0
1980-01-20,1979,,POST,LAR,19,PIT,31,1
1980-09-07,1980,1,REG,KC,14,OAK,27,0
1980-09-07,1980,1,REG,MIN,24,ATL,23,0
1980-09-07,1980,1,REG,PIT,31,TEN,17,0
1980-09-07,1980,1,REG,LAR,20,DET,41,0
1980-09-07,1980,1,REG,NO,23,SF,26,0
1980-09-07,1980,1,REG,PHI,27,DEN,6,0
1980-09-07,1980,1,REG,SEA,13,LAC,34,0
1980-09-07,1980,1,REG,NYJ,14,IND,17,0
1980-09-07,1980,1,REG,NE,34,CLE,17,0
1980-09-07,1980,1,REG,ARI,35,NYG,41,0
1980-09-07,1980,1,REG,CIN,12,TB,17,0
1980-09-07,1980,1,REG,BUF,17,MIA,7,0
1980-09-07,1980,1,REG,GB,12,CHI,6,0
1980-09-08,1980,1,REG,WSH,3,DAL,17,0
1980-09-11,1980,1,REG,TB,10,LAR,9,0
1980-09-14,1980,2,REG,GB,7,DET,29,0
1980-09-14,1980,2,REG,IND,17,PIT,20,0
1980-09-14,1980,2,REG,MIA,17,CIN,16,0
1980-09-14,1980,2,REG,DEN,41,DAL,20,0
1980-09-14,1980,2,REG,BUF,20,NYJ,10,0
1980-09-14,1980,2,REG,LAC,30,OAK,24,0
1980-09-14,1980,2,REG,CHI,22,NO,3,0
1980-09-14,1980,2,REG,NE,21,ATL,37,0
1980-09-14,1980,2,REG,KC,16,SEA,17,0
1980-09-14,1980,2,REG,MIN,7,PHI,42,0
1980-09-14,1980,2,REG,SF,24,ARI,21,0
1980-09-14,1980,2,REG,NYG,21,WSH,23,0
1980-09-15,1980,2,REG,CLE,7,TEN,16,0
1980-09-21,1980,3,REG,ATL,17,MIA,20,0
1980-09-21,1980,3,REG,LAR,51,GB,21,0
1980-09-21,1980,3,REG,DET,20,ARI,7,0
1980-09-21,1980,3,REG,CHI,14,MIN,34,0
1980-09-21,1980,3,REG,CIN,30,PIT,28,0
1980-09-21,1980,3,REG,CLE,20,KC,13,0
1980-09-21,1980,3,REG,DAL,28,TB,17,0
1980-09-21,1980,3,REG,NO,26,BUF,35,0
1980-09-21,1980,3,REG,NYJ,27,SF,37,0
1980-09-21,1980,3,REG,TEN,21,IND,16,0
1980-09-21,1980,3,REG,OAK,24,WSH,21,0
1980-09-21,1980,3,REG,SEA,31,NE,37,0
1980-09-21,1980,3,REG,DEN,13,LAC,30,0
1980-09-22,1980,3,REG,PHI,35,NYG,3,0
1980-09-28,1980,4,REG,PIT,38,CHI,3,0
1980-09-28,1980,4,REG,TB,27,CLE,34,0
1980-09-28,1980,4,REG,SF,17,ATL,20,0
1980-09-28,1980,4,REG,MIA,21,NO,16,0
1980-09-28,1980,4,REG,GB,7,DAL,28,0
1980-09-28,1980,4,REG,WSH,0,SEA,14,0
1980-09-28,1980,4,REG,CIN,10,TEN,13,0
1980-09-28,1980,4,REG,NYG,7,LAR,28,0
1980-09-28,1980,4,REG,BUF,24,OAK,7,0
1980-09-28,1980,4,REG,ARI,24,PHI,14,0
1980-09-28,1980,4,REG,IND,35,NYJ,21,0
1980-09-28,1980,4,REG,KC,7,LAC,24,0
1980-09-28,1980,4,REG,DET,27,MIN,7,0
1980-09-29,1980,4,REG,NE,23,DEN,14,0
1980-10-05,1980,5,REG,MIA,17,IND,30,0
1980-10-05,1980,5,REG,LAC,24,BUF,26,0
1980-10-05,1980,5,REG,ATL,43,DET,28,0
1980-10-05,1980,5,REG,DAL,24,NYG,3,0
1980-10-05,1980,5,REG,GB,14,CIN,9,0
1980-10-05,1980,5,REG,MIN,17,PIT,23,0
1980-10-05,1980,5,REG,NO,7,ARI,40,0
1980-10-05,1980,5,REG,NYJ,11,NE,21,0
1980-10-05,1980,5,REG,TEN,7,SEA,26,0
1980-10-05,1980,5,REG,PHI,24,WSH,14,0
1980-10-05,1980,5,REG,OAK,17,KC,31,0
1980-10-05,1980,5,REG,LAR,48,SF,26,0
1980-10-05,1980,5,REG,CLE,16,DEN,19,0
1980-10-06,1980,5,REG,CHI,23,TB,0,0
1980-10-12,1980,6,REG,TB,14,GB,14,0
1980-10-12,1980,6,REG,SEA,3,CLE,27,0
1980-10-12,1980,6,REG,PIT,16,CIN,17,0
1980-10-12,1980,6,REG,NYG,16,PHI,31,0
1980-10-12,1980,6,REG,NE,34,MIA,0,0
1980-10-12,1980,6,REG,MIN,13,CHI,7,0
1980-10-12,1980,6,REG,DET,24,NO,13,0
1980-10-12,1980,6,REG,DAL,59,SF,14,0
1980-10-12,1980,6,REG,BUF,12,IND,17,0
1980-10-12,1980,6,REG,KC,21,TEN,20,0
1980-10-12,1980,6,REG,OAK,38,LAC,24,0
1980-10-12,1980,6,REG,ATL,7,NYJ,14,0
1980-10-12,1980,6,REG,ARI,13,LAR,21,0
1980-10-13,1980,6,REG,DEN,20,WSH,17,0
1980-10-19,1980,7,REG,CIN,14,MIN,0,0
1980-10-19,1980,7,REG,SF,17,LAR,31,0
1980-10-19,1980,7,REG,NYJ,17,SEA,27,0
1980-10-19,1980,7,REG,IND,21,NE,37,0
1980-10-19,1980,7,REG,CHI,24,DET,7,0
1980-10-19,1980,7,REG,LAC,44,NYG,7,0
1980-10-19,1980,7,REG,WSH,23,ARI,0,0
1980-10-19,1980,7,REG,PHI,17,DAL,10,0
1980-10-19,1980,7,REG,TEN,20,TB,14,0
1980-10-19,1980,7,REG,NO,14,ATL,41,0
1980-10-19,1980,7,REG,MIA,17,BUF,14,0
1980-10-19,1980,7,REG,DEN,17,KC,23,0
1980-10-19,1980,7,REG,CLE,26,GB,21,0
1980-10-20,1980,7,REG,PIT,34,OAK,45,0
1980-10-26,1980,8,REG,PHI,17,CHI,14,0
1980-10-26,1980,8,REG,OAK,33,SEA,14,0
1980-10-26,1980,8,REG,CLE,27,PIT,26,0
1980-10-26,1980,8,REG,BUF,31,NE,13,0
1980-10-26,1980,8,REG,GB,16,MIN,3,0
1980-10-26,1980,8,REG,DAL,42,LAC,31,0
1980-10-26,1980,8,REG,ATL,13,LAR,10,0
1980-10-26,1980,8,REG,IND,10,ARI,17,0
1980-10-26,1980,8,REG,NYG,9,DEN,14,0
1980-10-26,1980,8,REG,SF,23,TB,24,0
1980-10-26,1980,8,REG,WSH,22,NO,14,0
1980-10-26,1980,8,REG,TEN,23,CIN,3,0
1980-10-26,1980,8,REG,KC,20,DET,17,0
1980-10-27,1980,8,REG,NYJ,17,MIA,14,0
1980-11-02,1980,9,REG,SEA,20,PHI,27,0
1980-11-02,1980,9,REG,LAR,45,NO,31,0
1980-11-02,1980,9,REG,DEN,16,TEN,20,0
1980-11-02,1980,9,REG,DET,17,SF,13,0
1980-11-02,1980,9,REG,BUF,14,ATL,30,0
1980-11-02,1980,9,REG,ARI,24,DAL,27,0
1980-11-02,1980,9,REG,OAK,16,MIA,10,0
1980-11-02,1980,9,REG,WSH,14,MIN,39,0
1980-11-02,1980,9,REG,CIN,14,LAC,31,0
1980-11-02,1980,9,REG,KC,24,IND,31,0
1980-11-02,1980,9,REG,PIT,22,GB,20,0
1980-11-02,1980,9,REG,TB,30,NYG,13,0
1980-11-02,1980,9,REG,NE,34,NYJ,21,0
1980-11-03,1980,9,REG,CLE,27,CHI,21,0
1980-11-09,1980,10,REG,IND,27,CLE,28,0
1980-11-09,1980,10,REG,LAR,14,MIA,35,0
1980-11-09,1980,10,REG,OAK,28,CIN,17,0
1980-11-09,1980,10,REG,CHI,35,WSH,21,0
1980-11-09,1980,10,REG,ARI,27,ATL,33,0
1980-11-09,1980,10,REG,GB,23,SF,16,0
1980-11-09,1980,10,REG,MIN,34,DET,0,0
1980-11-09,1980,10,REG,NO,21,PHI,34,0
1980-11-09,1980,10,REG,NYG,38,DAL,35,0
1980-11-09,1980,10,REG,NYJ,24,BUF,31,0
1980-11-09,1980,10,REG,SEA,30,KC,31,0
1980-11-09,1980,10,REG,LAC,13,DEN,20,0
1980-11-09,1980,10,REG,TB,21,PIT,24,0
1980-11-10,1980,10,REG,TEN,38,NE,34,0
1980-11-16,1980,11,REG,NYG,27,GB,21,0
1980-11-16,1980,11,REG,CHI,6,TEN,10,0
1980-11-16,1980,11,REG,MIN,38,TB,30,0
1980-11-16,1980,11,REG,MIA,17,SF,13,0
1980-11-16,1980,11,REG,NE,14,LAR,17,0
1980-11-16,1980,11,REG,DET,9,IND,10,0
1980-11-16,1980,11,REG,DEN,31,NYJ,24,0
1980-11-16,1980,11,REG,DAL,31,ARI,21,0
1980-11-16,1980,11,REG,CIN,0,BUF,14,0
1980-11-16,1980,11,REG,ATL,31,NO,13,0
1980-11-16,1980,11,REG,LAC,20,KC,7,0
1980-11-16,1980,11,REG,PIT,16,CLE,13,0
1980-11-16,1980,11,REG,WSH,0,PHI,24,0
1980-11-17,1980,11,REG,SEA,17,OAK,19,0
1980-11-20,1980,11,REG,MIA,24,LAC,27,0
1980-11-23,1980,12,REG,MIN,13,GB,25,0
1980-11-23,1980,12,REG,TB,10,DET,24,0
1980-11-23,1980,12,REG,DEN,36,SEA,20,0
1980-11-23,1980,12,REG,SF,12,NYG,0,0
1980-11-23,1980,12,REG,BUF,28,PIT,13,0
1980-11-23,1980,12,REG,ATL,28,CHI,17,0
1980-11-23,1980,12,REG,ARI,13,KC,21,0
1980-11-23,1980,12,REG,DAL,14,WSH,10,0
1980-11-23,1980,12,REG,PHI,10,OAK,7,0
1980-11-23,1980,12,REG,NYJ,31,TEN,28,0
1980-11-23,1980,12,REG,NE,47,IND,21,0
1980-11-23,1980,12,REG,CLE,31,CIN,7,0
1980-11-24,1980,12,REG,NO,7,LAR,27,0
1980-11-27,1980,12,REG,DAL,51,SEA,7,0
1980-11-27,1980,12,REG,DET,17,CHI,23,0
1980-11-30,1980,13,REG,LAC,22,PHI,21,0
1980-11-30,1980,13,REG,SF,21,NE,17,0
1980-11-30,1980,13,REG,NYG,7,ARI,23,0
1980-11-30,1980,13,REG,NO,20,MIN,23,0
1980-11-30,1980,13,REG,KC,6,CIN,20,0
1980-11-30,1980,13,REG,GB,17,TB,20,0
1980-11-30,1980,13,REG,IND,28,BUF,24,0
1980-11-30,1980,13,REG,ATL,10,WSH,6,0
1980-11-30,1980,13,REG,LAR,38,NYJ,13,0
1980-11-30,1980,13,REG,PIT,23,MIA,10,0
1980-11-30,1980,13,REG,TEN,14,CLE,17,0
1980-12-01,1980,13,REG,OAK,9,DEN,3,0
1980-12-04,1980,13,REG,TEN,6,PIT,0,0
1980-12-07,1980,14,REG,CIN,34,IND,33,0
1980-12-07,1980,14,REG,ARI,24,DET,23,0
1980-12-07,1980,14,REG,BUF,10,LAR,7,0
1980-12-07,1980,14,REG,KC,31,DEN,14,0
1980-12-07,1980,14,REG,PHI,17,ATL,20,0
1980-12-07,1980,14,REG,OAK,13,DAL,19,0
1980-12-07,1980,14,REG,SEA,21,NYG,27,0
1980-12-07,1980,14,REG,SF,38,NO,35,0
1980-12-07,1980,14,REG,TB,10,MIN,21,0
1980-12-07,1980,14,REG,WSH,40,LAC,17,0
1980-12-07,1980,14,REG,CHI,61,GB,7,0
1980-12-07,1980,14,REG,CLE,17,NYJ,14,0
1980-12-08,1980,14,REG,MIA,16,NE,13,0
1980-12-13,1980,14,REG,WSH,16,NYG,13,0
1980-12-13,1980,14,REG,LAC,21,SEA,14,0
1980-12-14,1980,15,REG,ATL,35,SF,10,0
1980-12-14,1980,15,REG,NE,24,BUF,2,0
1980-12-14,1980,15,REG,PIT,21,KC,16,0
1980-12-14,1980,15,REG,PHI,17,ARI,3,0
1980-12-14,1980,15,REG,NYJ,20,NO,21,0
1980-12-14,1980,15,REG,MIN,28,CLE,23,0
1980-12-14,1980,15,REG,GB,3,TEN,22,0
1980-12-14,1980,15,REG,DET,27,TB,14,0
1980-12-14,1980,15,REG,DEN,21,OAK,24,0
1980-12-14,1980,15,REG,IND,14,MIA,24,0
1980-12-14,1980,15,REG,CHI,14,CIN,17,0
1980-12-15,1980,15,REG,LAR,38,DAL,14,0
1980-12-20,1980,15,REG,TB,13,CHI,14,0
1980-12-20,1980,15,REG,MIA,17,NYJ,24,0
1980-12-21,1980,16,REG,NYG,17,OAK,33,0
1980-12-21,1980,16,REG,TEN,20,MIN,16,0
1980-12-21,1980,16,REG,SF,13,BUF,18,0
1980-12-21,1980,16,REG,CIN,24,CLE,27,0
1980-12-21,1980,16,REG,IND,28,KC,38,0
1980-12-21,1980,16,REG,ARI,7,WSH,31,0
1980-12-21,1980,16,REG,LAR,20,ATL,17,0
1980-12-21,1980,16,REG,DAL,35,PHI,27,0
1980-12-21,1980,16,REG,DET,24,GB,3,0
1980-12-21,1980,16,REG,SEA,17,DEN,25,0
1980-12-21,1980,16,REG,NO,27,NE,38,0
1980-12-22,1980,16,REG,LAC,26,PIT,17,0
1980-12-28,1980,,POST,OAK,27,TEN,7,0
1980-12-28,1980,,POST,DAL,34,LAR,13,0
1981-01-03,1980,,POST,PHI,31,MIN,16,0
1981-01-03,1980,,POST,LAC,20,BUF,14,0
1981-01-04,1980,,POST,ATL,27,DAL,30,0
1981-01-04,1980,,POST,CLE,12,OAK,14,0
1981-01-11,1980,,POST,PHI,20,DAL,7,0
1981-01-11,1980,,POST,LAC,27,OAK,34,0
1981-01-25,1980,,POST,OAK,27,PHI,10,1
1981-09-05,1981,1,REG,TB,21,MIN,13,0
1981-09-06,1981,1,REG,ARI,7,MIA,20,0
1981-09-06,1981,1,REG,PIT,33,KC,37,0
1981-09-06,1981,1,REG,CIN,27,SEA,21,0
1981-09-06,1981,1,REG,NYG,10,PHI,24,0
1981-09-06,1981,1,REG,LAR,20,TEN,27,0
1981-09-06,1981,1,REG,WSH,10,DAL,26,0
1981-09-06,1981,1,REG,DET,24,SF,17,0
1981-09-06,1981,1,REG,NE,28,IND,29,0
1981-09-06,1981,1,REG,CHI,9,GB,16,0
1981-09-06,1981,1,REG,DEN,9,OAK,7,0
1981-09-06,1981,1,REG,ATL,27,NO,0,0
1981-09-06,1981,1,REG,BUF,31,NYJ,0,0
1981-09-07,1981,1,REG,CLE,14,LAC,44,0
1981-09-10,1981,1,REG,MIA,30,PIT,10,0
1981-09-13,1981,2,REG,WSH,7,NYG,17,0
1981-09-13,1981,2,REG,LAC,28,DET,23,0
1981-09-13,1981,2,REG,NO,23,LAR,17,0
1981-09-13,1981,2,REG,CLE,3,TEN,9,0
1981-09-13,1981,2,REG,IND,3,BUF,35,0
1981-09-13,1981,2,REG,DAL,30,ARI,17,0
1981-09-13,1981,2,REG,GB,17,ATL,31,0
1981-09-13,1981,2,REG,KC,19,TB,10,0
1981-09-13,1981,2,REG,NYJ,30,CIN,31,0
1981-09-13,1981,2,REG,SF,28,CHI,17,0
1981-09-13,1981,2,REG,SEA,13,DEN,10,0
1981-09-13,1981,2,REG,PHI,13,NE,3,0
1981-09-14,1981,2,REG,MIN,10,OAK,36,0
1981-09-17,1981,2,REG,BUF,14,PHI,20,0
1981-09-20,1981,3,REG,ATL,34,SF,17,0
1981-09-20,1981,3,REG,MIN,26,DET,24,0
1981-09-20,1981,3,REG,PIT,38,NYJ,10,0
1981-09-20,1981,3,REG,CHI,28,TB,17,0
1981-09-20,1981,3,REG,DEN,28,IND,10,0
1981-09-20,1981,3,REG,ARI,40,WSH,30,0
1981-09-20,1981,3,REG,CIN,17,CLE,20,0
1981-09-20,1981,3,REG,KC,31,LAC,42,0
1981-09-20,1981,3,REG,LAR,35,GB,23,0
1981-09-20,1981,3,REG,OAK,20,SEA,10,0
1981-09-20,1981,3,REG,TEN,10,MIA,16,0
1981-09-20,1981,3,REG,NYG,20,NO,7,0
1981-09-21,1981,3,REG,NE,21,DAL,35,0
1981-09-27,1981,4,REG,DEN,42,LAC,24,0
1981-09-27,1981,4,REG,CIN,27,BUF,24,0
1981-09-27,1981,4,REG,CLE,28,ATL,17,0
1981-09-27,1981,4,REG,IND,28,MIA,31,0
1981-09-27,1981,4,REG,DET,16,OAK,0,0
1981-09-27,1981,4,REG,GB,13,MIN,30,0
1981-09-27,1981,4,REG,NYJ,33,TEN,17,0
1981-09-27,1981,4,REG,PHI,36,WSH,13,0
1981-09-27,1981,4,REG,PIT,27,NE,21,0
1981-09-27,1981,4,REG,SEA,14,KC,20,0
1981-09-27,1981,4,REG,SF,21,NO,14,0
1981-09-27,1981,4,REG,DAL,18,NYG,10,0
1981-09-27,1981,4,REG,TB,20,ARI,10,0
1981-09-28,1981,4,REG,CHI,7,LAR,24,0
1981-10-04,1981,5,REG,NE,33,KC,17,0
1981-10-04,1981,5,REG,BUF,23,IND,17,0
1981-10-04,1981,5,REG,MIN,24,CHI,21,0
1981-10-04,1981,5,REG,MIA,28,NYJ,28,0
1981-10-04,1981,5,REG,TEN,17,CIN,10,0
1981-10-04,1981,5,REG,OAK,0,DEN,17,0
1981-10-04,1981,5,REG,TB,28,DET,10,0
1981-10-04,1981,5,REG,ARI,20,DAL,17,0
1981-10-04,1981,5,REG,LAR,27,CLE,16,0
1981-10-04,1981,5,REG,WSH,17,SF,30,0
1981-10-04,1981,5,REG,LAC,24,SEA,10,0
1981-10-04,1981,5,REG,NO,6,PIT,20,0
1981-10-04,1981,5,REG,NYG,14,GB,27,0
1981-10-05,1981,5,REG,PHI,16,ATL,13,0
1981-10-11,1981,6,REG,IND,19,CIN,41,0
1981-10-11,1981,6,REG,LAC,31,MIN,33,0
1981-10-11,1981,6,REG,TEN,35,SEA,17,0
1981-10-11,1981,6,REG,ATL,35,LAR,37,0
1981-10-11,1981,6,REG,NO,14,PHI,31,0
1981-10-11,1981,6,REG,SF,45,DAL,14,0
1981-10-11,1981,6,REG,PIT,13,CLE,7,0
1981-10-11,1981,6,REG,NYJ,28,NE,24,0
1981-10-11,1981,6,REG,NYG,34,ARI,14,0
1981-10-11,1981,6,REG,KC,27,OAK,0,0
1981-10-11,1981,6,REG,GB,10,TB,21,0
1981-10-11,1981,6,REG,DEN,27,DET,21,0
1981-10-11,1981,6,REG,CHI,7,WSH,24,0
1981-10-12,1981,6,REG,BUF,31,MIA,21,0
1981-10-18,1981,7,REG,GB,3,SF,13,0
1981-10-18,1981,7,REG,CLE,20,NO,17,0
1981-10-18,1981,7,REG,CIN,34,PIT,7,0
1981-10-18,1981,7,REG,ATL,41,ARI,20,0
1981-10-18,1981,7,REG,MIA,13,WSH,10,0
1981-10-18,1981,7,REG,MIN,35,PHI,23,0
1981-10-18,1981,7,REG,NE,38,TEN,10,0
1981-10-18,1981,7,REG,NYJ,33,BUF,14,0
1981-10-18,1981,7,REG,OAK,18,TB,16,0
1981-10-18,1981,7,REG,SEA,0,NYG,32,0
1981-10-18,1981,7,REG,KC,28,DEN,14,0
1981-10-18,1981,7,REG,IND,14,LAC,43,0
1981-10-18,1981,7,REG,DAL,29,LAR,17,0
1981-10-19,1981,7,REG,DET,48,CHI,17,0
1981-10-25,1981,8,REG,WSH,24,NE,22,0
1981-10-25,1981,8,REG,CHI,20,LAC,17,0
1981-10-25,1981,8,REG,SF,20,LAR,17,0
1981-10-25,1981,8,REG,ATL,24,NYG,27,0
1981-10-25,1981,8,REG,BUF,9,DEN,7,0
1981-10-25,1981,8,REG,CLE,42,IND,28,0
1981-10-25,1981,8,REG,ARI,30,MIN,17,0
1981-10-25,1981,8,REG,NYJ,3,SEA,19,0
1981-10-25,1981,8,REG,DAL,28,MIA,27,0
1981-10-25,1981,8,REG,DET,31,GB,27,0
1981-10-25,1981,8,REG,NO,17,CIN,7,0
1981-10-25,1981,8,REG,PHI,20,TB,10,0
1981-10-25,1981,8,REG,OAK,17,KC,28,0
1981-10-26,1981,8,REG,PIT,26,TEN,13,0
1981-11-01,1981,9,REG,NO,10,ATL,41,0
1981-11-01,1981,9,REG,CIN,34,TEN,21,0
1981-11-01,1981,9,REG,GB,34,SEA,24,0
1981-11-01,1981,9,REG,PIT,14,SF,17,0
1981-11-01,1981,9,REG,LAR,20,DET,13,0
1981-11-01,1981,9,REG,OAK,27,NE,17,0
1981-11-01,1981,9,REG,TB,20,CHI,10,0
1981-11-01,1981,9,REG,MIA,27,IND,10,0
1981-11-01,1981,9,REG,NYG,7,NYJ,26,0
1981-11-01,1981,9,REG,BUF,22,CLE,13,0
1981-11-01,1981,9,REG,LAC,22,KC,20,0
1981-11-01,1981,9,REG,WSH,42,ARI,21,0
1981-11-01,1981,9,REG,PHI,14,DAL,17,0
1981-11-02,1981,9,REG,DEN,19,MIN,17,0
1981-11-08,1981,10,REG,NE,27,MIA,30,0
1981-11-08,1981,10,REG,SEA,24,PIT,21,0
1981-11-08,1981,10,REG,DEN,23,CLE,20,0
1981-11-08,1981,10,REG,LAR,13,NO,21,0
1981-11-08,1981,10,REG,LAC,17,CIN,40,0
1981-11-08,1981,10,REG,IND,14,NYJ,41,0
1981-11-08,1981,10,REG,ARI,10,PHI,52,0
1981-11-08,1981,10,REG,GB,26,NYG,24,0
1981-11-08,1981,10,REG,KC,13,CHI,16,0
1981-11-08,1981,10,REG,MIN,25,TB,10,0
1981-11-08,1981,10,REG,SF,17,ATL,14,0
1981-11-08,1981,10,REG,TEN,17,OAK,16,0
1981-11-08,1981,10,REG,WSH,33,DET,31,0
1981-11-09,1981,10,REG,DAL,27,BUF,14,0
1981-11-15,1981,11,REG,SF,12,CLE,15,0
1981-11-15,1981,11,REG,PHI,38,IND,13,0
1981-11-15,1981,11,REG,CIN,24,LAR,10,0
1981-11-15,1981,11,REG,NYG,27,WSH,30,0
1981-11-15,1981,11,REG,NE,6,NYJ,17,0
1981-11-15,1981,11,REG,GB,21,CHI,17,0
1981-11-15,1981,11,REG,TB,7,DEN,24,0
1981-11-15,1981,11,REG,KC,23,TEN,10,0
1981-11-15,1981,11,REG,DET,27,DAL,24,0
1981-11-15,1981,11,REG,ARI,24,BUF,0,0
1981-11-15,1981,11,REG,ATL,20,PIT,34,0
1981-11-15,1981,11,REG,MIN,20,NO,10,0
1981-11-15,1981,11,REG,MIA,17,OAK,33,0
1981-11-16,1981,11,REG,SEA,44,LAC,23,0
1981-11-22,1981,12,REG,PHI,10,NYG,20,0
1981-11-22,1981,12,REG,LAR,31,SF,33,0
1981-11-22,1981,12,REG,OAK,21,LAC,55,0
1981-11-22,1981,12,REG,TB,37,GB,3,0
1981-11-22,1981,12,REG,TEN,24,NO,27,0
1981-11-22,1981,12,REG,NYJ,16,MIA,15,0
1981-11-22,1981,12,REG,KC,40,SEA,13,0
1981-11-22,1981,12,REG,DAL,24,WSH,10,0
1981-11-22,1981,12,REG,IND,24,ARI,35,0
1981-11-22,1981,12,REG,CIN,38,DEN,21,0
1981-11-22,1981,12,REG,CHI,7,DET,23,0
1981-11-22,1981,12,REG,BUF,20,NE,17,0
1981-11-22,1981,12,REG,CLE,10,PIT,32,0
1981-11-23,1981,12,REG,ATL,31,MIN,30,0
1981-11-26,1981,12,REG,DAL,10,CHI,9,0
1981-11-26,1981,12,REG,DET,27,KC,10,0
1981-11-29,1981,13,REG,BUF,21,WSH,14,0
1981-11-29,1981,13,REG,CLE,21,CIN,41,0
1981-11-29,1981,13,REG,PIT,24,LAR,0,0
1981-11-29,1981,13,REG,NO,14,TB,31,0
1981-11-29,1981,13,REG,NE,20,ARI,27,0
1981-11-29,1981,13,REG,NYJ,25,IND,0,0
1981-11-29,1981,13,REG,SEA,31,OAK,32,0
1981-11-29,1981,13,REG,SF,17,NYG,10,0
1981-11-29,1981,13,REG,MIN,23,GB,35,0
1981-11-29,1981,13,REG,TEN,27,ATL,31,0
1981-11-29,1981,13,REG,LAC,34,DEN,17,0
1981-11-30,1981,13,REG,MIA,13,PHI,10,0
1981-12-03,1981,13,REG,TEN,17,CLE,13,0
1981-12-06,1981,14,REG,LAC,27,BUF,28,0
1981-12-06,1981,14,REG,NYG,10,LAR,7,0
1981-12-06,1981,14,REG,SEA,27,NYJ,23,0
1981-12-06,1981,14,REG,WSH,15,PHI,13,0
1981-12-06,1981,14,REG,TB,24,ATL,23,0
1981-12-06,1981,14,REG,MIA,24,NE,14,0
1981-12-06,1981,14,REG,GB,31,DET,17,0
1981-12-06,1981,14,REG,DEN,16,KC,13,0
1981-12-06,1981,14,REG,ARI,30,NO,3,0
1981-12-06,1981,14,REG,IND,13,DAL,37,0
1981-12-06,1981,14,REG,CIN,3,SF,21,0
1981-12-06,1981,14,REG,CHI,10,MIN,9,0
1981-12-07,1981,14,REG,OAK,30,PIT,27,0
1981-12-12,1981,15,REG,DET,45,MIN,7,0
1981-12-12,1981,15,REG,CLE,13,NYJ,14,0
1981-12-13,1981,15,REG,DEN,23,SEA,13,0
1981-12-13,1981,15,REG,TB,23,LAC,24,0
1981-12-13,1981,15,REG,WSH,38,IND,14,0
1981-12-13,1981,15,REG,SF,28,TEN,6,0
1981-12-13,1981,15,REG,OAK,6,CHI,23,0
1981-12-13,1981,15,REG,PIT,10,CIN,17,0
1981-12-13,1981,15,REG,NE,10,BUF,19,0
1981-12-13,1981,15,REG,NO,7,GB,35,0
1981-12-13,1981,15,REG,KC,7,MIA,17,0
1981-12-13,1981,15,REG,DAL,21,PHI,10,0
1981-12-13,1981,15,REG,ARI,10,NYG,20,0
1981-12-14,1981,15,REG,LAR,21,ATL,16,0
1981-12-19,1981,16,REG,MIA,16,BUF,6,0
1981-12-19,1981,16,REG,NYG,13,DAL,10,0
1981-12-20,1981,16,REG,TEN,21,PIT,20,0
1981-12-20,1981,16,REG,IND,23,NE,21,0
1981-12-20,1981,16,REG,NO,17,SF,21,0
1981-12-20,1981,16,REG,LAR,7,WSH,30,0
1981-12-20,1981,16,REG,MIN,6,KC,10,0
1981-12-20,1981,16,REG,SEA,42,CLE,21,0
1981-12-20,1981,16,REG,PHI,38,ARI,0,0
1981-12-20,1981,16,REG,CHI,35,DEN,24,0
1981-12-20,1981,16,REG,DET,17,TB,20,0
1981-12-20,1981,16,REG,NYJ,28,GB,3,0
1981-12-20,1981,16,REG,ATL,28,CIN,30,0
1981-12-21,1981,16,REG,LAC,23,OAK,10,0
1981-12-27,1981,,POST,NYJ,27,BUF,31,0
1981-12-27,1981,,POST,PHI,21,NYG,27,0
1982-01-02,1981,,POST,MIA,38,LAC,41,0
1982-01-02,1981,,POST,DAL,38,TB,0,0
1982-01-03,1981,,POST,SF,38,NYG,24,0
1982-01-03,1981,,POST,CIN,28,BUF,21,0
1982-01-10,1981,,POST,SF,28,DAL,27,0
1982-01-10,1981,,POST,CIN,27,LAC,7,0
1982-01-24,1981,,POST,SF,26,CIN,21,1
1982-09-12,1982,1,REG,SF,17,OAK,23,0
1982-09-12,1982,1,REG,CIN,27,TEN,6,0
1982-09-12,1982,1,REG,IND,13,NE,24,0
1982-09-12,1982,1,REG,DET,17,CHI,10,0
1982-09-12,1982,1,REG,MIN,17,TB,10,0
1982-09-12,1982,1,REG,NO,7,ARI,21,0
1982-09-12,1982,1,REG,NYG,14,ATL,16,0
1982-09-12,1982,1,REG,NYJ,28,MIA,45,0
1982-09-12,1982,1,REG,SEA,7,CLE,21,0
1982-09-12,1982,1,REG,BUF,14,KC,9,0
1982-09-12,1982,1,REG,PHI,34,WSH,37,0
1982-09-12,1982,1,REG,DEN,3,LAC,23,0
1982-09-12,1982,1,REG,GB,35,LAR,23,0
1982-09-13,1982,1,REG,DAL,28,PIT,36,0
1982-09-16,1982,1,REG,BUF,23,MIN,22,0
1982-09-19,1982,2,REG,ATL,14,OAK,38,0
1982-09-19,1982,2,REG,LAR,14,DET,19,0
1982-09-19,1982,2,REG,CLE,21,PHI,24,0
1982-09-19,1982,2,REG,DEN,24,SF,21,0
1982-09-19,1982,2,REG,CHI,0,NO,10,0
1982-09-19,1982,2,REG,ARI,7,DAL,24,0
1982-09-19,1982,2,REG,TB,13,WSH,21,0
1982-09-19,1982,2,REG,PIT,26,CIN,20,0
1982-09-19,1982,2,REG,TEN,23,SEA,21,0
1982-09-19,1982,2,REG,NE,7,NYJ,31,0
1982-09-19,1982,2,REG,MIA,24,IND,20,0
1982-09-19,1982,2,REG,KC,19,LAC,12,0
1982-09-20,1982,2,REG,NYG,19,GB,27,0
1982-11-21,1982,11,REG,CLE,10,NE,7,0
1982-11-21,1982,11,REG,GB,26,MIN,7,0
1982-11-21,1982,11,REG,ATL,34,LAR,17,0
1982-11-21,1982,11,REG,PHI,14,CIN,18,0
1982-11-21,1982,11,REG,TEN,10,PIT,24,0
1982-11-21,1982,11,REG,NYJ,37,IND,0,0
1982-11-21,1982,11,REG,NYG,17,WSH,27,0
1982-11-21,1982,11,REG,NO,27,KC,17,0
1982-11-21,1982,11,REG,DEN,10,SEA,17,0
1982-11-21,1982,11,REG,DAL,14,TB,9,0
1982-11-21,1982,11,REG,ARI,20,SF,31,0
1982-11-21,1982,11,REG,CHI,20,DET,17,0
1982-11-21,1982,11,REG,BUF,7,MIA,9,0
1982-11-22,1982,11,REG,OAK,28,LAC,24,0
1982-11-25,1982,11,REG,DET,6,NYG,13,0
1982-11-25,1982,11,REG,DAL,31,CLE,14,0
1982-11-28,1982,12,REG,SEA,16,PIT,0,0
1982-11-28,1982,12,REG,WSH,13,PHI,9,0
1982-11-28,1982,12,REG,LAC,30,DEN,20,0
1982-11-28,1982,12,REG,NE,29,TEN,21,0
1982-11-28,1982,12,REG,MIN,35,CHI,7,0
1982-11-28,1982,12,REG,CIN,31,OAK,17,0
1982-11-28,1982,12,REG,BUF,20,IND,0,0
1982-11-28,1982,12,REG,ATL,20,ARI,23,0
1982-11-28,1982,12,REG,NYJ,15,GB,13,0
1982-11-28,1982,12,REG,LAR,20,KC,14,0
1982-11-28,1982,12,REG,SF,20,NO,23,0
1982-11-29,1982,12,REG,TB,23,MIA,17,0
1982-12-02,1982,12,REG,LAR,24,SF,30,0
1982-12-05,1982,13,REG,CLE,13,LAC,30,0
1982-12-05,1982,13,REG,CHI,26,NE,13,0
1982-12-05,1982,13,REG,IND,17,CIN,20,0
1982-12-05,1982,13,REG,DEN,27,ATL,34,0
1982-12-05,1982,13,REG,GB,33,BUF,21,0
1982-12-05,1982,13,REG,MIA,22,MIN,14,0
1982-12-05,1982,13,REG,NO,10,TB,13,0
1982-12-05,1982,13,REG,NYG,17,TEN,14,0
1982-12-05,1982,13,REG,OAK,28,SEA,23,0
1982-12-05,1982,13,REG,WSH,10,DAL,24,0
1982-12-05,1982,13,REG,PIT,35,KC,14,0
1982-12-05,1982,13,REG,PHI,20,ARI,23,0
1982-12-06,1982,13,REG,DET,13,NYJ,28,0
1982-12-11,1982,13,REG,SF,37,LAC,41,0
1982-12-11,1982,13,REG,NYG,23,PHI,7,0
1982-12-12,1982,14,REG,NE,3,MIA,0,0
1982-12-12,1982,14,REG,NYJ,32,TB,17,0
1982-12-12,1982,14,REG,LAR,24,DEN,27,0
1982-12-12,1982,14,REG,KC,16,OAK,21,0
1982-12-12,1982,14,REG,GB,10,DET,30,0
1982-12-12,1982,14,REG,SEA,20,CHI,14,0
1982-12-12,1982,14,REG,ARI,7,WSH,12,0
1982-12-12,1982,14,REG,CIN,23,CLE,10,0
1982-12-12,1982,14,REG,BUF,13,PIT,0,0
1982-12-12,1982,14,REG,ATL,35,NO,0,0
1982-12-12,1982,14,REG,MIN,13,IND,10,0
1982-12-13,1982,14,REG,TEN,7,DAL,37,0
1982-12-18,1982,14,REG,OAK,37,LAR,31,0
1982-12-18,1982,14,REG,MIA,20,NYJ,19,0
1982-12-19,1982,15,REG,DET,31,MIN,34,0
1982-12-19,1982,15,REG,SF,7,ATL,17,0
1982-12-19,1982,15,REG,SEA,0,NE,16,0
1982-12-19,1982,15,REG,PHI,35,TEN,14,0
1982-12-19,1982,15,REG,DAL,21,NO,7,0
1982-12-19,1982,15,REG,IND,20,GB,20,0
1982-12-19,1982,15,REG,CLE,10,PIT,9,0
1982-12-19,1982,15,REG,CHI,7,ARI,10,0
1982-12-19,1982,15,REG,DEN,16,KC,37,0
1982-12-19,1982,15,REG,WSH,15,NYG,14,0
1982-12-19,1982,15,REG,TB,24,BUF,23,0
1982-12-20,1982,15,REG,LAC,50,CIN,34,0
1982-12-26,1982,16,REG,ARI,24,NYG,21,0
1982-12-26,1982,16,REG,CIN,24,SEA,10,0
1982-12-26,1982,16,REG,ATL,7,GB,38,0
1982-12-26,1982,16,REG,LAC,44,IND,26,0
1982-12-26,1982,16,REG,TEN,14,CLE,20,0
1982-12-26,1982,16,REG,PIT,37,NE,14,0
1982-12-26,1982,16,REG,OAK,27,DEN,10,0
1982-12-26,1982,16,REG,TB,23,DET,21,0
1982-12-26,1982,16,REG,KC,13,SF,26,0
1982-12-26,1982,16,REG,DAL,20,PHI,24,0
1982-12-26,1982,16,REG,LAR,26,CHI,34,0
1982-12-26,1982,16,REG,NO,10,WSH,27,0
1982-12-26,1982,16,REG,MIN,14,NYJ,42,0
1982-12-27,1982,16,REG,MIA,27,BUF,10,0
1983-01-02,1982,17,REG,IND,7,MIA,34,0
1983-01-02,1982,17,REG,SEA,13,DEN,11,0
1983-01-02,1982,17,REG,SF,20,LAR,21,0
1983-01-02,1982,17,REG,WSH,28,ARI,0,0
1983-01-02,1982,17,REG,TB,26,CHI,23,0
1983-01-02,1982,17,REG,PIT,37,CLE,21,0
1983-01-02,1982,17,REG,PHI,24,NYG,26,0
1983-01-02,1982,17,REG,TEN,27,CIN,35,0
1983-01-02,1982,17,REG,NE,30,BUF,19,0
1983-01-02,1982,17,REG,NO,35,ATL,6,0
1983-01-02,1982,17,REG,KC,37,NYJ,13,0
1983-01-02,1982,17,REG,DET,27,GB,24,0
1983-01-02,1982,17,REG,LAC,34,OAK,41,0
1983-01-03,1982,17,REG,MIN,31,DAL,27,0
1983-01-08,1982,,POST,WSH,31,DET,7,0
1983-01-08,1982,,POST,GB,41,ARI,16,0
1983-01-08,1982,,POST,MIA,28,NE,13,0
1983-01-08,1982,,POST,OAK,27,CLE,10,0
1983-01-09,1982,,POST,PIT,28,LAC,31,0
1983-01-09,1982,,POST,DAL,30,TB,17,0
1983-01-09,1982,,POST,MIN,30,ATL,24,0
1983-01-09,1982,,POST,CIN,17,NYJ,44,0
1983-01-15,1982,,POST,WSH,21,MIN,7,0
1983-01-15,1982,,POST,OAK,14,NYJ,17,0
1983-01-16,1982,,POST,DAL,37,GB,26,0
1983-01-16,1982,,POST,MIA,34,LAC,13,0
1983-01-22,1982,,POST,WSH,31,DAL,17,0
1983-01-23,1982,,POST,MIA,14,NYJ,0,0
1983-01-30,1982,,POST,WSH,27,MIA,17,1
1983-09-03,1983,1,REG,SF,17,PHI,22,0
1983-09-04,1983,1,REG,NO,28,ARI,17,0
1983-09-04,1983,1,REG,NE,23,IND,29,0
1983-09-04,1983,1,REG,TEN,38,GB,41,0
1983-09-04,1983,1,REG,PIT,10,DEN,14,0
1983-09-04,1983,1,REG,LAC,29,NYJ,41,0
1983-09-04,1983,1,REG,KC,17,SEA,13,0
1983-09-04,1983,1,REG,BUF,0,MIA,12,0
1983-09-04,1983,1,REG,CHI,17,ATL,20,0
1983-09-04,1983,1,REG,NYG,6,LAR,16,0
1983-09-04,1983,1,REG,TB,0,DET,11,0
1983-09-04,1983,1,REG,CLE,21,MIN,27,0
1983-09-04,1983,1,REG,CIN,10,OAK,20,0
1983-09-05,1983,1,REG,WSH,30,DAL,31,0
1983-09-08,1983,1,REG,MIN,17,SF,48,0
1983-09-11,1983,2,REG,LAR,30,NO,27,0
1983-09-11,1983,2,REG,GB,21,PIT,25,0
1983-09-11,1983,2,REG,MIA,34,NE,24,0
1983-09-11,1983,2,REG,NYJ,10,SEA,17,0
1983-09-11,1983,2,REG,IND,10,DEN,17,0
1983-09-11,1983,2,REG,CHI,17,TB,10,0
1983-09-11,1983,2,REG,ATL,13,NYG,16,0
1983-09-11,1983,2,REG,DET,26,CLE,31,0
1983-09-11,1983,2,REG,ARI,17,DAL,34,0
1983-09-11,1983,2,REG,CIN,6,BUF,10,0
1983-09-11,1983,2,REG,PHI,13,WSH,23,0
1983-09-11,1983,2,REG,OAK,20,TEN,6,0
1983-09-12,1983,2,REG,KC,14,LAC,17,0
1983-09-15,1983,2,REG,CLE,17,CIN,7,0
1983-09-18,1983,3,REG,WSH,27,KC,12,0
1983-09-18,1983,3,REG,SEA,34,LAC,31,0
1983-09-18,1983,3,REG,GB,27,LAR,24,0
1983-09-18,1983,3,REG,BUF,28,IND,23,0
1983-09-18,1983,3,REG,DET,14,ATL,30,0
1983-09-18,1983,3,REG,ARI,27,SF,42,0
1983-09-18,1983,3,REG,DAL,28,NYG,13,0
1983-09-18,1983,3,REG,DEN,10,PHI,13,0
1983-09-18,1983,3,REG,NE,23,NYJ,13,0
1983-09-18,1983,3,REG,TB,16,MIN,19,0
1983-09-18,1983,3,REG,NO,34,CHI,31,0
1983-09-18,1983,3,REG,TEN,28,PIT,40,0
1983-09-19,1983,3,REG,OAK,27,MIA,14,0
1983-09-25,1983,4,REG,SEA,17,WSH,27,0
1983-09-25,1983,4,REG,BUF,30,TEN,13,0
1983-09-25,1983,4,REG,IND,22,CHI,19,0
1983-09-25,1983,4,REG,DAL,21,NO,20,0
1983-09-25,1983,4,REG,DEN,7,OAK,22,0
1983-09-25,1983,4,REG,MIA,14,KC,6,0
1983-09-25,1983,4,REG,MIN,20,DET,17,0
1983-09-25,1983,4,REG,PHI,11,ARI,14,0
1983-09-25,1983,4,REG,PIT,23,NE,28,0
1983-09-25,1983,4,REG,SF,24,ATL,20,0
1983-09-25,1983,4,REG,TB,17,CIN,23,0
1983-09-25,1983,4,REG,NYJ,27,LAR,24,0
1983-09-25,1983,4,REG,LAC,24,CLE,30,0
1983-09-26,1983,4,REG,NYG,27,GB,3,0
1983-10-02,1983,5,REG,GB,55,TB,14,0
1983-10-02,1983,5,REG,WSH,37,OAK,35,0
1983-10-02,1983,5,REG,LAR,21,DET,10,0
1983-10-02,1983,5,REG,PIT,17,TEN,10,0
1983-10-02,1983,5,REG,NE,13,SF,33,0
1983-10-02,1983,5,REG,NO,17,MIA,7,0
1983-10-02,1983,5,REG,KC,38,ARI,14,0
1983-10-02,1983,5,REG,CLE,9,SEA,24,0
1983-10-02,1983,5,REG,CIN,31,IND,34,0
1983-10-02,1983,5,REG,CHI,31,DEN,14,0
1983-10-02,1983,5,REG,ATL,24,PHI,28,0
1983-10-02,1983,5,REG,MIN,24,DAL,37,0
1983-10-02,1983,5,REG,NYG,34,LAC,41,0
1983-10-03,1983,5,REG,BUF,10,NYJ,34,0
1983-10-09,1983,6,REG,IND,12,NE,7,0
1983-10-09,1983,6,REG,ARI,14,WSH,38,0
1983-10-09,1983,6,REG,DAL,27,TB,24,0
1983-10-09,1983,6,REG,SF,7,LAR,10,0
1983-10-09,1983,6,REG,DET,38,GB,14,0
1983-10-09,1983,6,REG,MIA,35,BUF,38,0
1983-10-09,1983,6,REG,LAC,28,SEA,21,0
1983-10-09,1983,6,REG,CLE,10,NYJ,7,0
1983-10-09,1983,6,REG,NYG,13,PHI,17,0
1983-10-09,1983,6,REG,TEN,14,DEN,26,0
1983-10-09,1983,6,REG,OAK,21,KC,20,0
1983-10-09,1983,6,REG,ATL,17,NO,19,0
1983-10-09,1983,6,REG,CHI,14,MIN,23,0
1983-10-10,1983,6,REG,CIN,14,PIT,24,0
1983-10-16,1983,7,REG,DET,31,CHI,17,0
1983-10-16,1983,7,REG,TB,27,ARI,34,0
1983-10-16,1983,7,REG,SEA,38,OAK,36,0
1983-10-16,1983,7,REG,PIT,44,CLE,17,0
1983-10-16,1983,7,REG,NYJ,14,MIA,32,0
1983-10-16,1983,7,REG,NO,13,SF,32,0
1983-10-16,1983,7,REG,KC,38,NYG,17,0
1983-10-16,1983,7,REG,DEN,24,CIN,17,0
1983-10-16,1983,7,REG,DAL,37,PHI,7,0
1983-10-16,1983,7,REG,IND,7,BUF,30,0
1983-10-16,1983,7,REG,NE,37,LAC,21,0
1983-10-16,1983,7,REG,LAR,27,ATL,21,0
1983-10-16,1983,7,REG,MIN,34,TEN,14,0
1983-10-17,1983,7,REG,GB,48,WSH,47,0
1983-10-23,1983,8,REG,TB,21,NO,24,0
1983-10-23,1983,8,REG,WSH,38,DET,17,0
1983-10-23,1983,8,REG,SEA,21,PIT,27,0
1983-10-23,1983,8,REG,DEN,14,LAC,6,0
1983-10-23,1983,8,REG,BUF,0,NE,31,0
1983-10-23,1983,8,REG,CIN,28,CLE,21,0
1983-10-23,1983,8,REG,IND,7,MIA,21,0
1983-10-23,1983,8,REG,DAL,38,OAK,40,0
1983-10-23,1983,8,REG,GB,17,MIN,20,0
1983-10-23,1983,8,REG,LAR,35,SF,45,0
1983-10-23,1983,8,REG,NYJ,21,ATL,27,0
1983-10-23,1983,8,REG,PHI,6,CHI,7,0
1983-10-23,1983,8,REG,TEN,10,KC,13,0
1983-10-24,1983,8,REG,ARI,20,NYG,20,0
1983-10-30,1983,9,REG,DEN,27,KC,24,0
1983-10-30,1983,9,REG,BUF,27,NO,21,0
1983-10-30,1983,9,REG,ARI,41,MIN,31,0
1983-10-30,1983,9,REG,ATL,24,NE,13,0
1983-10-30,1983,9,REG,NYG,20,DAL,38,0
1983-10-30,1983,9,REG,PHI,21,IND,22,0
1983-10-30,1983,9,REG,CLE,25,TEN,19,0
1983-10-30,1983,9,REG,CIN,34,GB,14,0
1983-10-30,1983,9,REG,CHI,17,DET,38,0
1983-10-30,1983,9,REG,OAK,21,SEA,34,0
1983-10-30,1983,9,REG,MIA,30,LAR,14,0
1983-10-30,1983,9,REG,PIT,17,TB,12,0
1983-10-30,1983,9,REG,SF,13,NYJ,27,0
1983-10-31,1983,9,REG,LAC,24,WSH,27,0
1983-11-06,1983,10,REG,SEA,27,DEN,19,0
1983-11-06,1983,10,REG,LAR,21,CHI,14,0
1983-11-06,1983,10,REG,PIT,26,LAC,3,0
1983-11-06,1983,10,REG,SF,17,MIA,20,0
1983-11-06,1983,10,REG,WSH,45,ARI,7,0
1983-11-06,1983,10,REG,NYJ,14,IND,17,0
1983-11-06,1983,10,REG,TEN,14,CIN,55,0
1983-11-06,1983,10,REG,MIN,12,TB,17,0
1983-11-06,1983,10,REG,GB,35,CLE,21,0
1983-11-06,1983,10,REG,NO,27,ATL,10,0
1983-11-06,1983,10,REG,PHI,20,DAL,27,0
1983-11-06,1983,10,REG,KC,20,OAK,28,0
1983-11-06,1983,10,REG,NE,21,BUF,7,0
1983-11-07,1983,10,REG,DET,15,NYG,9,0
1983-11-13,1983,11,REG,MIN,21,GB,29,0
1983-11-13,1983,11,REG,ARI,33,SEA,28,0
1983-11-13,1983,11,REG,CHI,17,PHI,14,0
1983-11-13,1983,11,REG,LAC,24,DAL,23,0
1983-11-13,1983,11,REG,KC,20,CIN,15,0
1983-11-13,1983,11,REG,NE,17,MIA,6,0
1983-11-13,1983,11,REG,NYG,17,WSH,33,0
1983-11-13,1983,11,REG,NYJ,17,BUF,24,0
1983-11-13,1983,11,REG,SF,27,NO,0,0
1983-11-13,1983,11,REG,OAK,22,DEN,20,0
1983-11-13,1983,11,REG,TEN,27,DET,17,0
1983-11-13,1983,11,REG,IND,13,PIT,24,0
1983-11-13,1983,11,REG,CLE,20,TB,0,0
1983-11-14,1983,11,REG,ATL,13,LAR,36,0
1983-11-20,1983,12,REG,TB,0,CHI,27,0
1983-11-20,1983,12,REG,ARI,44,LAC,14,0
1983-11-20,1983,12,REG,ATL,28,SF,24,0
1983-11-20,1983,12,REG,MIA,37,IND,0,0
1983-11-20,1983,12,REG,BUF,24,OAK,27,0
1983-11-20,1983,12,REG,CIN,38,TEN,10,0
1983-11-20,1983,12,REG,DAL,41,KC,21,0
1983-11-20,1983,12,REG,DEN,38,SEA,27,0
1983-11-20,1983,12,REG,GB,20,DET,23,0
1983-11-20,1983,12,REG,NE,0,CLE,30,0
1983-11-20,1983,12,REG,PHI,0,NYG,23,0
1983-11-20,1983,12,REG,PIT,14,MIN,17,0
1983-11-20,1983,12,REG,LAR,20,WSH,42,0
1983-11-21,1983,12,REG,NO,28,NYJ,31,0
1983-11-24,1983,12,REG,DET,45,PIT,3,0
1983-11-24,1983,12,REG,DAL,35,ARI,17,0
1983-11-27,1983,13,REG,ATL,47,GB,41,0
1983-11-27,1983,13,REG,NO,17,MIN,16,0
1983-11-27,1983,13,REG,CHI,13,SF,3,0
1983-11-27,1983,13,REG,CLE,41,IND,23,0
1983-11-27,1983,13,REG,LAR,41,BUF,17,0
1983-11-27,1983,13,REG,LAC,31,DEN,7,0
1983-11-27,1983,13,REG,NYJ,26,NE,3,0
1983-11-27,1983,13,REG,WSH,28,PHI,24,0
1983-11-27,1983,13,REG,TB,33,TEN,24,0
1983-11-27,1983,13,REG,SEA,51,KC,48,0
1983-11-27,1983,13,REG,OAK,27,NYG,12,0
1983-11-28,1983,13,REG,MIA,38,CIN,14,0
1983-12-01,1983,13,REG,LAC,10,OAK,42,0
1983-12-04,1983,14,REG,IND,6,NYJ,10,0
1983-12-04,1983,14,REG,DEN,27,CLE,6,0
1983-12-04,1983,14,REG,WSH,37,ATL,21,0
1983-12-04,1983,14,REG,SF,35,TB,21,0
1983-12-04,1983,14,REG,SEA,10,DAL,35,0
1983-12-04,1983,14,REG,PIT,10,CIN,23,0
1983-12-04,1983,14,REG,TEN,17,MIA,24,0
1983-12-04,1983,14,REG,NYG,6,ARI,10,0
1983-12-04,1983,14,REG,NE,7,NO,0,0
1983-12-04,1983,14,REG,KC,9,BUF,14,0
1983-12-04,1983,14,REG,GB,31,CHI,28,0
1983-12-04,1983,14,REG,PHI,13,LAR,9,0
1983-12-05,1983,14,REG,DET,13,MIN,2,0
1983-12-10,1983,15,REG,NYJ,7,PIT,34,0
1983-12-10,1983,15,REG,MIA,31,ATL,24,0
1983-12-11,1983,15,REG,TEN,34,CLE,27,0
1983-12-11,1983,15,REG,NYG,12,SEA,17,0
1983-12-11,1983,15,REG,DEN,21,IND,19,0
1983-12-11,1983,15,REG,DAL,10,WSH,31,0
1983-12-11,1983,15,REG,LAR,7,NE,21,0
1983-12-11,1983,15,REG,OAK,24,ARI,34,0
1983-12-11,1983,15,REG,PHI,17,NO,20,0
1983-12-11,1983,15,REG,BUF,10,SF,23,0
1983-12-11,1983,15,REG,LAC,41,KC,38,0
1983-12-11,1983,15,REG,MIN,13,CHI,19,0
1983-12-11,1983,15,REG,CIN,17,DET,9,0
1983-12-12,1983,15,REG,TB,9,GB,12,0
1983-12-16,1983,15,REG,MIA,34,NYJ,14,0
1983-12-17,1983,16,REG,WSH,31,NYG,22,0
1983-12-17,1983,16,REG,MIN,20,CIN,14,0
1983-12-18,1983,16,REG,SEA,24,NE,6,0
1983-12-18,1983,16,REG,KC,48,DEN,17,0
1983-12-18,1983,16,REG,DET,23,TB,20,0
1983-12-18,1983,16,REG,IND,20,TEN,10,0
1983-12-18,1983,16,REG,CLE,30,PIT,17,0
1983-12-18,1983,16,REG,CHI,23,GB,21,0
1983-12-18,1983,16,REG,ARI,31,PHI,7,0
1983-12-18,1983,16,REG,ATL,31,BUF,14,0
1983-12-18,1983,16,REG,OAK,30,LAC,14,0
1983-12-18,1983,16,REG,NO,24,LAR,26,0
1983-12-19,1983,16,REG,SF,42,DAL,17,0
1983-12-24,1983,,POST,SEA,31,DEN,7,0
1983-12-26,1983,,POST,DAL,17,LAR,24,0
1983-12-31,1983,,POST,MIA,20,SEA,27,0
1983-12-31,1983,,POST,SF,24,DET,23,0
1984-01-01,1983,,POST,OAK,38,PIT,10,0
1984-01-01,1983,,POST,WSH,51,LAR,7,0
1984-01-08,1983,,POST,OAK,30,SEA,14,0
1984-01-08,1983,,POST,WSH,24,SF,21,0
1984-01-22,1983,,POST,WSH,9,OAK,38,1
1984-09-02,1984,1,REG,NYG,28,PHI,27,0
1984-09-02,1984,1,REG,TEN,14,OAK,24,0
1984-09-02,1984,1,REG,WSH,17,MIA,35,0
1984-09-02,1984,1,REG,MIN,13,LAC,42,0
1984-09-02,1984,1,REG,BUF,17,NE,21,0
1984-09-02,1984,1,REG,CHI,34,TB,14,0
1984-09-02,1984,1,REG,IND,14,NYJ,23,0
1984-09-02,1984,1,REG,DET,27,SF,30,0
1984-09-02,1984,1,REG,GB,24,ARI,23,0
1984-09-02,1984,1,REG,NO,28,ATL,36,0
1984-09-02,1984,1,REG,DEN,20,CIN,17,0
1984-09-02,1984,1,REG,PIT,27,KC,37,0
1984-09-03,1984,1,REG,SEA,33,CLE,0,0
1984-09-03,1984,1,REG,LAR,13,DAL,20,0
1984-09-06,1984,1,REG,NYJ,17,PIT,23,0
1984-09-09,1984,2,REG,OAK,28,GB,7,0
1984-09-09,1984,2,REG,PHI,19,MIN,17,0
1984-09-09,1984,2,REG,LAR,20,CLE,17,0
1984-09-09,1984,2,REG,ATL,24,DET,27,0
1984-09-09,1984,2,REG,CHI,27,DEN,0,0
1984-09-09,1984,2,REG,SEA,31,LAC,17,0
1984-09-09,1984,2,REG,CIN,22,KC,27,0
1984-09-09,1984,2,REG,ARI,37,BUF,7,0
1984-09-09,1984,2,REG,MIA,28,NE,7,0
1984-09-09,1984,2,REG,NO,17,TB,13,0
1984-09-09,1984,2,REG,TEN,21,IND,35,0
1984-09-09,1984,2,REG,NYG,28,DAL,7,0
1984-09-10,1984,2,REG,SF,37,WSH,31,0
1984-09-16,1984,3,REG,TB,21,DET,17,0
1984-09-16,1984,3,REG,CLE,14,DEN,24,0
1984-09-16,1984,3,REG,WSH,30,NYG,14,0
1984-09-16,1984,3,REG,SF,30,NO,20,0
1984-09-16,1984,3,REG,NYJ,43,CIN,23,0
1984-09-16,1984,3,REG,PIT,24,LAR,14,0
1984-09-16,1984,3,REG,LAC,31,TEN,14,0
1984-09-16,1984,3,REG,MIN,27,ATL,20,0
1984-09-16,1984,3,REG,KC,20,OAK,22,0
1984-09-16,1984,3,REG,GB,7,CHI,9,0
1984-09-16,1984,3,REG,DAL,23,PHI,17,0
1984-09-16,1984,3,REG,IND,33,ARI,34,0
1984-09-16,1984,3,REG,NE,38,SEA,23,0
1984-09-17,1984,3,REG,BUF,17,MIA,21,0
1984-09-23,1984,4,REG,DAL,20,GB,6,0
1984-09-23,1984,4,REG,SEA,38,CHI,9,0
1984-09-23,1984,4,REG,PHI,9,SF,21,0
1984-09-23,1984,4,REG,NYG,17,TB,14,0
1984-09-23,1984,4,REG,NE,10,WSH,26,0
1984-09-23,1984,4,REG,NO,34,ARI,24,0
1984-09-23,1984,4,REG,CLE,20,PIT,10,0
1984-09-23,1984,4,REG,MIA,44,IND,7,0
1984-09-23,1984,4,REG,DET,28,MIN,29,0
1984-09-23,1984,4,REG,DEN,21,KC,0,0
1984-09-23,1984,4,REG,BUF,26,NYJ,28,0
1984-09-23,1984,4,REG,ATL,42,TEN,10,0
1984-09-23,1984,4,REG,CIN,14,LAR,24,0
1984-09-24,1984,4,REG,OAK,33,LAC,30,0
1984-09-30,1984,5,REG,CHI,14,DAL,23,0
1984-09-30,1984,5,REG,LAR,33,NYG,12,0
1984-09-30,1984,5,REG,LAC,27,DET,24,0
1984-09-30,1984,5,REG,ARI,28,MIA,36,0
1984-09-30,1984,5,REG,IND,31,BUF,17,0
1984-09-30,1984,5,REG,NYJ,21,NE,28,0
1984-09-30,1984,5,REG,WSH,20,PHI,0,0
1984-09-30,1984,5,REG,TB,30,GB,27,0
1984-09-30,1984,5,REG,SF,14,ATL,5,0
1984-09-30,1984,5,REG,TEN,10,NO,27,0
1984-09-30,1984,5,REG,MIN,12,SEA,20,0
1984-09-30,1984,5,REG,KC,10,CLE,6,0
1984-09-30,1984,5,REG,DEN,16,OAK,13,0
1984-10-01,1984,5,REG,PIT,38,CIN,17,0
1984-10-07,1984,6,REG,BUF,17,PHI,27,0
1984-10-07,1984,6,REG,LAR,28,ATL,30,0
1984-10-07,1984,6,REG,PIT,7,MIA,31,0
1984-10-07,1984,6,REG,GB,28,LAC,34,0
1984-10-07,1984,6,REG,TB,35,MIN,31,0
1984-10-07,1984,6,REG,OAK,28,SEA,14,0
1984-10-07,1984,6,REG,KC,16,NYJ,17,0
1984-10-07,1984,6,REG,DET,7,DEN,28,0
1984-10-07,1984,6,REG,DAL,20,ARI,31,0
1984-10-07,1984,6,REG,IND,7,WSH,35,0
1984-10-07,1984,6,REG,CLE,16,NE,17,0
1984-10-07,1984,6,REG,CIN,13,TEN,3,0
1984-10-07,1984,6,REG,CHI,20,NO,7,0
1984-10-08,1984,6,REG,NYG,10,SF,31,0
1984-10-14,1984,7,REG,PHI,16,IND,7,0
1984-10-14,1984,7,REG,ATL,7,NYG,19,0
1984-10-14,1984,7,REG,CLE,20,NYJ,24,0
1984-10-14,1984,7,REG,ARI,38,CHI,21,0
1984-10-14,1984,7,REG,DET,13,TB,7,0
1984-10-14,1984,7,REG,MIA,28,TEN,10,0
1984-10-14,1984,7,REG,NE,20,CIN,14,0
1984-10-14,1984,7,REG,OAK,23,MIN,20,0
1984-10-14,1984,7,REG,SEA,31,BUF,28,0
1984-10-14,1984,7,REG,SF,17,PIT,20,0
1984-10-14,1984,7,REG,WSH,34,DAL,14,0
1984-10-14,1984,7,REG,NO,10,LAR,28,0
1984-10-14,1984,7,REG,KC,31,LAC,13,0
1984-10-15,1984,7,REG,DEN,17,GB,14,0
1984-10-21,1984,8,REG,LAC,37,OAK,44,0
1984-10-21,1984,8,REG,NE,24,MIA,44,0
1984-10-21,1984,8,REG,CIN,12,CLE,9,0
1984-10-21,1984,8,REG,BUF,7,DEN,37,0
1984-10-21,1984,8,REG,MIN,14,DET,16,0
1984-10-21,1984,8,REG,GB,24,SEA,30,0
1984-10-21,1984,8,REG,DAL,30,NO,27,0
1984-10-21,1984,8,REG,ARI,26,WSH,24,0
1984-10-21,1984,8,REG,IND,17,PIT,16,0
1984-10-21,1984,8,REG,TB,9,CHI,44,0
1984-10-21,1984,8,REG,PHI,24,NYG,10,0
1984-10-21,1984,8,REG,TEN,21,SF,34,0
1984-10-21,1984,8,REG,NYJ,28,KC,7,0
1984-10-22,1984,8,REG,ATL,10,LAR,24,0
1984-10-28,1984,9,REG,PIT,35,ATL,10,0
1984-10-28,1984,9,REG,LAR,0,SF,33,0
1984-10-28,1984,9,REG,CHI,16,MIN,7,0
1984-10-28,1984,9,REG,CLE,14,NO,16,0
1984-10-28,1984,9,REG,GB,41,DET,9,0
1984-10-28,1984,9,REG,KC,24,TB,20,0
1984-10-28,1984,9,REG,MIA,38,BUF,7,0
1984-10-28,1984,9,REG,DAL,22,IND,3,0
1984-10-28,1984,9,REG,NE,30,NYJ,20,0
1984-10-28,1984,9,REG,NYG,37,WSH,13,0
1984-10-28,1984,9,REG,TEN,13,CIN,31,0
1984-10-28,1984,9,REG,PHI,14,ARI,34,0
1984-10-28,1984,9,REG,OAK,19,DEN,22,0
1984-10-29,1984,9,REG,LAC,0,SEA,24,0
1984-11-04,1984,10,REG,ARI,13,LAR,16,0
1984-11-04,1984,10,REG,DET,23,PHI,23,0
1984-11-04,1984,10,REG,DEN,26,NE,19,0
1984-11-04,1984,10,REG,NO,13,GB,23,0
1984-11-04,1984,10,REG,NYJ,17,MIA,31,0
1984-11-04,1984,10,REG,PIT,35,TEN,7,0
1984-11-04,1984,10,REG,SEA,45,KC,0,0
1984-11-04,1984,10,REG,MIN,27,TB,24,0
1984-11-04,1984,10,REG,IND,10,LAC,38,0
1984-11-04,1984,10,REG,SF,23,CIN,17,0
1984-11-04,1984,10,REG,DAL,7,NYG,19,0
1984-11-04,1984,10,REG,CHI,17,OAK,6,0
1984-11-04,1984,10,REG,BUF,10,CLE,13,0
1984-11-05,1984,10,REG,WSH,27,ATL,14,0
1984-11-11,1984,11,REG,LAC,13,DEN,16,0
1984-11-11,1984,11,REG,WSH,28,DET,14,0
1984-11-11,1984,11,REG,TB,20,NYG,17,0
1984-11-11,1984,11,REG,NE,38,BUF,10,0
1984-11-11,1984,11,REG,MIA,24,PHI,23,0
1984-11-11,1984,11,REG,KC,16,TEN,17,0
1984-11-11,1984,11,REG,GB,45,MIN,17,0
1984-11-11,1984,11,REG,ARI,17,DAL,24,0
1984-11-11,1984,11,REG,CLE,7,SF,41,0
1984-11-11,1984,11,REG,CIN,22,PIT,20,0
1984-11-11,1984,11,REG,ATL,13,NO,17,0
1984-11-11,1984,11,REG,NYJ,5,IND,9,0
1984-11-11,1984,11,REG,LAR,29,CHI,13,0
1984-11-12,1984,11,REG,SEA,17,OAK,14,0
1984-11-18,1984,12,REG,IND,17,NE,50,0
1984-11-18,1984,12,REG,CHI,16,DET,14,0
1984-11-18,1984,12,REG,LAC,34,MIA,28,0
1984-11-18,1984,12,REG,BUF,14,DAL,3,0
1984-11-18,1984,12,REG,ATL,7,CLE,23,0
1984-11-18,1984,12,REG,SF,24,TB,17,0
1984-11-18,1984,12,REG,OAK,17,KC,7,0
1984-11-18,1984,12,REG,DEN,42,MIN,21,0
1984-11-18,1984,12,REG,NYG,16,ARI,10,0
1984-11-18,1984,12,REG,TEN,31,NYJ,20,0
1984-11-18,1984,12,REG,CIN,6,SEA,26,0
1984-11-18,1984,12,REG,GB,31,LAR,6,0
1984-11-18,1984,12,REG,PHI,16,WSH,10,0
1984-11-19,1984,12,REG,NO,27,PIT,24,0
1984-11-22,1984,12,REG,DAL,20,NE,17,0
1984-11-22,1984,12,REG,DET,31,GB,28,0
1984-11-25,1984,13,REG,PIT,52,LAC,24,0
1984-11-25,1984,13,REG,WSH,41,BUF,14,0
1984-11-25,1984,13,REG,TB,33,LAR,34,0
1984-11-25,1984,13,REG,CLE,27,TEN,10,0
1984-11-25,1984,13,REG,ARI,17,PHI,16,0
1984-11-25,1984,13,REG,OAK,21,IND,7,0
1984-11-25,1984,13,REG,NYG,28,KC,27,0
1984-11-25,1984,13,REG,NO,3,SF,35,0
1984-11-25,1984,13,REG,MIN,3,CHI,34,0
1984-11-25,1984,13,REG,DEN,24,SEA,27,0
1984-11-25,1984,13,REG,CIN,35,ATL,14,0
1984-11-26,1984,13,REG,MIA,28,NYJ,17,0
1984-11-29,1984,13,REG,MIN,17,WSH,31,0
1984-12-02,1984,14,REG,NYJ,10,NYG,20,0
1984-12-02,1984,14,REG,PHI,10,DAL,26,0
1984-12-02,1984,14,REG,NE,10,ARI,33,0
1984-12-02,1984,14,REG,LAR,34,NO,21,0
1984-12-02,1984,14,REG,SEA,38,DET,17,0
1984-12-02,1984,14,REG,BUF,21,IND,15,0
1984-12-02,1984,14,REG,ATL,17,SF,35,0
1984-12-02,1984,14,REG,CLE,17,CIN,20,0
1984-12-02,1984,14,REG,GB,27,TB,14,0
1984-12-02,1984,14,REG,KC,16,DEN,13,0
1984-12-02,1984,14,REG,MIA,34,OAK,45,0
1984-12-02,1984,14,REG,TEN,23,PIT,20,0
1984-12-03,1984,14,REG,LAC,20,CHI,7,0
1984-12-08,1984,14,REG,SF,51,MIN,7,0
1984-12-08,1984,14,REG,NYJ,21,BUF,17,0
1984-12-09,1984,15,REG,IND,17,MIA,35,0
1984-12-09,1984,15,REG,NO,21,CIN,24,0
1984-12-09,1984,15,REG,KC,34,SEA,7,0
1984-12-09,1984,15,REG,DAL,28,WSH,30,0
1984-12-09,1984,15,REG,ARI,31,NYG,21,0
1984-12-09,1984,15,REG,TB,23,ATL,6,0
1984-12-09,1984,15,REG,DEN,16,LAC,13,0
1984-12-09,1984,15,REG,LAR,27,TEN,16,0
1984-12-09,1984,15,REG,PIT,23,CLE,20,0
1984-12-09,1984,15,REG,PHI,27,NE,17,0
1984-12-09,1984,15,REG,CHI,14,GB,20,0
1984-12-10,1984,15,REG,DET,3,OAK,24,0
1984-12-14,1984,15,REG,SF,19,LAR,16,0
1984-12-15,1984,15,REG,NYG,3,NO,10,0
1984-12-15,1984,15,REG,SEA,14,DEN,31,0
1984-12-16,1984,16,REG,TB,41,NYJ,21,0
1984-12-16,1984,16,REG,LAC,21,KC,42,0
1984-12-16,1984,16,REG,ATL,26,PHI,10,0
1984-12-16,1984,16,REG,WSH,29,ARI,27,0
1984-12-16,1984,16,REG,MIN,14,GB,38,0
1984-12-16,1984,16,REG,NE,16,IND,10,0
1984-12-16,1984,16,REG,TEN,20,CLE,27,0
1984-12-16,1984,16,REG,OAK,7,PIT,13,0
1984-12-16,1984,16,REG,DET,13,CHI,30,0
1984-12-16,1984,16,REG,CIN,52,BUF,21,0
1984-12-17,1984,16,REG,MIA,28,DAL,21,0
1984-12-22,1984,,POST,SEA,13,OAK,7,0
1984-12-23,1984,,POST,LAR,13,NYG,16,0
1984-12-29,1984,,POST,MIA,31,SEA,10,0
1984-12-29,1984,,POST,SF,21,NYG,10,0
1984-12-30,1984,,POST,WSH,19,CHI,23,0
1984-12-30,1984,,POST,DEN,17,PIT,24,0
1985-01-06,1984,,POST,SF,23,CHI,0,0
1985-01-06,1984,,POST,MIA,45,PIT,28,0
1985-01-20,1984,,POST,SF,38,MIA,16,1
1985-09-08,1985,1,REG,LAR,20,DEN,16,0
1985-09-08,1985,1,REG,OAK,31,NYJ,0,0
1985-09-08,1985,1,REG,PIT,45,IND,3,0
1985-09-08,1985,1,REG,TEN,26,MIA,23,0
1985-09-08,1985,1,REG,NYG,21,PHI,0,0
1985-09-08,1985,1,REG,NE,26,GB,20,0
1985-09-08,1985,1,REG,NO,27,KC,47,0
1985-09-08,1985,1,REG,MIN,28,SF,21,0
1985-09-08,1985,1,REG,CLE,24,ARI,27,0
1985-09-08,1985,1,REG,CIN,24,SEA,28,0
1985-09-08,1985,1,REG,CHI,38,TB,28,0
1985-09-08,1985,1,REG,ATL,27,DET,28,0
1985-09-08,1985,1,REG,BUF,9,LAC,14,0
1985-09-09,1985,1,REG,DAL,44,WSH,14,0
1985-09-12,1985,1,REG,KC,36,OAK,20,0
1985-09-15,1985,2,REG,NYJ,42,BUF,3,0
1985-09-15,1985,2,REG,MIA,30,IND,13,0
1985-09-15,1985,2,REG,GB,23,NYG,20,0
1985-09-15,1985,2,REG,DET,26,DAL,21,0
1985-09-15,1985,2,REG,DEN,34,NO,23,0
1985-09-15,1985,2,REG,ARI,41,CIN,27,0
1985-09-15,1985,2,REG,CHI,20,NE,7,0
1985-09-15,1985,2,REG,WSH,16,TEN,13,0
1985-09-15,1985,2,REG,LAC,35,SEA,49,0
1985-09-15,1985,2,REG,TB,16,MIN,31,0
1985-09-15,1985,2,REG,PHI,6,LAR,17,0
1985-09-15,1985,2,REG,SF,35,ATL,16,0
1985-09-16,1985,2,REG,CLE,17,PIT,7,0
1985-09-19,1985,2,REG,MIN,24,CHI,33,0
1985-09-22,1985,3,REG,GB,3,NYJ,24,0
1985-09-22,1985,3,REG,WSH,6,PHI,19,0
1985-09-22,1985,3,REG,OAK,10,SF,34,0
1985-09-22,1985,3,REG,PIT,20,TEN,0,0
1985-09-22,1985,3,REG,NO,20,TB,13,0
1985-09-22,1985,3,REG,MIA,31,KC,0,0
1985-09-22,1985,3,REG,DAL,20,CLE,7,0
1985-09-22,1985,3,REG,IND,14,DET,6,0
1985-09-22,1985,3,REG,BUF,14,NE,17,0
1985-09-22,1985,3,REG,ATL,28,DEN,44,0
1985-09-22,1985,3,REG,NYG,27,ARI,17,0
1985-09-22,1985,3,REG,CIN,41,LAC,44,0
1985-09-23,1985,3,REG,SEA,24,LAR,35,0
1985-09-29,1985,4,REG,BUF,20,MIN,27,0
1985-09-29,1985,4,REG,KC,28,SEA,7,0
1985-09-29,1985,4,REG,CHI,45,WSH,10,0
1985-09-29,1985,4,REG,DEN,26,MIA,30,0
1985-09-29,1985,4,REG,NE,20,OAK,35,0
1985-09-29,1985,4,REG,DET,30,TB,9,0
1985-09-29,1985,4,REG,ARI,43,GB,28,0
1985-09-29,1985,4,REG,SF,17,NO,20,0
1985-09-29,1985,4,REG,LAR,17,ATL,6,0
1985-09-29,1985,4,REG,LAC,7,CLE,21,0
1985-09-29,1985,4,REG,NYJ,25,IND,20,0
1985-09-29,1985,4,REG,TEN,10,DAL,17,0
1985-09-29,1985,4,REG,PHI,10,NYG,16,0
1985-09-30,1985,4,REG,PIT,24,CIN,37,0
1985-10-06,1985,5,REG,MIA,24,PIT,20,0
1985-10-06,1985,5,REG,NO,23,PHI,21,0
1985-10-06,1985,5,REG,LAR,13,MIN,10,0
1985-10-06,1985,5,REG,GB,43,DET,10,0
1985-10-06,1985,5,REG,CLE,24,NE,20,0
1985-10-06,1985,5,REG,CIN,20,NYJ,29,0
1985-10-06,1985,5,REG,ATL,17,SF,38,0
1985-10-06,1985,5,REG,IND,49,BUF,17,0
1985-10-06,1985,5,REG,OAK,19,KC,10,0
1985-10-06,1985,5,REG,TB,19,CHI,27,0
1985-10-06,1985,5,REG,NYG,29,DAL,30,0
1985-10-06,1985,5,REG,SEA,26,LAC,21,0
1985-10-06,1985,5,REG,DEN,31,TEN,20,0
1985-10-07,1985,5,REG,WSH,27,ARI,10,0
1985-10-13,1985,6,REG,DAL,27,PIT,13,0
1985-10-13,1985,6,REG,CIN,35,NYG,30,0
1985-10-13,1985,6,REG,IND,10,DEN,15,0
1985-10-13,1985,6,REG,GB,20,MIN,17,0
1985-10-13,1985,6,REG,NE,14,BUF,3,0
1985-10-13,1985,6,REG,TEN,6,CLE,21,0
1985-10-13,1985,6,REG,PHI,30,ARI,7,0
1985-10-13,1985,6,REG,OAK,23,NO,13,0
1985-10-13,1985,6,REG,SEA,30,ATL,26,0
1985-10-13,1985,6,REG,SF,10,CHI,26,0
1985-10-13,1985,6,REG,WSH,24,DET,3,0
1985-10-13,1985,6,REG,TB,27,LAR,31,0
1985-10-13,1985,6,REG,LAC,31,KC,20,0
1985-10-14,1985,6,REG,NYJ,23,MIA,7,0
1985-10-20,1985,7,REG,CLE,20,OAK,21,0
1985-10-20,1985,7,REG,NE,20,NYJ,13,0
1985-10-20,1985,7,REG,KC,0,LAR,16,0
1985-10-20,1985,7,REG,NYG,17,WSH,3,0
1985-10-20,1985,7,REG,TEN,44,CIN,27,0
1985-10-20,1985,7,REG,PHI,16,DAL,14,0
1985-10-20,1985,7,REG,PIT,23,ARI,10,0
1985-10-20,1985,7,REG,DEN,13,SEA,10,0
1985-10-20,1985,7,REG,ATL,31,NO,24,0
1985-10-20,1985,7,REG,DET,23,SF,21,0
1985-10-20,1985,7,REG,MIN,21,LAC,17,0
1985-10-20,1985,7,REG,BUF,21,IND,9,0
1985-10-20,1985,7,REG,MIA,41,TB,38,0
1985-10-21,1985,7,REG,CHI,23,GB,7,0
1985-10-27,1985,8,REG,NYJ,17,SEA,14,0
1985-10-27,1985,8,REG,DET,31,MIA,21,0
1985-10-27,1985,8,REG,LAR,14,SF,28,0
1985-10-27,1985,8,REG,TB,14,NE,32,0
1985-10-27,1985,8,REG,PHI,21,BUF,17,0
1985-10-27,1985,8,REG,NO,13,NYG,21,0
1985-10-27,1985,8,REG,KC,10,DEN,30,0
1985-10-27,1985,8,REG,DAL,24,ATL,10,0
1985-10-27,1985,8,REG,ARI,10,TEN,20,0
1985-10-27,1985,8,REG,IND,37,GB,10,0
1985-10-27,1985,8,REG,CLE,7,WSH,14,0
1985-10-27,1985,8,REG,CIN,26,PIT,21,0
1985-10-27,1985,8,REG,CHI,27,MIN,9,0
1985-10-28,1985,8,REG,OAK,34,LAC,21,0
1985-11-03,1985,9,REG,IND,17,NYJ,35,0
1985-11-03,1985,9,REG,BUF,17,CIN,23,0
1985-11-03,1985,9,REG,LAR,28,NO,10,0
1985-11-03,1985,9,REG,SF,24,PHI,13,0
1985-11-03,1985,9,REG,PIT,10,CLE,9,0
1985-11-03,1985,9,REG,SEA,33,OAK,3,0
1985-11-03,1985,9,REG,ATL,10,WSH,44,0
1985-11-03,1985,9,REG,MIN,16,DET,13,0
1985-11-03,1985,9,REG,GB,10,CHI,16,0
1985-11-03,1985,9,REG,LAC,30,DEN,10,0
1985-11-03,1985,9,REG,TEN,23,KC,20,0
1985-11-03,1985,9,REG,NYG,22,TB,20,0
1985-11-03,1985,9,REG,NE,17,MIA,13,0
1985-11-04,1985,9,REG,ARI,21,DAL,10,0
1985-11-10,1985,10,REG,TB,16,ARI,0,0
1985-11-10,1985,10,REG,PHI,23,ATL,17,0
1985-11-10,1985,10,REG,NE,34,IND,15,0
1985-11-10,1985,10,REG,NO,3,SEA,27,0
1985-11-10,1985,10,REG,MIN,17,GB,27,0
1985-11-10,1985,10,REG,MIA,21,NYJ,17,0
1985-11-10,1985,10,REG,CIN,27,CLE,10,0
1985-11-10,1985,10,REG,CHI,24,DET,3,0
1985-11-10,1985,10,REG,WSH,7,DAL,13,0
1985-11-10,1985,10,REG,NYG,24,LAR,19,0
1985-11-10,1985,10,REG,LAC,40,OAK,34,0
1985-11-10,1985,10,REG,BUF,20,TEN,0,0
1985-11-10,1985,10,REG,KC,28,PIT,36,0
1985-11-11,1985,10,REG,DEN,17,SF,16,0
1985-11-17,1985,11,REG,CLE,17,BUF,7,0
1985-11-17,1985,11,REG,DEN,30,LAC,24,0
1985-11-17,1985,11,REG,TEN,7,PIT,30,0
1985-11-17,1985,11,REG,OAK,13,CIN,6,0
1985-11-17,1985,11,REG,SEA,13,NE,20,0
1985-11-17,1985,11,REG,SF,31,KC,3,0
1985-11-17,1985,11,REG,ARI,14,PHI,24,0
1985-11-17,1985,11,REG,IND,20,MIA,34,0
1985-11-17,1985,11,REG,ATL,30,LAR,14,0
1985-11-17,1985,11,REG,NYJ,62,TB,28,0
1985-11-17,1985,11,REG,GB,38,NO,14,0
1985-11-17,1985,11,REG,DET,41,MIN,21,0
1985-11-17,1985,11,REG,DAL,0,CHI,44,0
1985-11-18,1985,11,REG,WSH,23,NYG,21,0
1985-11-24,1985,12,REG,NYJ,16,NE,13,0
1985-11-24,1985,12,REG,TEN,37,LAC,35,0
1985-11-24,1985,12,REG,TB,19,DET,16,0
1985-11-24,1985,12,REG,OAK,31,DEN,28,0
1985-11-24,1985,12,REG,PIT,23,WSH,30,0
1985-11-24,1985,12,REG,MIN,23,NO,30,0
1985-11-24,1985,12,REG,KC,20,IND,7,0
1985-11-24,1985,12,REG,DAL,34,PHI,17,0
1985-11-24,1985,12,REG,ARI,3,NYG,34,0
1985-11-24,1985,12,REG,CLE,24,CIN,6,0
1985-11-24,1985,12,REG,CHI,36,ATL,0,0
1985-11-24,1985,12,REG,BUF,14,MIA,23,0
1985-11-24,1985,12,REG,LAR,34,GB,17,0
1985-11-25,1985,12,REG,SF,19,SEA,6,0
1985-11-28,1985,12,REG,DAL,35,ARI,17,0
1985-11-28,1985,12,REG,DET,31,NYJ,20,0
1985-12-01,1985,13,REG,NYG,33,CLE,35,0
1985-12-01,1985,13,REG,GB,21,TB,0,0
1985-12-01,1985,13,REG,LAC,40,BUF,7,0
1985-12-01,1985,13,REG,NO,29,LAR,3,0
1985-12-01,1985,13,REG,IND,31,NE,38,0
1985-12-01,1985,13,REG,CIN,45,TEN,27,0
1985-12-01,1985,13,REG,ATL,24,OAK,34,0
1985-12-01,1985,13,REG,WSH,8,SF,35,0
1985-12-01,1985,13,REG,SEA,24,KC,6,0
1985-12-01,1985,13,REG,PIT,23,DEN,31,0
1985-12-01,1985,13,REG,PHI,23,MIN,28,0
1985-12-02,1985,13,REG,MIA,38,CHI,24,0
1985-12-08,1985,14,REG,LAC,54,PIT,44,0
1985-12-08,1985,14,REG,SEA,31,CLE,13,0
1985-12-08,1985,14,REG,CIN,50,DAL,24,0
1985-12-08,1985,14,REG,CHI,17,IND,10,0
1985-12-08,1985,14,REG,BUF,7,NYJ,27,0
1985-12-08,1985,14,REG,NE,23,DET,6,0
1985-12-08,1985,14,REG,MIN,26,TB,7,0
1985-12-08,1985,14,REG,KC,38,ATL,10,0
1985-12-08,1985,14,REG,GB,24,MIA,34,0
1985-12-08,1985,14,REG,DEN,14,OAK,17,0
1985-12-08,1985,14,REG,ARI,28,NO,16,0
1985-12-08,1985,14,REG,TEN,14,NYG,35,0
1985-12-08,1985,14,REG,PHI,12,WSH,17,0
1985-12-09,1985,14,REG,SF,20,LAR,27,0
1985-12-14,1985,14,REG,DEN,14,KC,13,0
1985-12-14,1985,14,REG,NYJ,6,CHI,19,0
1985-12-15,1985,15,REG,DAL,28,NYG,21,0
1985-12-15,1985,15,REG,WSH,27,CIN,24,0
1985-12-15,1985,15,REG,TB,23,IND,31,0
1985-12-15,1985,15,REG,OAK,13,SEA,3,0
1985-12-15,1985,15,REG,PIT,30,BUF,24,0
1985-12-15,1985,15,REG,NO,19,SF,31,0
1985-12-15,1985,15,REG,DET,23,GB,26,0
1985-12-15,1985,15,REG,CLE,28,TEN,21,0
1985-12-15,1985,15,REG,ATL,14,MIN,13,0
1985-12-15,1985,15,REG,LAR,46,ARI,14,0
1985-12-15,1985,15,REG,LAC,20,PHI,14,0
1985-12-16,1985,15,REG,MIA,30,NE,27,0
1985-12-20,1985,15,REG,SEA,24,DEN,27,0
1985-12-21,1985,15,REG,NYG,28,PIT,10,0
1985-12-21,1985,15,REG,ARI,16,WSH,27,0
1985-12-22,1985,16,REG,MIN,35,PHI,37,0
1985-12-22,1985,16,REG,MIA,28,BUF,0,0
1985-12-22,1985,16,REG,DET,17,CHI,37,0
1985-12-22,1985,16,REG,IND,34,TEN,16,0
1985-12-22,1985,16,REG,TB,17,GB,20,0
1985-12-22,1985,16,REG,SF,31,DAL,16,0
1985-12-22,1985,16,REG,NYJ,37,CLE,10,0
1985-12-22,1985,16,REG,NE,34,CIN,23,0
1985-12-22,1985,16,REG,KC,38,LAC,34,0
1985-12-22,1985,16,REG,NO,10,ATL,16,0
1985-12-23,1985,16,REG,LAR,6,OAK,16,0
1985-12-28,1985,,POST,NYJ,14,NE,26,0
1985-12-29,1985,,POST,NYG,17,SF,3,0
1986-01-04,1985,,POST,LAR,20,DAL,0,0
1986-01-04,1985,,POST,MIA,24,CLE,21,0
1986-01-05,1985,,POST,OAK,20,NE,27,0
1986-01-05,1985,,POST,CHI,21,NYG,0,0
1986-01-12,1985,,POST,MIA,14,NE,31,0
1986-01-12,1985,,POST,CHI,24,LAR,0,0
1986-01-26,1985,,POST,NE,10,CHI,46,1
1986-09-07,1986,1,REG,DEN,38,OAK,36,0
1986-09-07,1986,1,REG,CHI,41,CLE,31,0
1986-09-07,1986,1,REG,BUF,24,NYJ,28,0
1986-09-07,1986,1,REG,WSH,41,PHI,14,0
1986-09-07,1986,1,REG,TB,7,SF,31,0
1986-09-07,1986,1,REG,SEA,30,PIT,0,0
1986-09-07,1986,1,REG,NE,33,IND,3,0
1986-09-07,1986,1,REG,NO,10,ATL,31,0
1986-09-07,1986,1,REG,MIN,10,DET,13,0
1986-09-07,1986,1,REG,KC,24,CIN,14,0
1986-09-07,1986,1,REG,GB,3,TEN,31,0
1986-09-07,1986,1,REG,ARI,10,LAR,16,0
1986-09-07,1986,1,REG,LAC,50,MIA,28,0
1986-09-08,1986,1,REG,DAL,31,NYG,28,0
1986-09-11,1986,1,REG,NYJ,6,NE,20,0
1986-09-14,1986,2,REG,SEA,23,KC,17,0
1986-09-14,1986,2,REG,TB,10,MIN,23,0
1986-09-14,1986,2,REG,TEN,20,CLE,23,0
1986-09-14,1986,2,REG,NO,24,GB,10,0
1986-09-14,1986,2,REG,MIA,30,IND,10,0
1986-09-14,1986,2,REG,DET,7,DAL,31,0
1986-09-14,1986,2,REG,CIN,36,BUF,33,0
1986-09-14,1986,2,REG,CHI,13,PHI,10,0
1986-09-14,1986,2,REG,ATL,33,ARI,13,0
1986-09-14,1986,2,REG,LAR,16,SF,13,0
1986-09-14,1986,2,REG,WSH,10,OAK,6,0
1986-09-14,1986,2,REG,NYG,20,LAC,7,0
1986-09-15,1986,2,REG,PIT,10,DEN,21,0
1986-09-18,1986,2,REG,CLE,13,CIN,30,0
1986-09-21,1986,3,REG,MIN,31,PIT,7,0
1986-09-21,1986,3,REG,NE,31,SEA,38,0
1986-09-21,1986,3,REG,OAK,9,NYG,14,0
1986-09-21,1986,3,REG,PHI,7,DEN,33,0
1986-09-21,1986,3,REG,NYJ,51,MIA,45,0
1986-09-21,1986,3,REG,KC,27,TEN,13,0
1986-09-21,1986,3,REG,LAC,27,WSH,30,0
1986-09-21,1986,3,REG,BUF,17,ARI,10,0
1986-09-21,1986,3,REG,IND,7,LAR,24,0
1986-09-21,1986,3,REG,SF,26,NO,17,0
1986-09-21,1986,3,REG,DET,20,TB,24,0
1986-09-21,1986,3,REG,DAL,35,ATL,37,0
1986-09-22,1986,3,REG,GB,12,CHI,25,0
1986-09-28,1986,4,REG,MIA,16,SF,31,0
1986-09-28,1986,4,REG,NYG,20,NO,17,0
1986-09-28,1986,4,REG,WSH,19,SEA,14,0
1986-09-28,1986,4,REG,TB,20,ATL,23,0
1986-09-28,1986,4,REG,TEN,16,PIT,22,0
1986-09-28,1986,4,REG,BUF,17,KC,20,0
1986-09-28,1986,4,REG,PHI,34,LAR,20,0
1986-09-28,1986,4,REG,CIN,7,CHI,44,0
1986-09-28,1986,4,REG,CLE,24,DET,21,0
1986-09-28,1986,4,REG,OAK,17,LAC,13,0
1986-09-28,1986,4,REG,MIN,42,GB,7,0
1986-09-28,1986,4,REG,IND,7,NYJ,26,0
1986-09-28,1986,4,REG,DEN,27,NE,20,0
1986-09-29,1986,4,REG,ARI,7,DAL,31,0
1986-10-05,1986,5,REG,PIT,24,CLE,27,0
1986-10-05,1986,5,REG,SF,35,IND,14,0
1986-10-05,1986,5,REG,LAR,26,TB,20,0
1986-10-05,1986,5,REG,ATL,0,PHI,16,0
1986-10-05,1986,5,REG,CHI,23,MIN,0,0
1986-10-05,1986,5,REG,ARI,6,NYG,13,0
1986-10-05,1986,5,REG,DEN,29,DAL,14,0
1986-10-05,1986,5,REG,DET,24,TEN,13,0
1986-10-05,1986,5,REG,GB,28,CIN,34,0
1986-10-05,1986,5,REG,KC,17,OAK,24,0
1986-10-05,1986,5,REG,NYJ,14,BUF,13,0
1986-10-05,1986,5,REG,NE,34,MIA,7,0
1986-10-05,1986,5,REG,NO,6,WSH,14,0
1986-10-06,1986,5,REG,SEA,33,LAC,7,0
1986-10-12,1986,6,REG,DAL,30,WSH,6,0
1986-10-12,1986,6,REG,ATL,26,LAR,14,0
1986-10-12,1986,6,REG,IND,14,NO,17,0
1986-10-12,1986,6,REG,TEN,7,CHI,20,0
1986-10-12,1986,6,REG,OAK,14,SEA,10,0
1986-10-12,1986,6,REG,SF,24,MIN,27,0
1986-10-12,1986,6,REG,TB,19,ARI,30,0
1986-10-12,1986,6,REG,CLE,20,KC,7,0
1986-10-12,1986,6,REG,LAC,14,DEN,31,0
1986-10-12,1986,6,REG,NYG,35,PHI,3,0
1986-10-12,1986,6,REG,NE,24,NYJ,31,0
1986-10-12,1986,6,REG,GB,14,DET,21,0
1986-10-12,1986,6,REG,MIA,27,BUF,14,0
1986-10-13,1986,6,REG,CIN,24,PIT,22,0
1986-10-19,1986,7,REG,WSH,28,ARI,21,0
1986-10-19,1986,7,REG,ATL,10,SF,10,0
1986-10-19,1986,7,REG,BUF,24,IND,13,0
1986-10-19,1986,7,REG,CIN,31,TEN,28,0
1986-10-19,1986,7,REG,CLE,14,GB,17,0
1986-10-19,1986,7,REG,KC,42,LAC,41,0
1986-10-19,1986,7,REG,MIN,23,CHI,7,0
1986-10-19,1986,7,REG,MIA,28,OAK,30,0
1986-10-19,1986,7,REG,NO,38,TB,7,0
1986-10-19,1986,7,REG,PHI,14,DAL,17,0
1986-10-19,1986,7,REG,PIT,0,NE,34,0
1986-10-19,1986,7,REG,LAR,14,DET,10,0
1986-10-19,1986,7,REG,SEA,17,NYG,12,0
1986-10-20,1986,7,REG,NYJ,22,DEN,10,0
1986-10-26,1986,8,REG,KC,27,TB,20,0
1986-10-26,1986,8,REG,MIN,20,CLE,23,0
1986-10-26,1986,8,REG,NYJ,28,NO,23,0
1986-10-26,1986,8,REG,PIT,30,CIN,9,0
1986-10-26,1986,8,REG,PHI,23,LAC,7,0
1986-10-26,1986,8,REG,BUF,3,NE,23,0
1986-10-26,1986,8,REG,CHI,13,DET,7,0
1986-10-26,1986,8,REG,IND,13,MIA,17,0
1986-10-26,1986,8,REG,LAR,14,ATL,7,0
1986-10-26,1986,8,REG,DAL,37,ARI,6,0
1986-10-26,1986,8,REG,DEN,20,SEA,13,0
1986-10-26,1986,8,REG,GB,17,SF,31,0
1986-10-26,1986,8,REG,TEN,17,OAK,28,0
1986-10-27,1986,8,REG,NYG,27,WSH,20,0
1986-11-02,1986,9,REG,NE,25,ATL,17,0
1986-11-02,1986,9,REG,NYG,17,DAL,14,0
1986-11-02,1986,9,REG,PIT,27,GB,3,0
1986-11-02,1986,9,REG,LAC,23,KC,24,0
1986-11-02,1986,9,REG,IND,9,CLE,24,0
1986-11-02,1986,9,REG,OAK,10,DEN,21,0
1986-11-02,1986,9,REG,WSH,44,MIN,38,0
1986-11-02,1986,9,REG,SEA,7,NYJ,38,0
1986-11-02,1986,9,REG,TB,34,BUF,28,0
1986-11-02,1986,9,REG,ARI,13,PHI,10,0
1986-11-02,1986,9,REG,DET,17,CIN,24,0
1986-11-02,1986,9,REG,MIA,28,TEN,7,0
1986-11-02,1986,9,REG,NO,23,SF,10,0
1986-11-03,1986,9,REG,CHI,17,LAR,20,0
1986-11-09,1986,10,REG,DET,10,MIN,24,0
1986-11-09,1986,10,REG,PHI,14,NYG,17,0
1986-11-09,1986,10,REG,TEN,32,CIN,28,0
1986-11-09,1986,10,REG,KC,27,SEA,7,0
1986-11-09,1986,10,REG,GB,7,WSH,16,0
1986-11-09,1986,10,REG,ATL,14,NYJ,28,0
1986-11-09,1986,10,REG,TB,3,CHI,23,0
1986-11-09,1986,10,REG,DAL,13,OAK,17,0
1986-11-09,1986,10,REG,NO,6,LAR,0,0
1986-11-09,1986,10,REG,SF,43,ARI,17,0
1986-11-09,1986,10,REG,IND,21,NE,30,0
1986-11-09,1986,10,REG,DEN,3,LAC,9,0
1986-11-09,1986,10,REG,BUF,16,PIT,12,0
1986-11-10,1986,10,REG,CLE,26,MIA,16,0
1986-11-16,1986,11,REG,PIT,21,TEN,10,0
1986-11-16,1986,11,REG,CIN,34,SEA,7,0
1986-11-16,1986,11,REG,ARI,7,NO,16,0
1986-11-16,1986,11,REG,DEN,38,KC,17,0
1986-11-16,1986,11,REG,GB,31,TB,7,0
1986-11-16,1986,11,REG,MIN,20,NYG,22,0
1986-11-16,1986,11,REG,NYJ,31,IND,16,0
1986-11-16,1986,11,REG,PHI,11,DET,13,0
1986-11-16,1986,11,REG,OAK,27,CLE,14,0
1986-11-16,1986,11,REG,ATL,10,CHI,13,0
1986-11-16,1986,11,REG,BUF,24,MIA,34,0
1986-11-16,1986,11,REG,LAR,28,NE,30,0
1986-11-16,1986,11,REG,LAC,21,DAL,24,0
1986-11-17,1986,11,REG,WSH,14,SF,6,0
1986-11-20,1986,11,REG,LAC,31,OAK,37,0
1986-11-23,1986,12,REG,LAR,26,NO,13,0
1986-11-23,1986,12,REG,CIN,24,MIN,20,0
1986-11-23,1986,12,REG,CHI,12,GB,10,0
1986-11-23,1986,12,REG,WSH,41,DAL,14,0
1986-11-23,1986,12,REG,TB,17,DET,38,0
1986-11-23,1986,12,REG,CLE,37,PIT,31,0
1986-11-23,1986,12,REG,TEN,31,IND,17,0
1986-11-23,1986,12,REG,NE,22,BUF,19,0
1986-11-23,1986,12,REG,ARI,23,KC,14,0
1986-11-23,1986,12,REG,SF,20,ATL,0,0
1986-11-23,1986,12,REG,NYG,19,DEN,16,0
1986-11-23,1986,12,REG,SEA,24,PHI,20,0
1986-11-24,1986,12,REG,MIA,45,NYJ,3,0
1986-11-27,1986,12,REG,DET,40,GB,44,0
1986-11-27,1986,12,REG,DAL,14,SEA,31,0
1986-11-30,1986,13,REG,ARI,17,WSH,20,0
1986-11-30,1986,13,REG,DEN,34,CIN,28,0
1986-11-30,1986,13,REG,CLE,13,TEN,10,0
1986-11-30,1986,13,REG,CHI,13,PIT,10,0
1986-11-30,1986,13,REG,OAK,27,PHI,33,0
1986-11-30,1986,13,REG,IND,3,LAC,17,0
1986-11-30,1986,13,REG,KC,14,BUF,17,0
1986-11-30,1986,13,REG,MIA,14,ATL,20,0
1986-11-30,1986,13,REG,MIN,45,TB,13,0
1986-11-30,1986,13,REG,NO,20,NE,21,0
1986-11-30,1986,13,REG,NYJ,3,LAR,17,0
1986-12-01,1986,13,REG,SF,17,NYG,21,0
1986-12-07,1986,14,REG,PIT,27,DET,17,0
1986-12-07,1986,14,REG,SF,24,NYJ,10,0
1986-12-07,1986,14,REG,CHI,48,TB,14,0
1986-12-07,1986,14,REG,GB,6,MIN,32,0
1986-12-07,1986,14,REG,LAC,27,TEN,0,0
1986-12-07,1986,14,REG,NE,7,CIN,31,0
1986-12-07,1986,14,REG,KC,37,DEN,10,0
1986-12-07,1986,14,REG,WSH,14,NYG,24,0
1986-12-07,1986,14,REG,LAR,29,DAL,10,0
1986-12-07,1986,14,REG,BUF,17,CLE,21,0
1986-12-07,1986,14,REG,ATL,23,IND,28,0
1986-12-07,1986,14,REG,NO,27,MIA,31,0
1986-12-07,1986,14,REG,PHI,10,ARI,10,0
1986-12-08,1986,14,REG,SEA,37,OAK,0,0
1986-12-13,1986,14,REG,DEN,31,WSH,30,0
1986-12-13,1986,14,REG,NYJ,24,PIT,45,0
1986-12-14,1986,15,REG,CIN,3,CLE,34,0
1986-12-14,1986,15,REG,LAR,31,MIA,37,0
1986-12-14,1986,15,REG,OAK,17,KC,20,0
1986-12-14,1986,15,REG,TEN,23,MIN,10,0
1986-12-14,1986,15,REG,NYG,27,ARI,7,0
1986-12-14,1986,15,REG,ATL,9,NO,14,0
1986-12-14,1986,15,REG,NE,24,SF,29,0
1986-12-14,1986,15,REG,DAL,21,PHI,23,0
1986-12-14,1986,15,REG,IND,24,BUF,14,0
1986-12-14,1986,15,REG,TB,7,GB,21,0
1986-12-14,1986,15,REG,LAC,24,SEA,34,0
1986-12-15,1986,15,REG,DET,13,CHI,16,0
1986-12-19,1986,15,REG,SF,24,LAR,14,0
1986-12-20,1986,15,REG,NYG,55,GB,24,0
1986-12-20,1986,15,REG,SEA,41,DEN,16,0
1986-12-21,1986,16,REG,DAL,10,CHI,24,0
1986-12-21,1986,16,REG,CLE,47,LAC,17,0
1986-12-21,1986,16,REG,OAK,24,IND,30,0
1986-12-21,1986,16,REG,PIT,19,KC,24,0
1986-12-21,1986,16,REG,PHI,14,WSH,21,0
1986-12-21,1986,16,REG,TEN,16,BUF,7,0
1986-12-21,1986,16,REG,MIN,33,NO,17,0
1986-12-21,1986,16,REG,DET,6,ATL,20,0
1986-12-21,1986,16,REG,ARI,21,TB,17,0
1986-12-21,1986,16,REG,CIN,52,NYJ,21,0
1986-12-22,1986,16,REG,MIA,27,NE,34,0
1986-12-28,1986,,POST,WSH,19,LAR,7,0
1986-12-28,1986,,POST,NYJ,35,KC,15,0
1987-01-03,1986,,POST,CHI,13,WSH,27,0
1987-01-03,1986,,POST,CLE,23,NYJ,20,0
1987-01-04,1986,,POST,DEN,22,NE,17,0
1987-01-04,1986,,POST,NYG,49,SF,3,0
1987-01-11,1986,,POST,CLE,20,DEN,23,0
1987-01-11,1986,,POST,NYG,17,WSH,0,0
1987-01-25,1986,,POST,NYG,39,DEN,20,1
1987-09-13,1987,1,REG,NO,28,CLE,21,0
1987-09-13,1987,1,REG,MIN,34,DET,19,0
1987-09-13,1987,1,REG,DEN,40,SEA,17,0
1987-09-13,1987,1,REG,GB,0,OAK,20,0
1987-09-13,1987,1,REG,KC,20,LAC,13,0
1987-09-13,1987,1,REG,TEN,20,LAR,16,0
1987-09-13,1987,1,REG,ARI,24,DAL,13,0
1987-09-13,1987,1,REG,BUF,28,NYJ,31,0
1987-09-13,1987,1,REG,WSH,34,PHI,24,0
1987-09-13,1987,1,REG,TB,48,ATL,10,0
1987-09-13,1987,1,REG,IND,21,CIN,23,0
1987-09-13,1987,1,REG,PIT,30,SF,17,0
1987-09-13,1987,1,REG,NE,28,MIA,21,0
1987-09-14,1987,1,REG,CHI,34,NYG,19,0
1987-09-20,1987,2,REG,LAC,28,ARI,24,0
1987-09-20,1987,2,REG,SEA,43,KC,14,0
1987-09-20,1987,2,REG,OAK,27,DET,7,0
1987-09-20,1987,2,REG,PHI,27,NO,17,0
1987-09-20,1987,2,REG,NYG,14,DAL,16,0
1987-09-20,1987,2,REG,IND,10,MIA,23,0
1987-09-20,1987,2,REG,CLE,34,PIT,10,0
1987-09-20,1987,2,REG,CIN,26,SF,27,0
1987-09-20,1987,2,REG,CHI,20,TB,3,0
1987-09-20,1987,2,REG,BUF,34,TEN,30,0
1987-09-20,1987,2,REG,ATL,21,WSH,20,0
1987-09-20,1987,2,REG,GB,17,DEN,17,0
1987-09-20,1987,2,REG,LAR,16,MIN,21,0
1987-09-21,1987,2,REG,NYJ,43,NE,24,0
1987-10-04,1987,4,REG,SEA,24,MIA,20,0
1987-10-04,1987,4,REG,WSH,28,ARI,21,0
1987-10-04,1987,4,REG,MIN,16,GB,23,0
1987-10-04,1987,4,REG,NE,10,CLE,20,0
1987-10-04,1987,4,REG,DET,27,TB,31,0
1987-10-04,1987,4,REG,CIN,9,LAC,10,0
1987-10-04,1987,4,REG,NYJ,24,DAL,38,0
1987-10-04,1987,4,REG,NO,37,LAR,10,0
1987-10-04,1987,4,REG,PHI,3,CHI,35,0
1987-10-04,1987,4,REG,OAK,35,KC,17,0
1987-10-04,1987,4,REG,DEN,10,TEN,40,0
1987-10-04,1987,4,REG,ATL,12,PIT,28,0
1987-10-04,1987,4,REG,BUF,6,IND,47,0
1987-10-05,1987,4,REG,NYG,21,SF,41,0
1987-10-11,1987,5,REG,ATL,17,SF,25,0
1987-10-11,1987,5,REG,LAR,31,PIT,21,0
1987-10-11,1987,5,REG,TB,13,LAC,17,0
1987-10-11,1987,5,REG,CHI,27,MIN,7,0
1987-10-11,1987,5,REG,CLE,10,TEN,15,0
1987-10-11,1987,5,REG,IND,6,NYJ,0,0
1987-10-11,1987,5,REG,ARI,24,NO,19,0
1987-10-11,1987,5,REG,DAL,41,PHI,22,0
1987-10-11,1987,5,REG,GB,16,DET,19,0
1987-10-11,1987,5,REG,MIA,42,KC,0,0
1987-10-11,1987,5,REG,NE,14,BUF,7,0
1987-10-11,1987,5,REG,NYG,12,WSH,38,0
1987-10-11,1987,5,REG,SEA,10,CIN,17,0
1987-10-12,1987,5,REG,DEN,30,OAK,14,0
1987-10-18,1987,6,REG,PIT,21,IND,7,0
1987-10-18,1987,6,REG,TEN,7,NE,21,0
1987-10-18,1987,6,REG,CHI,17,NO,19,0
1987-10-18,1987,6,REG,CIN,0,CLE,34,0
1987-10-18,1987,6,REG,BUF,6,NYG,3,0
1987-10-18,1987,6,REG,ATL,24,LAR,20,0
1987-10-18,1987,6,REG,TB,20,MIN,10,0
1987-10-18,1987,6,REG,NYJ,37,MIA,31,0
1987-10-18,1987,6,REG,SF,34,ARI,28,0
1987-10-18,1987,6,REG,OAK,17,LAC,23,0
1987-10-18,1987,6,REG,DET,14,SEA,37,0
1987-10-18,1987,6,REG,GB,16,PHI,10,0
1987-10-18,1987,6,REG,KC,17,DEN,26,0
1987-10-19,1987,6,REG,DAL,7,WSH,13,0
1987-10-25,1987,7,REG,TEN,37,ATL,33,0
1987-10-25,1987,7,REG,NO,22,SF,24,0
1987-10-25,1987,7,REG,MIA,31,BUF,34,0
1987-10-25,1987,7,REG,DET,33,GB,34,0
1987-10-25,1987,7,REG,IND,30,NE,16,0
1987-10-25,1987,7,REG,LAC,42,KC,21,0
1987-10-25,1987,7,REG,WSH,17,NYJ,16,0
1987-10-25,1987,7,REG,NYG,30,ARI,7,0
1987-10-25,1987,7,REG,TB,26,CHI,27,0
1987-10-25,1987,7,REG,OAK,13,SEA,35,0
1987-10-25,1987,7,REG,PIT,23,CIN,20,0
1987-10-25,1987,7,REG,PHI,37,DAL,20,0
1987-10-26,1987,7,REG,MIN,34,DEN,27,0
1987-10-26,1987,7,REG,CLE,30,LAR,17,0
1987-11-01,1987,8,REG,NYJ,14,IND,19,0
1987-11-01,1987,8,REG,LAR,10,SF,31,0
1987-11-01,1987,8,REG,ATL,0,NO,38,0
1987-11-01,1987,8,REG,DEN,34,DET,0,0
1987-11-01,1987,8,REG,LAC,27,CLE,24,0
1987-11-01,1987,8,REG,GB,17,TB,23,0
1987-11-01,1987,8,REG,SEA,28,MIN,17,0
1987-11-01,1987,8,REG,CHI,31,KC,28,0
1987-11-01,1987,8,REG,MIA,35,PIT,24,0
1987-11-01,1987,8,REG,NE,26,OAK,23,0
1987-11-01,1987,8,REG,BUF,7,WSH,27,0
1987-11-01,1987,8,REG,CIN,29,TEN,31,0
1987-11-01,1987,8,REG,ARI,23,PHI,28,0
1987-11-02,1987,8,REG,DAL,33,NYG,24,0
1987-11-08,1987,9,REG,CLE,38,ATL,3,0
1987-11-08,1987,9,REG,SF,27,TEN,20,0
1987-11-08,1987,9,REG,ARI,31,TB,28,0
1987-11-08,1987,9,REG,GB,24,CHI,26,0
1987-11-08,1987,9,REG,KC,16,PIT,17,0
1987-11-08,1987,9,REG,MIN,31,OAK,20,0
1987-11-08,1987,9,REG,LAR,14,NO,31,0
1987-11-08,1987,9,REG,DET,27,DAL,17,0
1987-11-08,1987,9,REG,NYG,17,NE,10,0
1987-11-08,1987,9,REG,IND,13,LAC,16,0
1987-11-08,1987,9,REG,PHI,31,WSH,27,0
1987-11-08,1987,9,REG,BUF,21,DEN,14,0
1987-11-08,1987,9,REG,CIN,14,MIA,20,0
1987-11-09,1987,9,REG,NYJ,30,SEA,14,0
1987-11-15,1987,10,REG,SEA,24,GB,13,0
1987-11-15,1987,10,REG,ATL,10,CIN,16,0
1987-11-15,1987,10,REG,NE,17,DAL,23,0
1987-11-15,1987,10,REG,SF,24,NO,26,0
1987-11-15,1987,10,REG,MIN,23,TB,17,0
1987-11-15,1987,10,REG,KC,9,NYJ,16,0
1987-11-15,1987,10,REG,CLE,27,BUF,21,0
1987-11-15,1987,10,REG,MIA,21,IND,40,0
1987-11-15,1987,10,REG,PHI,17,NYG,20,0
1987-11-15,1987,10,REG,PIT,3,TEN,23,0
1987-11-15,1987,10,REG,WSH,20,DET,13,0
1987-11-15,1987,10,REG,ARI,24,LAR,27,0
1987-11-15,1987,10,REG,LAC,16,OAK,14,0
1987-11-16,1987,10,REG,DEN,31,CHI,29,0
1987-11-22,1987,11,REG,NYJ,14,BUF,17,0
1987-11-22,1987,11,REG,CHI,30,DET,10,0
1987-11-22,1987,11,REG,CIN,16,PIT,30,0
1987-11-22,1987,11,REG,DAL,14,MIA,20,0
1987-11-22,1987,11,REG,KC,3,GB,23,0
1987-11-22,1987,11,REG,MIN,24,ATL,13,0
1987-11-22,1987,11,REG,NO,23,NYG,14,0
1987-11-22,1987,11,REG,NE,24,IND,0,0
1987-11-22,1987,11,REG,TEN,7,CLE,40,0
1987-11-22,1987,11,REG,PHI,19,ARI,31,0
1987-11-22,1987,11,REG,OAK,17,DEN,23,0
1987-11-22,1987,11,REG,TB,10,SF,24,0
1987-11-22,1987,11,REG,SEA,34,LAC,3,0
1987-11-23,1987,11,REG,WSH,26,LAR,30,0
1987-11-26,1987,11,REG,DET,20,KC,27,0
1987-11-26,1987,11,REG,DAL,38,MIN,44,0
1987-11-29,1987,12,REG,CHI,23,GB,10,0
1987-11-29,1987,12,REG,BUF,27,MIA,0,0
1987-11-29,1987,12,REG,ATL,21,ARI,34,0
1987-11-29,1987,12,REG,WSH,23,NYG,19,0
1987-11-29,1987,12,REG,LAC,17,DEN,31,0
1987-11-29,1987,12,REG,NYJ,27,CIN,20,0
1987-11-29,1987,12,REG,IND,51,TEN,27,0
1987-11-29,1987,12,REG,LAR,35,TB,3,0
1987-11-29,1987,12,REG,NE,31,PHI,34,0
1987-11-29,1987,12,REG,SF,38,CLE,24,0
1987-11-29,1987,12,REG,PIT,16,NO,20,0
1987-11-30,1987,12,REG,SEA,14,OAK,37,0
1987-12-06,1987,13,REG,DET,16,LAR,37,0
1987-12-06,1987,13,REG,TEN,33,LAC,18,0
1987-12-06,1987,13,REG,CIN,30,KC,27,0
1987-12-06,1987,13,REG,ARI,17,WSH,34,0
1987-12-06,1987,13,REG,DAL,10,ATL,21,0
1987-12-06,1987,13,REG,DEN,31,NE,20,0
1987-12-06,1987,13,REG,GB,12,SF,23,0
1987-12-06,1987,13,REG,MIN,24,CHI,30,0
1987-12-06,1987,13,REG,NO,44,TB,34,0
1987-12-06,1987,13,REG,NYG,23,PHI,20,0
1987-12-06,1987,13,REG,PIT,13,SEA,9,0
1987-12-06,1987,13,REG,CLE,7,IND,9,0
1987-12-06,1987,13,REG,OAK,34,BUF,21,0
1987-12-07,1987,13,REG,MIA,37,NYJ,28,0
1987-12-13,1987,14,REG,IND,3,BUF,27,0
1987-12-13,1987,14,REG,KC,16,OAK,10,0
1987-12-13,1987,14,REG,NE,42,NYJ,20,0
1987-12-13,1987,14,REG,NO,24,TEN,10,0
1987-12-13,1987,14,REG,LAC,16,PIT,20,0
1987-12-13,1987,14,REG,WSH,24,DAL,20,0
1987-12-13,1987,14,REG,ARI,27,NYG,24,0
1987-12-13,1987,14,REG,LAR,33,ATL,0,0
1987-12-13,1987,14,REG,GB,16,MIN,10,0
1987-12-13,1987,14,REG,TB,10,DET,20,0
1987-12-13,1987,14,REG,CLE,38,CIN,24,0
1987-12-13,1987,14,REG,SEA,28,DEN,21,0
1987-12-13,1987,14,REG,PHI,10,MIA,28,0
1987-12-14,1987,14,REG,SF,41,CHI,0,0
1987-12-19,1987,14,REG,DEN,20,KC,17,0
1987-12-19,1987,14,REG,NYG,20,GB,10,0
1987-12-20,1987,15,REG,TEN,24,PIT,16,0
1987-12-20,1987,15,REG,MIA,23,WSH,21,0
1987-12-20,1987,15,REG,DET,14,MIN,17,0
1987-12-20,1987,15,REG,CIN,24,NO,41,0
1987-12-20,1987,15,REG,CHI,21,SEA,34,0
1987-12-20,1987,15,REG,BUF,7,NE,13,0
1987-12-20,1987,15,REG,LAC,7,IND,20,0
1987-12-20,1987,15,REG,TB,14,ARI,31,0
1987-12-20,1987,15,REG,SF,35,ATL,7,0
1987-12-20,1987,15,REG,OAK,17,CLE,24,0
1987-12-20,1987,15,REG,NYJ,27,PHI,38,0
1987-12-21,1987,15,REG,LAR,21,DAL,29,0
1987-12-26,1987,15,REG,MIN,24,WSH,27,0
1987-12-26,1987,15,REG,PIT,13,CLE,19,0
1987-12-27,1987,16,REG,DAL,21,ARI,16,0
1987-12-27,1987,16,REG,DEN,24,LAC,0,0
1987-12-27,1987,16,REG,SF,48,LAR,0,0
1987-12-27,1987,16,REG,KC,41,SEA,20,0
1987-12-27,1987,16,REG,NYG,20,NYJ,7,0
1987-12-27,1987,16,REG,ATL,13,DET,30,0
1987-12-27,1987,16,REG,IND,24,TB,6,0
1987-12-27,1987,16,REG,NO,33,GB,24,0
1987-12-27,1987,16,REG,OAK,3,CHI,6,0
1987-12-27,1987,16,REG,PHI,17,BUF,7,0
1987-12-27,1987,16,REG,TEN,21,CIN,17,0
1987-12-28,1987,16,REG,MIA,10,NE,24,0
1988-01-03,1987,,POST,NO,10,MIN,44,0
1988-01-03,1987,,POST,TEN,23,SEA,20,0
1988-01-09,1987,,POST,CLE,38,IND,21,0
1988-01-09,1987,,POST,SF,24,MIN,36,0
1988-01-10,1987,,POST,CHI,17,WSH,21,0
1988-01-10,1987,,POST,DEN,34,TEN,10,0
1988-01-17,1987,,POST,DEN,38,CLE,33,0
1988-01-17,1987,,POST,WSH,17,MIN,10,0
1988-01-31,1987,,POST,WSH,42,DEN,10,1
1988-09-04,1988,1,REG,CHI,34,MIA,7,0
1988-09-04,1988,1,REG,IND,14,TEN,17,0
1988-09-04,1988,1,REG,OAK,24,LAC,13,0
1988-09-04,1988,1,REG,GB,7,LAR,34,0
1988-09-04,1988,1,REG,BUF,13,MIN,10,0
1988-09-04,1988,1,REG,TB,14,PHI,41,0
1988-09-04,1988,1,REG,PIT,24,DAL,21,0
1988-09-04,1988,1,REG,NE,28,NYJ,3,0
1988-09-04,1988,1,REG,NO,33,SF,34,0
1988-09-04,1988,1,REG,KC,3,CLE,6,0
1988-09-04,1988,1,REG,DET,31,ATL,17,0
1988-09-04,1988,1,REG,DEN,14,SEA,21,0
1988-09-04,1988,1,REG,CIN,21,ARI,14,0
1988-09-05,1988,1,REG,NYG,27,WSH,20,0
1988-09-11,1988,2,REG,ATL,21,NO,29,0
1988-09-11,1988,2,REG,NYG,17,SF,20,0
1988-09-11,1988,2,REG,DEN,34,LAC,3,0
1988-09-11,1988,2,REG,BUF,9,MIA,6,0
1988-09-11,1988,2,REG,CLE,3,NYJ,23,0
1988-09-11,1988,2,REG,IND,13,CHI,17,0
1988-09-11,1988,2,REG,GB,10,TB,13,0
1988-09-11,1988,2,REG,MIN,36,NE,6,0
1988-09-11,1988,2,REG,TEN,38,OAK,35,0
1988-09-11,1988,2,REG,PHI,24,CIN,28,0
1988-09-11,1988,2,REG,SEA,31,KC,10,0
1988-09-11,1988,2,REG,WSH,30,PIT,29,0
1988-09-11,1988,2,REG,LAR,17,DET,10,0
1988-09-12,1988,2,REG,ARI,14,DAL,17,0
1988-09-18,1988,3,REG,TB,24,ARI,30,0
1988-09-18,1988,3,REG,OAK,17,LAR,22,0
1988-09-18,1988,3,REG,WSH,17,PHI,10,0
1988-09-18,1988,3,REG,NYJ,45,TEN,3,0
1988-09-18,1988,3,REG,NE,14,BUF,16,0
1988-09-18,1988,3,REG,MIA,24,GB,17,0
1988-09-18,1988,3,REG,LAC,17,SEA,6,0
1988-09-18,1988,3,REG,DET,14,NO,22,0
1988-09-18,1988,3,REG,DAL,10,NYG,12,0
1988-09-18,1988,3,REG,SF,17,ATL,34,0
1988-09-18,1988,3,REG,PIT,12,CIN,17,0
1988-09-18,1988,3,REG,CHI,7,MIN,31,0
1988-09-18,1988,3,REG,KC,20,DEN,13,0
1988-09-19,1988,3,REG,CLE,23,IND,17,0
1988-09-25,1988,4,REG,NO,13,TB,9,0
1988-09-25,1988,4,REG,NYG,31,LAR,45,0
1988-09-25,1988,4,REG,SEA,7,SF,38,0
1988-09-25,1988,4,REG,TEN,31,NE,6,0
1988-09-25,1988,4,REG,MIN,23,PHI,21,0
1988-09-25,1988,4,REG,GB,6,CHI,24,0
1988-09-25,1988,4,REG,DET,10,NYJ,17,0
1988-09-25,1988,4,REG,DAL,26,ATL,20,0
1988-09-25,1988,4,REG,ARI,30,WSH,21,0
1988-09-25,1988,4,REG,IND,15,MIA,13,0
1988-09-25,1988,4,REG,CIN,24,CLE,17,0
1988-09-25,1988,4,REG,BUF,36,PIT,28,0
1988-09-25,1988,4,REG,KC,23,LAC,24,0
1988-09-26,1988,4,REG,DEN,27,OAK,30,0
1988-10-02,1988,5,REG,LAR,27,ARI,41,0
1988-10-02,1988,5,REG,SF,20,DET,13,0
1988-10-02,1988,5,REG,OAK,21,CIN,45,0
1988-10-02,1988,5,REG,WSH,23,NYG,24,0
1988-10-02,1988,5,REG,PIT,9,CLE,23,0
1988-10-02,1988,5,REG,NE,21,IND,17,0
1988-10-02,1988,5,REG,MIA,24,MIN,7,0
1988-10-02,1988,5,REG,ATL,20,SEA,31,0
1988-10-02,1988,5,REG,TB,27,GB,24,0
1988-10-02,1988,5,REG,LAC,0,DEN,12,0
1988-10-02,1988,5,REG,CHI,24,BUF,3,0
1988-10-02,1988,5,REG,PHI,32,TEN,23,0
1988-10-02,1988,5,REG,NYJ,17,KC,17,0
1988-10-03,1988,5,REG,NO,20,DAL,17,0
1988-10-09,1988,6,REG,ARI,31,PIT,14,0
1988-10-09,1988,6,REG,SF,13,DEN,16,0
1988-10-09,1988,6,REG,OAK,14,MIA,24,0
1988-10-09,1988,6,REG,TEN,7,KC,6,0
1988-10-09,1988,6,REG,MIN,14,TB,13,0
1988-10-09,1988,6,REG,GB,45,NE,3,0
1988-10-09,1988,6,REG,DET,7,CHI,24,0
1988-10-09,1988,6,REG,DAL,17,WSH,35,0
1988-10-09,1988,6,REG,CLE,10,SEA,16,0
1988-10-09,1988,6,REG,CIN,36,NYJ,19,0
1988-10-09,1988,6,REG,BUF,34,IND,23,0
1988-10-09,1988,6,REG,ATL,0,LAR,33,0
1988-10-09,1988,6,REG,LAC,17,NO,23,0
1988-10-10,1988,6,REG,PHI,24,NYG,13,0
1988-10-16,1988,7,REG,SEA,19,NO,20,0
1988-10-16,1988,7,REG,LAR,21,SF,24,0
1988-10-16,1988,7,REG,CHI,17,DAL,7,0
1988-10-16,1988,7,REG,PIT,14,TEN,34,0
1988-10-16,1988,7,REG,NE,27,CIN,21,0
1988-10-16,1988,7,REG,NYG,30,DET,10,0
1988-10-16,1988,7,REG,MIA,31,LAC,28,0
1988-10-16,1988,7,REG,MIN,14,GB,34,0
1988-10-16,1988,7,REG,KC,17,OAK,27,0
1988-10-16,1988,7,REG,DEN,30,ATL,14,0
1988-10-16,1988,7,REG,IND,35,TB,31,0
1988-10-16,1988,7,REG,WSH,33,ARI,17,0
1988-10-16,1988,7,REG,CLE,19,PHI,3,0
1988-10-17,1988,7,REG,NYJ,14,BUF,37,0
1988-10-23,1988,8,REG,LAR,31,SEA,10,0
1988-10-23,1988,8,REG,ATL,16,NYG,23,0
1988-10-23,1988,8,REG,GB,17,WSH,20,0
1988-10-23,1988,8,REG,KC,6,DET,7,0
1988-10-23,1988,8,REG,BUF,23,NE,20,0
1988-10-23,1988,8,REG,MIA,30,NYJ,44,0
1988-10-23,1988,8,REG,NO,20,OAK,6,0
1988-10-23,1988,8,REG,PHI,24,DAL,23,0
1988-10-23,1988,8,REG,PIT,39,DEN,21,0
1988-10-23,1988,8,REG,LAC,0,IND,16,0
1988-10-23,1988,8,REG,ARI,21,CLE,29,0
1988-10-23,1988,8,REG,TB,20,MIN,49,0
1988-10-23,1988,8,REG,CIN,44,TEN,21,0
1988-10-24,1988,8,REG,CHI,10,SF,9,0
1988-10-30,1988,9,REG,TEN,41,WSH,17,0
1988-10-30,1988,9,REG,NYJ,24,PIT,20,0
1988-10-30,1988,9,REG,NE,30,CHI,7,0
1988-10-30,1988,9,REG,CLE,23,CIN,16,0
1988-10-30,1988,9,REG,DET,10,NYG,13,0
1988-10-30,1988,9,REG,NO,10,LAR,12,0
1988-10-30,1988,9,REG,SEA,17,LAC,14,0
1988-10-30,1988,9,REG,PHI,24,ATL,27,0
1988-10-30,1988,9,REG,DAL,10,ARI,16,0
1988-10-30,1988,9,REG,SF,24,MIN,21,0
1988-10-30,1988,9,REG,TB,14,MIA,17,0
1988-10-30,1988,9,REG,OAK,17,KC,10,0
1988-10-30,1988,9,REG,BUF,28,GB,0,0
1988-10-31,1988,9,REG,IND,55,DEN,23,0
1988-11-06,1988,10,REG,DEN,17,KC,11,0
1988-11-06,1988,10,REG,MIN,44,DET,17,0
1988-11-06,1988,10,REG,NE,21,MIA,10,0
1988-11-06,1988,10,REG,NYG,29,DAL,21,0
1988-11-06,1988,10,REG,SEA,3,BUF,13,0
1988-11-06,1988,10,REG,PHI,30,LAR,24,0
1988-11-06,1988,10,REG,LAC,3,OAK,13,0
1988-11-06,1988,10,REG,ATL,20,GB,0,0
1988-11-06,1988,10,REG,CHI,28,TB,10,0
1988-11-06,1988,10,REG,WSH,27,NO,24,0
1988-11-06,1988,10,REG,CIN,42,PIT,7,0
1988-11-06,1988,10,REG,IND,38,NYJ,14,0
1988-11-06,1988,10,REG,ARI,24,SF,23,0
1988-11-07,1988,10,REG,TEN,24,CLE,17,0
1988-11-13,1988,11,REG,WSH,14,CHI,34,0
1988-11-13,1988,11,REG,ARI,24,NYG,17,0
1988-11-13,1988,11,REG,ATL,7,LAC,10,0
1988-11-13,1988,11,REG,SF,3,OAK,9,0
1988-11-13,1988,11,REG,SEA,27,TEN,24,0
1988-11-13,1988,11,REG,PIT,26,PHI,27,0
1988-11-13,1988,11,REG,NYJ,13,NE,14,0
1988-11-13,1988,11,REG,KC,31,CIN,28,0
1988-11-13,1988,11,REG,GB,13,IND,20,0
1988-11-13,1988,11,REG,DET,20,TB,23,0
1988-11-13,1988,11,REG,DAL,3,MIN,43,0
1988-11-13,1988,11,REG,LAR,10,NO,14,0
1988-11-13,1988,11,REG,DEN,30,CLE,7,0
1988-11-14,1988,11,REG,MIA,6,BUF,31,0
1988-11-20,1988,12,REG,LAR,24,LAC,38,0
1988-11-20,1988,12,REG,BUF,9,NYJ,6,0
1988-11-20,1988,12,REG,CLE,27,PIT,7,0
1988-11-20,1988,12,REG,DAL,24,CIN,38,0
1988-11-20,1988,12,REG,GB,9,DET,19,0
1988-11-20,1988,12,REG,KC,27,SEA,24,0
1988-11-20,1988,12,REG,MIN,12,IND,3,0
1988-11-20,1988,12,REG,NO,42,DEN,0,0
1988-11-20,1988,12,REG,NYG,17,PHI,23,0
1988-11-20,1988,12,REG,TEN,38,ARI,20,0
1988-11-20,1988,12,REG,OAK,6,ATL,12,0
1988-11-20,1988,12,REG,MIA,3,NE,6,0
1988-11-20,1988,12,REG,TB,15,CHI,27,0
1988-11-21,1988,12,REG,SF,37,WSH,21,0
1988-11-24,1988,12,REG,DET,0,MIN,23,0
1988-11-24,1988,12,REG,DAL,17,TEN,25,0
1988-11-27,1988,13,REG,WSH,13,CLE,17,0
1988-11-27,1988,13,REG,PIT,16,KC,10,0
1988-11-27,1988,13,REG,PHI,31,ARI,21,0
1988-11-27,1988,13,REG,NYJ,38,MIA,34,0
1988-11-27,1988,13,REG,NO,12,NYG,13,0
1988-11-27,1988,13,REG,IND,24,NE,21,0
1988-11-27,1988,13,REG,ATL,17,TB,10,0
1988-11-27,1988,13,REG,CIN,35,BUF,21,0
1988-11-27,1988,13,REG,CHI,16,GB,0,0
1988-11-27,1988,13,REG,LAC,10,SF,48,0
1988-11-27,1988,13,REG,DEN,35,LAR,24,0
1988-11-28,1988,13,REG,SEA,35,OAK,27,0
1988-12-04,1988,14,REG,NYG,44,ARI,7,0
1988-12-04,1988,14,REG,ATL,3,SF,13,0
1988-12-04,1988,14,REG,CLE,24,DAL,21,0
1988-12-04,1988,14,REG,DET,30,GB,14,0
1988-12-04,1988,14,REG,KC,38,NYJ,34,0
1988-12-04,1988,14,REG,MIA,28,IND,31,0
1988-12-04,1988,14,REG,MIN,45,NO,3,0
1988-12-04,1988,14,REG,NE,13,SEA,7,0
1988-12-04,1988,14,REG,TEN,34,PIT,37,0
1988-12-04,1988,14,REG,PHI,19,WSH,20,0
1988-12-04,1988,14,REG,OAK,21,DEN,20,0
1988-12-04,1988,14,REG,TB,10,BUF,5,0
1988-12-04,1988,14,REG,CIN,27,LAC,10,0
1988-12-05,1988,14,REG,LAR,23,CHI,3,0
1988-12-10,1988,14,REG,ARI,17,PHI,23,0
1988-12-10,1988,14,REG,NYJ,34,IND,16,0
1988-12-11,1988,15,REG,SF,30,NO,17,0
1988-12-11,1988,15,REG,WSH,17,DAL,24,0
1988-12-11,1988,15,REG,NYG,28,KC,12,0
1988-12-11,1988,15,REG,TEN,41,CIN,6,0
1988-12-11,1988,15,REG,SEA,42,DEN,14,0
1988-12-11,1988,15,REG,CHI,13,DET,12,0
1988-12-11,1988,15,REG,GB,18,MIN,6,0
1988-12-11,1988,15,REG,NE,10,TB,7,0
1988-12-11,1988,15,REG,LAR,22,ATL,7,0
1988-12-11,1988,15,REG,LAC,20,PIT,14,0
1988-12-11,1988,15,REG,BUF,37,OAK,21,0
1988-12-12,1988,15,REG,MIA,38,CLE,31,0
1988-12-17,1988,15,REG,CIN,20,WSH,17,0
1988-12-17,1988,15,REG,DEN,21,NE,10,0
1988-12-18,1988,16,REG,SF,16,LAR,38,0
1988-12-18,1988,16,REG,PIT,40,MIA,24,0
1988-12-18,1988,16,REG,NYJ,27,NYG,21,0
1988-12-18,1988,16,REG,NO,10,ATL,9,0
1988-12-18,1988,16,REG,DAL,7,PHI,23,0
1988-12-18,1988,16,REG,ARI,17,GB,26,0
1988-12-18,1988,16,REG,IND,17,BUF,14,0
1988-12-18,1988,16,REG,CLE,28,TEN,23,0
1988-12-18,1988,16,REG,TB,21,DET,10,0
1988-12-18,1988,16,REG,OAK,37,SEA,43,0
1988-12-18,1988,16,REG,LAC,24,KC,13,0
1988-12-19,1988,16,REG,MIN,28,CHI,27,0
1988-12-24,1988,,POST,CLE,23,TEN,24,0
1988-12-26,1988,,POST,MIN,28,LAR,17,0
1988-12-31,1988,,POST,CHI,20,PHI,12,0
1988-12-31,1988,,POST,CIN,21,SEA,13,0
1989-01-01,1988,,POST,SF,34,MIN,9,0
1989-01-01,1988,,POST,BUF,17,TEN,10,0
1989-01-08,1988,,POST,CHI,3,SF,28,0
1989-01-08,1988,,POST,CIN,21,BUF,10,0
1989-01-22,1988,,POST,SF,20,CIN,16,1
1989-09-10,1989,1,REG,NO,28,DAL,0,0
1989-09-10,1989,1,REG,CHI,17,CIN,14,0
1989-09-10,1989,1,REG,IND,24,SF,30,0
1989-09-10,1989,1,REG,DEN,34,KC,20,0
1989-09-10,1989,1,REG,ATL,21,LAR,31,0
1989-09-10,1989,1,REG,OAK,40,LAC,14,0
1989-09-10,1989,1,REG,DET,13,ARI,16,0
1989-09-10,1989,1,REG,GB,21,TB,23,0
1989-09-10,1989,1,REG,MIA,24,BUF,27,0
1989-09-10,1989,1,REG,MIN,38,TEN,7,0
1989-09-10,1989,1,REG,NYJ,24,NE,27,0
1989-09-10,1989,1,REG,PIT,0,CLE,51,0
1989-09-10,1989,1,REG,PHI,31,SEA,7,0
1989-09-11,1989,1,REG,WSH,24,NYG,27,0
1989-09-17,1989,2,REG,LAR,31,IND,17,0
1989-09-17,1989,2,REG,SEA,24,ARI,34,0
1989-09-17,1989,2,REG,WSH,37,PHI,42,0
1989-09-17,1989,2,REG,TB,16,SF,20,0
1989-09-17,1989,2,REG,NYG,24,DET,14,0
1989-09-17,1989,2,REG,NE,10,MIA,24,0
1989-09-17,1989,2,REG,ATL,27,DAL,21,0
1989-09-17,1989,2,REG,KC,24,OAK,19,0
1989-09-17,1989,2,REG,GB,35,NO,34,0
1989-09-17,1989,2,REG,CLE,38,NYJ,24,0
1989-09-17,1989,2,REG,CIN,41,PIT,10,0
1989-09-17,1989,2,REG,CHI,38,MIN,7,0
1989-09-17,1989,2,REG,LAC,27,TEN,34,0
1989-09-18,1989,2,REG,BUF,14,DEN,28,0
1989-09-24,1989,3,REG,TEN,41,BUF,47,0
1989-09-24,1989,3,REG,DAL,7,WSH,30,0
1989-09-24,1989,3,REG,LAR,41,GB,38,0
1989-09-24,1989,3,REG,TB,20,NO,10,0
1989-09-24,1989,3,REG,PIT,27,MIN,14,0
1989-09-24,1989,3,REG,DEN,31,OAK,21,0
1989-09-24,1989,3,REG,LAC,21,KC,6,0
1989-09-24,1989,3,REG,NYG,35,ARI,7,0
1989-09-24,1989,3,REG,NE,3,SEA,24,0
1989-09-24,1989,3,REG,MIA,33,NYJ,40,0
1989-09-24,1989,3,REG,DET,27,CHI,47,0
1989-09-24,1989,3,REG,PHI,28,SF,38,0
1989-09-24,1989,3,REG,IND,13,ATL,9,0
1989-09-25,1989,3,REG,CIN,21,CLE,14,0
1989-10-01,1989,4,REG,BUF,31,NE,10,0
1989-10-01,1989,4,REG,DAL,13,NYG,30,0
1989-10-01,1989,4,REG,GB,23,ATL,21,0
1989-10-01,1989,4,REG,KC,17,CIN,21,0
1989-10-01,1989,4,REG,MIN,17,TB,3,0
1989-10-01,1989,4,REG,NO,14,WSH,16,0
1989-10-01,1989,4,REG,NYJ,10,IND,17,0
1989-10-01,1989,4,REG,ARI,13,LAC,24,0
1989-10-01,1989,4,REG,TEN,39,MIA,7,0
1989-10-01,1989,4,REG,OAK,20,SEA,24,0
1989-10-01,1989,4,REG,SF,12,LAR,13,0
1989-10-01,1989,4,REG,CLE,16,DEN,13,0
1989-10-01,1989,4,REG,DET,3,PIT,23,0
1989-10-02,1989,4,REG,CHI,27,PHI,13,0
1989-10-08,1989,5,REG,NE,23,TEN,13,0
1989-10-08,1989,5,REG,LAR,26,ATL,14,0
1989-10-08,1989,5,REG,IND,37,BUF,14,0
1989-10-08,1989,5,REG,GB,31,DAL,13,0
1989-10-08,1989,5,REG,MIA,13,CLE,10,0
1989-10-08,1989,5,REG,MIN,24,DET,17,0
1989-10-08,1989,5,REG,NO,20,SF,24,0
1989-10-08,1989,5,REG,PIT,16,CIN,26,0
1989-10-08,1989,5,REG,SEA,16,KC,20,0
1989-10-08,1989,5,REG,TB,42,CHI,35,0
1989-10-08,1989,5,REG,WSH,30,ARI,28,0
1989-10-08,1989,5,REG,DEN,16,LAC,10,0
1989-10-08,1989,5,REG,PHI,21,NYG,19,0
1989-10-09,1989,5,REG,NYJ,7,OAK,14,0
1989-10-15,1989,6,REG,LAC,16,SEA,17,0
1989-10-15,1989,6,REG,TB,16,DET,17,0
1989-10-15,1989,6,REG,OAK,20,KC,14,0
1989-10-15,1989,6,REG,NYG,20,WSH,17,0
1989-10-15,1989,6,REG,NO,29,NYJ,14,0
1989-10-15,1989,6,REG,MIN,26,GB,14,0
1989-10-15,1989,6,REG,DEN,14,IND,3,0
1989-10-15,1989,6,REG,DAL,14,SF,31,0
1989-10-15,1989,6,REG,ARI,5,PHI,17,0
1989-10-15,1989,6,REG,CLE,7,PIT,17,0
1989-10-15,1989,6,REG,CIN,13,MIA,20,0
1989-10-15,1989,6,REG,CHI,28,TEN,33,0
1989-10-15,1989,6,REG,ATL,16,NE,15,0
1989-10-16,1989,6,REG,BUF,23,LAR,20,0
1989-10-22,1989,7,REG,ARI,34,ATL,20,0
1989-10-22,1989,7,REG,CIN,12,IND,23,0
1989-10-22,1989,7,REG,BUF,34,NYJ,3,0
1989-10-22,1989,7,REG,LAR,21,NO,40,0
1989-10-22,1989,7,REG,WSH,32,TB,28,0
1989-10-22,1989,7,REG,SF,37,NE,20,0
1989-10-22,1989,7,REG,SEA,21,DEN,24,0
1989-10-22,1989,7,REG,PHI,10,OAK,7,0
1989-10-22,1989,7,REG,TEN,27,PIT,0,0
1989-10-22,1989,7,REG,LAC,13,NYG,20,0
1989-10-22,1989,7,REG,MIA,23,GB,20,0
1989-10-22,1989,7,REG,KC,36,DAL,28,0
1989-10-22,1989,7,REG,DET,7,MIN,20,0
1989-10-23,1989,7,REG,CLE,27,CHI,7,0
1989-10-29,1989,8,REG,IND,20,NE,23,0
1989-10-29,1989,8,REG,DAL,10,ARI,19,0
1989-10-29,1989,8,REG,DEN,24,PHI,28,0
1989-10-29,1989,8,REG,GB,23,DET,20,0
1989-10-29,1989,8,REG,NYJ,10,SF,23,0
1989-10-29,1989,8,REG,BUF,31,MIA,17,0
1989-10-29,1989,8,REG,PIT,23,KC,17,0
1989-10-29,1989,8,REG,NO,20,ATL,13,0
1989-10-29,1989,8,REG,OAK,37,WSH,24,0
1989-10-29,1989,8,REG,SEA,10,LAC,7,0
1989-10-29,1989,8,REG,CHI,20,LAR,10,0
1989-10-29,1989,8,REG,CIN,56,TB,23,0
1989-10-29,1989,8,REG,CLE,28,TEN,17,0
1989-10-30,1989,8,REG,NYG,24,MIN,14,0
1989-11-05,1989,9,REG,MIA,19,IND,13,0
1989-11-05,1989,9,REG,ATL,30,BUF,28,0
1989-11-05,1989,9,REG,MIN,23,LAR,21,0
1989-11-05,1989,9,REG,WSH,3,DAL,13,0
1989-11-05,1989,9,REG,TB,31,CLE,42,0
1989-11-05,1989,9,REG,OAK,28,CIN,7,0
1989-11-05,1989,9,REG,TEN,35,DET,31,0
1989-11-05,1989,9,REG,NE,26,NYJ,27,0
1989-11-05,1989,9,REG,KC,20,SEA,10,0
1989-11-05,1989,9,REG,GB,14,CHI,13,0
1989-11-05,1989,9,REG,DEN,34,PIT,7,0
1989-11-05,1989,9,REG,ARI,13,NYG,20,0
1989-11-05,1989,9,REG,LAC,20,PHI,17,0
1989-11-06,1989,9,REG,SF,31,NO,13,0
1989-11-12,1989,10,REG,NYJ,23,MIA,31,0
1989-11-12,1989,10,REG,KC,13,DEN,16,0
1989-11-12,1989,10,REG,DET,31,GB,22,0
1989-11-12,1989,10,REG,ARI,24,DAL,20,0
1989-11-12,1989,10,REG,BUF,30,IND,7,0
1989-11-12,1989,10,REG,LAR,31,NYG,10,0
1989-11-12,1989,10,REG,NE,24,NO,28,0
1989-11-12,1989,10,REG,LAC,14,OAK,12,0
1989-11-12,1989,10,REG,PIT,0,CHI,20,0
1989-11-12,1989,10,REG,PHI,3,WSH,10,0
1989-11-12,1989,10,REG,TB,10,MIN,24,0
1989-11-12,1989,10,REG,SF,45,ATL,3,0
1989-11-12,1989,10,REG,SEA,7,CLE,17,0
1989-11-13,1989,10,REG,TEN,26,CIN,24,0
1989-11-19,1989,11,REG,IND,27,NYJ,10,0
1989-11-19,1989,11,REG,NYG,15,SEA,3,0
1989-11-19,1989,11,REG,LAR,37,ARI,14,0
1989-11-19,1989,11,REG,PIT,20,LAC,17,0
1989-11-19,1989,11,REG,ATL,17,NO,26,0
1989-11-19,1989,11,REG,CHI,31,TB,32,0
1989-11-19,1989,11,REG,CIN,42,DET,7,0
1989-11-19,1989,11,REG,SF,17,GB,21,0
1989-11-19,1989,11,REG,PHI,10,MIN,9,0
1989-11-19,1989,11,REG,TEN,23,OAK,7,0
1989-11-19,1989,11,REG,NE,33,BUF,24,0
1989-11-19,1989,11,REG,DAL,14,MIA,17,0
1989-11-19,1989,11,REG,CLE,10,KC,10,0
1989-11-20,1989,11,REG,WSH,10,DEN,14,0
1989-11-23,1989,11,REG,DAL,0,PHI,27,0
1989-11-23,1989,11,REG,DET,13,CLE,10,0
1989-11-26,1989,12,REG,OAK,24,NE,21,0
1989-11-26,1989,12,REG,IND,10,LAC,6,0
1989-11-26,1989,12,REG,WSH,38,CHI,14,0
1989-11-26,1989,12,REG,NYJ,27,ATL,7,0
1989-11-26,1989,12,REG,MIA,14,PIT,34,0
1989-11-26,1989,12,REG,GB,20,MIN,19,0
1989-11-26,1989,12,REG,DEN,41,SEA,14,0
1989-11-26,1989,12,REG,ARI,13,TB,14,0
1989-11-26,1989,12,REG,NO,17,LAR,20,0
1989-11-26,1989,12,REG,BUF,24,CIN,7,0
1989-11-26,1989,12,REG,KC,34,TEN,0,0
1989-11-27,1989,12,REG,SF,34,NYG,24,0
1989-12-03,1989,13,REG,OAK,16,DEN,13,0
1989-12-03,1989,13,REG,TB,16,GB,17,0
1989-12-03,1989,13,REG,ATL,10,SF,23,0
1989-12-03,1989,13,REG,CLE,0,CIN,21,0
1989-12-03,1989,13,REG,ARI,10,WSH,29,0
1989-12-03,1989,13,REG,DET,21,NO,14,0
1989-12-03,1989,13,REG,KC,26,MIA,21,0
1989-12-03,1989,13,REG,MIN,27,CHI,16,0
1989-12-03,1989,13,REG,NE,22,IND,16,0
1989-12-03,1989,13,REG,NYG,17,PHI,24,0
1989-12-03,1989,13,REG,LAC,17,NYJ,20,0
1989-12-03,1989,13,REG,PIT,16,TEN,23,0
1989-12-03,1989,13,REG,DAL,31,LAR,35,0
1989-12-04,1989,13,REG,SEA,17,BUF,16,0
1989-12-10,1989,14,REG,DEN,7,NYG,14,0
1989-12-10,1989,14,REG,PHI,20,DAL,10,0
1989-12-10,1989,14,REG,MIA,31,NE,10,0
1989-12-10,1989,14,REG,TEN,20,TB,17,0
1989-12-10,1989,14,REG,BUF,19,NO,22,0
1989-12-10,1989,14,REG,CHI,17,DET,27,0
1989-12-10,1989,14,REG,NYJ,0,PIT,13,0
1989-12-10,1989,14,REG,CIN,17,SEA,24,0
1989-12-10,1989,14,REG,IND,23,CLE,17,0
1989-12-10,1989,14,REG,WSH,26,LAC,21,0
1989-12-10,1989,14,REG,OAK,16,ARI,14,0
1989-12-10,1989,14,REG,GB,3,KC,21,0
1989-12-10,1989,14,REG,MIN,43,ATL,17,0
1989-12-11,1989,14,REG,LAR,27,SF,30,0
1989-12-16,1989,14,REG,NYG,15,DAL,0,0
1989-12-16,1989,14,REG,ARI,0,DEN,37,0
1989-12-17,1989,15,REG,CHI,28,GB,40,0
1989-12-17,1989,15,REG,LAR,38,NYJ,14,0
1989-12-17,1989,15,REG,IND,42,MIA,13,0
1989-12-17,1989,15,REG,DET,33,TB,7,0
1989-12-17,1989,15,REG,KC,13,LAC,20,0
1989-12-17,1989,15,REG,PIT,28,NE,10,0
1989-12-17,1989,15,REG,SEA,23,OAK,17,0
1989-12-17,1989,15,REG,SF,21,BUF,10,0
1989-12-17,1989,15,REG,ATL,30,WSH,31,0
1989-12-17,1989,15,REG,CLE,23,MIN,17,0
1989-12-17,1989,15,REG,CIN,61,TEN,7,0
1989-12-18,1989,15,REG,NO,30,PHI,20,0
1989-12-23,1989,15,REG,SEA,0,WSH,29,0
1989-12-23,1989,15,REG,NYJ,0,BUF,37,0
1989-12-23,1989,15,REG,TEN,20,CLE,24,0
1989-12-24,1989,16,REG,ATL,24,DET,31,0
1989-12-24,1989,16,REG,NE,20,LAR,24,0
1989-12-24,1989,16,REG,LAC,19,DEN,16,0
1989-12-24,1989,16,REG,PHI,31,ARI,14,0
1989-12-24,1989,16,REG,NYG,34,OAK,17,0
1989-12-24,1989,16,REG,NO,41,IND,6,0
1989-12-24,1989,16,REG,MIA,24,KC,27,0
1989-12-24,1989,16,REG,DAL,10,GB,20,0
1989-12-24,1989,16,REG,TB,22,PIT,31,0
1989-12-24,1989,16,REG,SF,26,CHI,0,0
1989-12-25,1989,16,REG,MIN,29,CIN,21,0
1989-12-31,1989,,POST,TEN,23,PIT,26,0
1989-12-31,1989,,POST,PHI,7,LAR,21,0
1990-01-06,1989,,POST,SF,41,MIN,13,0
1990-01-06,1989,,POST,CLE,34,BUF,30,0
1990-01-07,1989,,POST,NYG,13,LAR,19,0
1990-01-07,1989,,POST,DEN,24,PIT,23,0
1990-01-14,1989,,POST,DEN,37,CLE,21,0
1990-01-14,1989,,POST,SF,30,LAR,3,0
1990-01-28,1989,,POST,SF,55,DEN,10,1
1990-09-09,1990,1,REG,WSH,31,ARI,0,0
1990-09-09,1990,1,REG,OAK,14,DEN,9,0
1990-09-09,1990,1,REG,NYG,27,PHI,20,0
1990-09-09,1990,1,REG,NE,24,MIA,27,0
1990-09-09,1990,1,REG,KC,24,MIN,21,0
1990-09-09,1990,1,REG,DET,21,TB,38,0
1990-09-09,1990,1,REG,CIN,25,NYJ,20,0
1990-09-09,1990,1,REG,DAL,17,LAC,14,0
1990-09-09,1990,1,REG,GB,36,LAR,24,0
1990-09-09,1990,1,REG,CLE,13,PIT,3,0
1990-09-09,1990,1,REG,CHI,17,SEA,0,0
1990-09-09,1990,1,REG,BUF,26,IND,10,0
1990-09-09,1990,1,REG,ATL,47,TEN,27,0
1990-09-10,1990,1,REG,NO,12,SF,13,0
1990-09-16,1990,2,REG,TB,14,LAR,35,0
1990-09-16,1990,2,REG,LAC,16,CIN,21,0
1990-09-16,1990,2,REG,DET,21,ATL,14,0
1990-09-16,1990,2,REG,SF,26,WSH,13,0
1990-09-16,1990,2,REG,SEA,13,OAK,17,0
1990-09-16,1990,2,REG,PIT,20,TEN,9,0
1990-09-16,1990,2,REG,PHI,21,ARI,23,0
1990-09-16,1990,2,REG,NYJ,24,CLE,21,0
1990-09-16,1990,2,REG,MIN,32,NO,3,0
1990-09-16,1990,2,REG,MIA,30,BUF,7,0
1990-09-16,1990,2,REG,IND,14,NE,16,0
1990-09-16,1990,2,REG,DAL,7,NYG,28,0
1990-09-16,1990,2,REG,GB,13,CHI,31,0
1990-09-17,1990,2,REG,DEN,24,KC,23,0
1990-09-23,1990,3,REG,CLE,14,LAC,24,0
1990-09-23,1990,3,REG,CHI,19,MIN,16,0
1990-09-23,1990,3,REG,CIN,41,NE,7,0
1990-09-23,1990,3,REG,DEN,34,SEA,31,0
1990-09-23,1990,3,REG,GB,3,KC,17,0
1990-09-23,1990,3,REG,NO,28,ARI,7,0
1990-09-23,1990,3,REG,NYG,20,MIA,3,0
1990-09-23,1990,3,REG,TEN,24,IND,10,0
1990-09-23,1990,3,REG,SF,19,ATL,13,0
1990-09-23,1990,3,REG,OAK,20,PIT,3,0
1990-09-23,1990,3,REG,LAR,21,PHI,27,0
1990-09-23,1990,3,REG,WSH,19,DAL,15,0
1990-09-23,1990,3,REG,TB,23,DET,20,0
1990-09-24,1990,3,REG,NYJ,7,BUF,30,0
1990-09-30,1990,4,REG,LAC,7,TEN,17,0
1990-09-30,1990,4,REG,BUF,29,DEN,28,0
1990-09-30,1990,4,REG,PIT,6,MIA,28,0
1990-09-30,1990,4,REG,OAK,24,CHI,10,0
1990-09-30,1990,4,REG,ARI,10,WSH,38,0
1990-09-30,1990,4,REG,DET,21,GB,24,0
1990-09-30,1990,4,REG,KC,34,CLE,0,0
1990-09-30,1990,4,REG,MIN,20,TB,23,0
1990-09-30,1990,4,REG,NE,13,NYJ,37,0
1990-09-30,1990,4,REG,NYG,31,DAL,17,0
1990-09-30,1990,4,REG,PHI,23,IND,24,0
1990-10-01,1990,4,REG,SEA,31,CIN,16,0
1990-10-07,1990,5,REG,PIT,36,LAC,14,0
1990-10-07,1990,5,REG,BUF,38,OAK,24,0
1990-10-07,1990,5,REG,ATL,28,NO,27,0
1990-10-07,1990,5,REG,CHI,27,GB,13,0
1990-10-07,1990,5,REG,IND,23,KC,19,0
1990-10-07,1990,5,REG,DAL,14,TB,10,0
1990-10-07,1990,5,REG,MIA,20,NYJ,16,0
1990-10-07,1990,5,REG,MIN,27,DET,34,0
1990-10-07,1990,5,REG,NE,20,SEA,33,0
1990-10-07,1990,5,REG,TEN,21,SF,24,0
1990-10-07,1990,5,REG,LAR,31,CIN,34,0
1990-10-08,1990,5,REG,DEN,29,CLE,30,0
1990-10-14,1990,6,REG,CHI,38,LAR,9,0
1990-10-14,1990,6,REG,TEN,48,CIN,17,0
1990-10-14,1990,6,REG,NO,25,CLE,20,0
1990-10-14,1990,6,REG,KC,43,DET,24,0
1990-10-14,1990,6,REG,WSH,20,NYG,24,0
1990-10-14,1990,6,REG,DEN,17,PIT,34,0
1990-10-14,1990,6,REG,ARI,20,DAL,3,0
1990-10-14,1990,6,REG,ATL,35,SF,45,0
1990-10-14,1990,6,REG,TB,26,GB,14,0
1990-10-14,1990,6,REG,OAK,24,SEA,17,0
1990-10-14,1990,6,REG,NYJ,3,LAC,39,0
1990-10-15,1990,6,REG,PHI,32,MIN,24,0
1990-10-18,1990,6,REG,MIA,17,NE,10,0
1990-10-21,1990,7,REG,TB,13,DAL,17,0
1990-10-21,1990,7,REG,SF,27,PIT,7,0
1990-10-21,1990,7,REG,SEA,19,KC,7,0
1990-10-21,1990,7,REG,WSH,13,PHI,7,0
1990-10-21,1990,7,REG,LAC,9,OAK,24,0
1990-10-21,1990,7,REG,TEN,23,NO,10,0
1990-10-21,1990,7,REG,LAR,44,ATL,24,0
1990-10-21,1990,7,REG,NYG,20,ARI,19,0
1990-10-21,1990,7,REG,IND,17,DEN,27,0
1990-10-21,1990,7,REG,BUF,30,NYJ,27,0
1990-10-22,1990,7,REG,CLE,13,CIN,34,0
1990-10-28,1990,8,REG,DAL,20,PHI,21,0
1990-10-28,1990,8,REG,LAC,41,TB,10,0
1990-10-28,1990,8,REG,SF,20,CLE,17,0
1990-10-28,1990,8,REG,TEN,12,NYJ,17,0
1990-10-28,1990,8,REG,NYG,21,WSH,10,0
1990-10-28,1990,8,REG,NE,10,BUF,27,0
1990-10-28,1990,8,REG,NO,10,DET,27,0
1990-10-28,1990,8,REG,GB,24,MIN,10,0
1990-10-28,1990,8,REG,ARI,21,CHI,31,0
1990-10-28,1990,8,REG,IND,7,MIA,27,0
1990-10-28,1990,8,REG,ATL,38,CIN,17,0
1990-10-29,1990,8,REG,PIT,41,LAR,10,0
1990-11-04,1990,9,REG,PHI,48,NE,20,0
1990-11-04,1990,9,REG,NYJ,24,DAL,9,0
1990-11-04,1990,9,REG,MIN,27,DEN,22,0
1990-11-04,1990,9,REG,KC,9,OAK,7,0
1990-11-04,1990,9,REG,GB,20,SF,24,0
1990-11-04,1990,9,REG,DET,38,WSH,41,0
1990-11-04,1990,9,REG,CLE,0,BUF,42,0
1990-11-04,1990,9,REG,CIN,7,NO,21,0
1990-11-04,1990,9,REG,PIT,21,ATL,9,0
1990-11-04,1990,9,REG,MIA,23,ARI,3,0
1990-11-04,1990,9,REG,TB,6,CHI,26,0
1990-11-04,1990,9,REG,LAR,17,TEN,13,0
1990-11-04,1990,9,REG,SEA,14,LAC,31,0
1990-11-05,1990,9,REG,IND,7,NYG,24,0
1990-11-11,1990,10,REG,CHI,30,ATL,24,0
1990-11-11,1990,10,REG,BUF,45,ARI,14,0
1990-11-11,1990,10,REG,LAC,19,DEN,7,0
1990-11-11,1990,10,REG,NYJ,3,MIA,17,0
1990-11-11,1990,10,REG,DAL,6,SF,24,0
1990-11-11,1990,10,REG,KC,16,SEA,17,0
1990-11-11,1990,10,REG,DET,7,MIN,17,0
1990-11-11,1990,10,REG,LAR,7,NYG,31,0
1990-11-11,1990,10,REG,OAK,16,GB,29,0
1990-11-11,1990,10,REG,NE,10,IND,13,0
1990-11-11,1990,10,REG,NO,35,TB,7,0
1990-11-12,1990,10,REG,PHI,28,WSH,14,0
1990-11-18,1990,11,REG,KC,27,LAC,10,0
1990-11-18,1990,11,REG,WSH,31,NO,17,0
1990-11-18,1990,11,REG,SF,31,TB,7,0
1990-11-18,1990,11,REG,SEA,21,MIN,24,0
1990-11-18,1990,11,REG,NYG,20,DET,0,0
1990-11-18,1990,11,REG,DEN,13,CHI,16,0
1990-11-18,1990,11,REG,ARI,21,GB,24,0
1990-11-18,1990,11,REG,IND,17,NYJ,14,0
1990-11-18,1990,11,REG,CLE,23,TEN,35,0
1990-11-18,1990,11,REG,CIN,27,PIT,3,0
1990-11-18,1990,11,REG,BUF,14,NE,0,0
1990-11-18,1990,11,REG,ATL,23,PHI,24,0
1990-11-18,1990,11,REG,LAR,21,DAL,24,0
1990-11-19,1990,11,REG,MIA,10,OAK,13,0
1990-11-22,1990,11,REG,DAL,27,WSH,17,0
1990-11-22,1990,11,REG,DET,40,DEN,27,0
1990-11-25,1990,12,REG,PHI,31,NYG,13,0
1990-11-25,1990,12,REG,NYJ,7,PIT,24,0
1990-11-25,1990,12,REG,NO,10,ATL,7,0
1990-11-25,1990,12,REG,LAC,10,SEA,13,0
1990-11-25,1990,12,REG,SF,17,LAR,28,0
1990-11-25,1990,12,REG,MIN,41,CHI,13,0
1990-11-25,1990,12,REG,ARI,34,NE,14,0
1990-11-25,1990,12,REG,CLE,13,MIA,30,0
1990-11-25,1990,12,REG,CIN,20,IND,34,0
1990-11-25,1990,12,REG,GB,20,TB,10,0
1990-11-25,1990,12,REG,OAK,24,KC,27,0
1990-11-26,1990,12,REG,TEN,27,BUF,24,0
1990-12-02,1990,13,REG,LAC,38,NYJ,17,0
1990-12-02,1990,13,REG,NE,7,KC,37,0
1990-12-02,1990,13,REG,PIT,12,CIN,16,0
1990-12-02,1990,13,REG,CLE,23,LAR,38,0
1990-12-02,1990,13,REG,WSH,42,MIA,20,0
1990-12-02,1990,13,REG,TB,23,ATL,17,0
1990-12-02,1990,13,REG,SEA,13,TEN,10,0
1990-12-02,1990,13,REG,BUF,30,PHI,23,0
1990-12-02,1990,13,REG,CHI,23,DET,17,0
1990-12-02,1990,13,REG,ARI,20,IND,17,0
1990-12-02,1990,13,REG,DAL,17,NO,13,0
1990-12-02,1990,13,REG,DEN,20,OAK,23,0
1990-12-02,1990,13,REG,MIN,23,GB,7,0
1990-12-03,1990,13,REG,SF,7,NYG,3,0
1990-12-09,1990,14,REG,IND,7,BUF,31,0
1990-12-09,1990,14,REG,CIN,17,SF,20,0
1990-12-09,1990,14,REG,LAR,20,NO,24,0
1990-12-09,1990,14,REG,WSH,10,CHI,9,0
1990-12-09,1990,14,REG,PIT,24,NE,3,0
1990-12-09,1990,14,REG,TEN,58,CLE,14,0
1990-12-09,1990,14,REG,NYG,23,MIN,15,0
1990-12-09,1990,14,REG,MIA,23,PHI,20,0
1990-12-09,1990,14,REG,KC,31,DEN,20,0
1990-12-09,1990,14,REG,GB,14,SEA,20,0
1990-12-09,1990,14,REG,ATL,13,ARI,24,0
1990-12-10,1990,14,REG,DET,31,OAK,38,0
1990-12-15,1990,14,REG,NE,10,WSH,25,0
1990-12-15,1990,14,REG,NYG,13,BUF,17,0
1990-12-16,1990,15,REG,NO,6,PIT,9,0
1990-12-16,1990,15,REG,KC,10,TEN,27,0
1990-12-16,1990,15,REG,DET,38,CHI,21,0
1990-12-16,1990,15,REG,DAL,41,ARI,10,0
1990-12-16,1990,15,REG,CLE,13,ATL,10,0
1990-12-16,1990,15,REG,MIA,24,SEA,17,0
1990-12-16,1990,15,REG,DEN,20,LAC,10,0
1990-12-16,1990,15,REG,OAK,24,CIN,7,0
1990-12-16,1990,15,REG,PHI,31,GB,0,0
1990-12-16,1990,15,REG,NYJ,21,IND,29,0
1990-12-16,1990,15,REG,TB,26,MIN,13,0
1990-12-17,1990,15,REG,LAR,10,SF,26,0
1990-12-22,1990,15,REG,IND,35,WSH,28,0
1990-12-22,1990,15,REG,MIN,24,OAK,28,0
1990-12-22,1990,15,REG,GB,17,DET,24,0
1990-12-23,1990,16,REG,PIT,35,CLE,0,0
1990-12-23,1990,16,REG,NYJ,42,NE,7,0
1990-12-23,1990,16,REG,SEA,17,DEN,12,0
1990-12-23,1990,16,REG,LAC,21,KC,24,0
1990-12-23,1990,16,REG,ATL,20,LAR,13,0
1990-12-23,1990,16,REG,BUF,24,MIA,14,0
1990-12-23,1990,16,REG,CHI,27,TB,14,0
1990-12-23,1990,16,REG,CIN,40,TEN,20,0
1990-12-23,1990,16,REG,ARI,21,NYG,24,0
1990-12-23,1990,16,REG,SF,10,NO,13,0
1990-12-23,1990,16,REG,PHI,17,DAL,3,0
1990-12-29,1990,16,REG,ARI,21,PHI,23,0
1990-12-29,1990,16,REG,CHI,10,KC,21,0
1990-12-30,1990,17,REG,MIN,17,SF,20,0
1990-12-30,1990,17,REG,OAK,17,LAC,12,0
1990-12-30,1990,17,REG,TB,14,NYJ,16,0
1990-12-30,1990,17,REG,SEA,30,DET,10,0
1990-12-30,1990,17,REG,WSH,29,BUF,14,0
1990-12-30,1990,17,REG,TEN,34,PIT,14,0
1990-12-30,1990,17,REG,NE,10,NYG,13,0
1990-12-30,1990,17,REG,MIA,23,IND,17,0
1990-12-30,1990,17,REG,DEN,22,GB,13,0
1990-12-30,1990,17,REG,CIN,21,CLE,14,0
1990-12-30,1990,17,REG,ATL,26,DAL,7,0
1990-12-31,1990,17,REG,NO,20,LAR,17,0
1991-01-05,1990,,POST,MIA,17,KC,16,0
1991-01-05,1990,,POST,PHI,6,WSH,20,0
1991-01-06,1990,,POST,CIN,41,TEN,14,0
1991-01-06,1990,,POST,CHI,16,NO,6,0
1991-01-12,1990,,POST,SF,28,WSH,10,0
1991-01-12,1990,,POST,BUF,44,MIA,34,0
1991-01-13,1990,,POST,NYG,31,CHI,3,0
1991-01-13,1990,,POST,OAK,20,CIN,10,0
1991-01-20,1990,,POST,BUF,51,OAK,3,0
1991-01-20,1990,,POST,SF,13,NYG,15,0
1991-01-27,1990,,POST,NYG,20,BUF,19,1
1991-09-01,1991,1,REG,DEN,45,CIN,14,0
1991-09-01,1991,1,REG,PIT,26,LAC,20,0
1991-09-01,1991,1,REG,WSH,45,DET,0,0
1991-09-01,1991,1,REG,TEN,47,OAK,17,0
1991-09-01,1991,1,REG,NYJ,16,TB,13,0
1991-09-01,1991,1,REG,NO,27,SEA,24,0
1991-09-01,1991,1,REG,KC,14,ATL,3,0
1991-09-01,1991,1,REG,GB,3,PHI,20,0
1991-09-01,1991,1,REG,IND,7,NE,16,0
1991-09-01,1991,1,REG,CLE,14,DAL,26,0
1991-09-01,1991,1,REG,CHI,10,MIN,6,0
1991-09-01,1991,1,REG,BUF,35,MIA,31,0
1991-09-01,1991,1,REG,LAR,14,ARI,24,0
1991-09-02,1991,1,REG,NYG,16,SF,14,0
1991-09-08,1991,2,REG,SEA,20,NYJ,13,0
1991-09-08,1991,2,REG,PHI,10,ARI,26,0
1991-09-08,1991,2,REG,CIN,7,TEN,30,0
1991-09-08,1991,2,REG,SF,34,LAC,14,0
1991-09-08,1991,2,REG,BUF,52,PIT,34,0
1991-09-08,1991,2,REG,ATL,19,MIN,20,0
1991-09-08,1991,2,REG,TB,20,CHI,21,0
1991-09-08,1991,2,REG,NE,0,CLE,20,0
1991-09-08,1991,2,REG,NYG,13,LAR,19,0
1991-09-08,1991,2,REG,OAK,16,DEN,13,0
1991-09-08,1991,2,REG,DET,23,GB,14,0
1991-09-08,1991,2,REG,KC,10,NO,17,0
1991-09-08,1991,2,REG,MIA,17,IND,6,0
1991-09-09,1991,2,REG,DAL,31,WSH,33,0
1991-09-15,1991,3,REG,CLE,14,CIN,13,0
1991-09-15,1991,3,REG,OAK,16,IND,0,0
1991-09-15,1991,3,REG,PIT,20,NE,6,0
1991-09-15,1991,3,REG,NYJ,20,BUF,23,0
1991-09-15,1991,3,REG,MIN,17,SF,14,0
1991-09-15,1991,3,REG,GB,15,TB,13,0
1991-09-15,1991,3,REG,DET,17,MIA,13,0
1991-09-15,1991,3,REG,NO,24,LAR,7,0
1991-09-15,1991,3,REG,DEN,16,SEA,10,0
1991-09-15,1991,3,REG,DAL,0,PHI,24,0
1991-09-15,1991,3,REG,LAC,10,ATL,13,0
1991-09-15,1991,3,REG,CHI,20,NYG,17,0
1991-09-15,1991,3,REG,WSH,34,ARI,0,0
1991-09-16,1991,3,REG,TEN,17,KC,7,0
1991-09-22,1991,4,REG,NO,26,MIN,0,0
1991-09-22,1991,4,REG,MIA,16,GB,13,0
1991-09-22,1991,4,REG,KC,20,SEA,13,0
1991-09-22,1991,4,REG,ARI,9,DAL,17,0
1991-09-22,1991,4,REG,IND,24,DET,33,0
1991-09-22,1991,4,REG,CIN,27,WSH,34,0
1991-09-22,1991,4,REG,ATL,21,OAK,17,0
1991-09-22,1991,4,REG,SF,27,LAR,10,0
1991-09-22,1991,4,REG,DEN,27,LAC,19,0
1991-09-22,1991,4,REG,NYG,13,CLE,10,0
1991-09-22,1991,4,REG,NE,24,TEN,20,0
1991-09-22,1991,4,REG,TB,10,BUF,17,0
1991-09-22,1991,4,REG,PHI,23,PIT,14,0
1991-09-23,1991,4,REG,CHI,19,NYJ,13,0
1991-09-29,1991,5,REG,NYJ,41,MIA,23,0
1991-09-29,1991,5,REG,LAC,13,KC,14,0
1991-09-29,1991,5,REG,ATL,6,NO,27,0
1991-09-29,1991,5,REG,BUF,35,CHI,20,0
1991-09-29,1991,5,REG,ARI,24,NE,10,0
1991-09-29,1991,5,REG,DAL,21,NYG,16,0
1991-09-29,1991,5,REG,LAR,23,GB,21,0
1991-09-29,1991,5,REG,DET,31,TB,3,0
1991-09-29,1991,5,REG,MIN,6,DEN,13,0
1991-09-29,1991,5,REG,SEA,31,IND,3,0
1991-09-29,1991,5,REG,OAK,12,SF,6,0
1991-09-30,1991,5,REG,WSH,23,PHI,0,0
1991-10-06,1991,6,REG,NE,10,MIA,20,0
1991-10-06,1991,6,REG,TB,14,PHI,13,0
1991-10-06,1991,6,REG,TEN,42,DEN,14,0
1991-10-06,1991,6,REG,NYG,20,ARI,9,0
1991-10-06,1991,6,REG,GB,17,DAL,20,0
1991-10-06,1991,6,REG,DET,24,MIN,20,0
1991-10-06,1991,6,REG,IND,3,PIT,21,0
1991-10-06,1991,6,REG,CLE,14,NYJ,17,0
1991-10-06,1991,6,REG,CIN,7,SEA,13,0
1991-10-06,1991,6,REG,CHI,7,WSH,20,0
1991-10-06,1991,6,REG,OAK,13,LAC,21,0
1991-10-07,1991,6,REG,KC,33,BUF,6,0
1991-10-13,1991,7,REG,SEA,20,OAK,23,0
1991-10-13,1991,7,REG,PHI,6,NO,13,0
1991-10-13,1991,7,REG,NYJ,20,TEN,23,0
1991-10-13,1991,7,REG,MIN,34,ARI,7,0
1991-10-13,1991,7,REG,KC,42,MIA,7,0
1991-10-13,1991,7,REG,DAL,35,CIN,23,0
1991-10-13,1991,7,REG,LAR,30,LAC,24,0
1991-10-13,1991,7,REG,BUF,42,IND,6,0
1991-10-13,1991,7,REG,WSH,42,CLE,17,0
1991-10-13,1991,7,REG,SF,34,ATL,39,0
1991-10-14,1991,7,REG,PIT,20,NYG,23,0
1991-10-17,1991,7,REG,GB,0,CHI,10,0
1991-10-20,1991,8,REG,PIT,7,SEA,27,0
1991-10-20,1991,8,REG,ARI,16,ATL,10,0
1991-10-20,1991,8,REG,IND,6,NYJ,17,0
1991-10-20,1991,8,REG,DEN,19,KC,16,0
1991-10-20,1991,8,REG,OAK,20,LAR,17,0
1991-10-20,1991,8,REG,NE,26,MIN,23,0
1991-10-20,1991,8,REG,NO,23,TB,7,0
1991-10-20,1991,8,REG,LAC,24,CLE,30,0
1991-10-20,1991,8,REG,MIA,13,TEN,17,0
1991-10-20,1991,8,REG,SF,35,DET,3,0
1991-10-21,1991,8,REG,BUF,35,CIN,16,0
1991-10-27,1991,9,REG,ATL,31,LAR,14,0
1991-10-27,1991,9,REG,SEA,20,LAC,9,0
1991-10-27,1991,9,REG,NE,6,DEN,9,0
1991-10-27,1991,9,REG,TB,0,GB,27,0
1991-10-27,1991,9,REG,DET,34,DAL,10,0
1991-10-27,1991,9,REG,NYG,13,WSH,17,0
1991-10-27,1991,9,REG,PHI,7,SF,23,0
1991-10-27,1991,9,REG,NO,17,CHI,20,0
1991-10-27,1991,9,REG,ARI,0,MIN,28,0
1991-10-27,1991,9,REG,TEN,35,CIN,3,0
1991-10-27,1991,9,REG,CLE,17,PIT,14,0
1991-10-28,1991,9,REG,KC,24,OAK,21,0
1991-11-03,1991,10,REG,WSH,16,TEN,13,0
1991-11-03,1991,10,REG,LAR,17,NO,24,0
1991-11-03,1991,10,REG,ATL,17,SF,14,0
1991-11-03,1991,10,REG,BUF,22,NE,17,0
1991-11-03,1991,10,REG,CHI,20,DET,10,0
1991-11-03,1991,10,REG,CIN,23,CLE,21,0
1991-11-03,1991,10,REG,IND,6,MIA,10,0
1991-11-03,1991,10,REG,DAL,27,ARI,7,0
1991-11-03,1991,10,REG,DEN,20,PIT,13,0
1991-11-03,1991,10,REG,MIN,28,TB,13,0
1991-11-03,1991,10,REG,NYJ,19,GB,16,0
1991-11-04,1991,10,REG,PHI,30,NYG,7,0
1991-11-10,1991,11,REG,LAC,17,SEA,14,0
1991-11-10,1991,11,REG,TB,30,DET,21,0
1991-11-10,1991,11,REG,TEN,26,DAL,23,0
1991-11-10,1991,11,REG,WSH,56,ATL,17,0
1991-11-10,1991,11,REG,NYJ,27,IND,28,0
1991-11-10,1991,11,REG,NO,10,SF,3,0
1991-11-10,1991,11,REG,MIA,30,NE,20,0
1991-11-10,1991,11,REG,GB,24,BUF,34,0
1991-11-10,1991,11,REG,DEN,16,OAK,17,0
1991-11-10,1991,11,REG,ARI,14,NYG,21,0
1991-11-10,1991,11,REG,CLE,30,PHI,32,0
1991-11-10,1991,11,REG,CIN,27,PIT,33,0
1991-11-10,1991,11,REG,LAR,20,KC,27,0
1991-11-11,1991,11,REG,MIN,17,CHI,34,0
1991-11-17,1991,12,REG,SF,14,ARI,10,0
1991-11-17,1991,12,REG,OAK,31,SEA,7,0
1991-11-17,1991,12,REG,PIT,14,WSH,41,0
1991-11-17,1991,12,REG,PHI,17,CIN,10,0
1991-11-17,1991,12,REG,TEN,28,CLE,24,0
1991-11-17,1991,12,REG,NYG,22,DAL,9,0
1991-11-17,1991,12,REG,DET,21,LAR,10,0
1991-11-17,1991,12,REG,LAC,24,NO,21,0
1991-11-17,1991,12,REG,NE,21,NYJ,28,0
1991-11-17,1991,12,REG,KC,20,DEN,24,0
1991-11-17,1991,12,REG,GB,21,MIN,35,0
1991-11-17,1991,12,REG,IND,17,CHI,31,0
1991-11-17,1991,12,REG,ATL,43,TB,7,0
1991-11-18,1991,12,REG,MIA,27,BUF,41,0
1991-11-24,1991,13,REG,CHI,13,MIA,16,0
1991-11-24,1991,13,REG,NYJ,24,LAC,3,0
1991-11-24,1991,13,REG,CIN,14,OAK,38,0
1991-11-24,1991,13,REG,CLE,20,KC,15,0
1991-11-24,1991,13,REG,ARI,14,PHI,34,0
1991-11-24,1991,13,REG,GB,14,IND,10,0
1991-11-24,1991,13,REG,MIN,14,DET,34,0
1991-11-24,1991,13,REG,NE,16,BUF,13,0
1991-11-24,1991,13,REG,NO,20,ATL,23,0
1991-11-24,1991,13,REG,PIT,26,TEN,14,0
1991-11-24,1991,13,REG,WSH,21,DAL,24,0
1991-11-24,1991,13,REG,TB,14,NYG,21,0
1991-11-24,1991,13,REG,SEA,13,DEN,10,0
1991-11-25,1991,13,REG,LAR,10,SF,33,0
1991-11-28,1991,13,REG,DET,16,CHI,6,0
1991-11-28,1991,13,REG,DAL,20,PIT,10,0
1991-12-01,1991,14,REG,IND,0,CLE,31,0
1991-12-01,1991,14,REG,MIA,33,TB,14,0
1991-12-01,1991,14,REG,SEA,6,KC,19,0
1991-12-01,1991,14,REG,BUF,24,NYJ,13,0
1991-12-01,1991,14,REG,LAR,6,WSH,27,0
1991-12-01,1991,14,REG,SF,38,NO,24,0
1991-12-01,1991,14,REG,CIN,27,NYG,24,0
1991-12-01,1991,14,REG,DEN,20,NE,3,0
1991-12-01,1991,14,REG,ATL,35,GB,31,0
1991-12-01,1991,14,REG,LAC,7,OAK,9,0
1991-12-02,1991,14,REG,TEN,6,PHI,13,0
1991-12-08,1991,15,REG,OAK,27,BUF,30,0
1991-12-08,1991,15,REG,LAR,14,ATL,31,0
1991-12-08,1991,15,REG,KC,20,LAC,17,0
1991-12-08,1991,15,REG,TB,24,MIN,26,0
1991-12-08,1991,15,REG,SEA,22,SF,24,0
1991-12-08,1991,15,REG,TEN,31,PIT,6,0
1991-12-08,1991,15,REG,NYG,14,PHI,19,0
1991-12-08,1991,15,REG,NE,23,IND,17,0
1991-12-08,1991,15,REG,DET,34,NYJ,20,0
1991-12-08,1991,15,REG,DAL,23,NO,14,0
1991-12-08,1991,15,REG,ARI,14,WSH,20,0
1991-12-08,1991,15,REG,CLE,7,DEN,17,0
1991-12-08,1991,15,REG,CHI,27,GB,13,0
1991-12-09,1991,15,REG,MIA,37,CIN,13,0
1991-12-14,1991,15,REG,SF,28,KC,14,0
1991-12-14,1991,15,REG,CHI,27,TB,0,0
1991-12-15,1991,16,REG,DEN,24,ARI,19,0
1991-12-15,1991,16,REG,CLE,14,TEN,17,0
1991-12-15,1991,16,REG,LAC,38,MIA,30,0
1991-12-15,1991,16,REG,NYJ,3,NE,6,0
1991-12-15,1991,16,REG,GB,17,DET,21,0
1991-12-15,1991,16,REG,IND,7,BUF,35,0
1991-12-15,1991,16,REG,MIN,20,LAR,14,0
1991-12-15,1991,16,REG,ATL,26,SEA,13,0
1991-12-15,1991,16,REG,WSH,34,NYG,17,0
1991-12-15,1991,16,REG,PIT,17,CIN,10,0
1991-12-15,1991,16,REG,PHI,13,DAL,25,0
1991-12-16,1991,16,REG,NO,27,OAK,0,0
1991-12-21,1991,16,REG,MIN,7,GB,27,0
1991-12-21,1991,16,REG,NYG,24,TEN,20,0
1991-12-22,1991,17,REG,SEA,23,LAR,9,0
1991-12-22,1991,17,REG,LAC,14,DEN,17,0
1991-12-22,1991,17,REG,TB,17,IND,3,0
1991-12-22,1991,17,REG,OAK,21,KC,27,0
1991-12-22,1991,17,REG,PIT,17,CLE,10,0
1991-12-22,1991,17,REG,PHI,24,WSH,22,0
1991-12-22,1991,17,REG,MIA,20,NYJ,23,0
1991-12-22,1991,17,REG,DAL,31,ATL,27,0
1991-12-22,1991,17,REG,ARI,3,NO,27,0
1991-12-22,1991,17,REG,CIN,29,NE,7,0
1991-12-22,1991,17,REG,BUF,14,DET,17,0
1991-12-23,1991,17,REG,SF,52,CHI,14,0
1991-12-28,1991,,POST,NO,20,ATL,27,0
1991-12-28,1991,,POST,KC,10,OAK,6,0
1991-12-29,1991,,POST,CHI,13,DAL,17,0
1991-12-29,1991,,POST,TEN,17,NYJ,10,0
1992-01-04,1991,,POST,DEN,26,TEN,24,0
1992-01-04,1991,,POST,WSH,24,ATL,7,0
1992-01-05,1991,,POST,BUF,37,KC,14,0
1992-01-05,1991,,POST,DET,38,DAL,6,0
1992-01-12,1991,,POST,BUF,10,DEN,7,0
1992-01-12,1991,,POST,WSH,41,DET,10,0
1992-01-26,1991,,POST,WSH,37,BUF,24,1
1992-09-06,1992,1,REG,TB,23,ARI,7,0
1992-09-06,1992,1,REG,PHI,15,NO,13,0
1992-09-06,1992,1,REG,TEN,24,PIT,29,0
1992-09-06,1992,1,REG,NYG,14,SF,31,0
1992-09-06,1992,1,REG,GB,20,MIN,23,0
1992-09-06,1992,1,REG,ATL,20,NYJ,17,0
1992-09-06,1992,1,REG,DEN,17,OAK,13,0
1992-09-06,1992,1,REG,LAC,10,KC,24,0
1992-09-06,1992,1,REG,BUF,40,LAR,7,0
1992-09-06,1992,1,REG,IND,14,CLE,3,0
1992-09-06,1992,1,REG,CHI,27,DET,24,0
1992-09-06,1992,1,REG,SEA,3,CIN,21,0
1992-09-07,1992,1,REG,DAL,23,WSH,10,0
1992-09-13,1992,2,REG,PIT,27,NYJ,10,0
1992-09-13,1992,2,REG,DEN,21,LAC,13,0
1992-09-13,1992,2,REG,NYG,28,DAL,34,0
1992-09-13,1992,2,REG,WSH,24,ATL,17,0
1992-09-13,1992,2,REG,TB,31,GB,3,0
1992-09-13,1992,2,REG,SF,31,BUF,34,0
1992-09-13,1992,2,REG,NO,28,CHI,6,0
1992-09-13,1992,2,REG,KC,26,SEA,7,0
1992-09-13,1992,2,REG,DET,31,MIN,17,0
1992-09-13,1992,2,REG,ARI,14,PHI,31,0
1992-09-13,1992,2,REG,IND,10,TEN,20,0
1992-09-13,1992,2,REG,CIN,24,OAK,21,0
1992-09-13,1992,2,REG,LAR,14,NE,0,0
1992-09-14,1992,2,REG,CLE,23,MIA,27,0
1992-09-20,1992,3,REG,OAK,16,CLE,28,0
1992-09-20,1992,3,REG,PHI,30,DEN,0,0
1992-09-20,1992,3,REG,MIA,26,LAR,10,0
1992-09-20,1992,3,REG,TEN,23,KC,20,0
1992-09-20,1992,3,REG,LAC,6,PIT,23,0
1992-09-20,1992,3,REG,NYJ,14,SF,31,0
1992-09-20,1992,3,REG,NE,6,SEA,10,0
1992-09-20,1992,3,REG,MIN,26,TB,20,0
1992-09-20,1992,3,REG,GB,24,CIN,23,0
1992-09-20,1992,3,REG,DAL,31,ARI,20,0
1992-09-20,1992,3,REG,BUF,38,IND,0,0
1992-09-20,1992,3,REG,ATL,7,NO,10,0
1992-09-20,1992,3,REG,WSH,13,DET,10,0
1992-09-21,1992,3,REG,CHI,14,NYG,27,0
1992-09-27,1992,4,REG,GB,17,PIT,3,0
1992-09-27,1992,4,REG,DET,23,TB,27,0
1992-09-27,1992,4,REG,CLE,0,DEN,12,0
1992-09-27,1992,4,REG,CIN,7,MIN,42,0
1992-09-27,1992,4,REG,CHI,41,ATL,31,0
1992-09-27,1992,4,REG,NO,10,SF,16,0
1992-09-27,1992,4,REG,NE,7,BUF,41,0
1992-09-27,1992,4,REG,LAR,18,NYJ,10,0
1992-09-27,1992,4,REG,SEA,17,MIA,19,0
1992-09-27,1992,4,REG,TEN,27,LAC,0,0
1992-09-28,1992,4,REG,KC,27,OAK,7,0
1992-10-04,1992,5,REG,SF,27,LAR,24,0
1992-10-04,1992,5,REG,TB,14,IND,24,0
1992-10-04,1992,5,REG,OAK,13,NYG,10,0
1992-10-04,1992,5,REG,NYJ,30,NE,21,0
1992-10-04,1992,5,REG,MIN,21,CHI,20,0
1992-10-04,1992,5,REG,DET,7,NO,13,0
1992-10-04,1992,5,REG,DEN,20,KC,19,0
1992-10-04,1992,5,REG,ARI,27,WSH,24,0
1992-10-04,1992,5,REG,BUF,10,MIA,37,0
1992-10-04,1992,5,REG,ATL,24,GB,10,0
1992-10-04,1992,5,REG,LAC,17,SEA,6,0
1992-10-05,1992,5,REG,PHI,31,DAL,7,0
1992-10-11,1992,6,REG,DAL,27,SEA,0,0
1992-10-11,1992,6,REG,OAK,20,BUF,3,0
1992-10-11,1992,6,REG,NYG,31,ARI,21,0
1992-10-11,1992,6,REG,NE,12,SF,24,0
1992-10-11,1992,6,REG,MIA,21,ATL,17,0
1992-10-11,1992,6,REG,NO,13,LAR,10,0
1992-10-11,1992,6,REG,IND,6,NYJ,3,0
1992-10-11,1992,6,REG,KC,24,PHI,17,0
1992-10-11,1992,6,REG,CLE,17,PIT,9,0
1992-10-11,1992,6,REG,CIN,24,TEN,38,0
1992-10-12,1992,6,REG,WSH,34,DEN,3,0
1992-10-15,1992,6,REG,MIN,31,DET,14,0
1992-10-18,1992,7,REG,LAR,38,NYG,17,0
1992-10-18,1992,7,REG,CHI,31,TB,14,0
1992-10-18,1992,7,REG,IND,14,LAC,34,0
1992-10-18,1992,7,REG,CLE,17,GB,6,0
1992-10-18,1992,7,REG,DEN,27,TEN,21,0
1992-10-18,1992,7,REG,WSH,16,PHI,12,0
1992-10-18,1992,7,REG,SF,56,ATL,17,0
1992-10-18,1992,7,REG,SEA,0,OAK,19,0
1992-10-18,1992,7,REG,MIA,38,NE,17,0
1992-10-18,1992,7,REG,DAL,17,KC,10,0
1992-10-18,1992,7,REG,ARI,21,NO,30,0
1992-10-19,1992,7,REG,PIT,20,CIN,0,0
1992-10-25,1992,8,REG,NYG,23,SEA,10,0
1992-10-25,1992,8,REG,TEN,26,CIN,10,0
1992-10-25,1992,8,REG,LAC,24,DEN,21,0
1992-10-25,1992,8,REG,TB,7,DET,38,0
1992-10-25,1992,8,REG,GB,10,CHI,30,0
1992-10-25,1992,8,REG,KC,3,PIT,27,0
1992-10-25,1992,8,REG,MIA,20,IND,31,0
1992-10-25,1992,8,REG,PHI,7,ARI,3,0
1992-10-25,1992,8,REG,MIN,13,WSH,15,0
1992-10-25,1992,8,REG,NE,17,CLE,19,0
1992-10-25,1992,8,REG,OAK,13,DAL,28,0
1992-10-26,1992,8,REG,NYJ,20,BUF,24,0
1992-11-01,1992,9,REG,NYJ,26,MIA,14,0
1992-11-01,1992,9,REG,LAC,26,IND,0,0
1992-11-01,1992,9,REG,WSH,7,NYG,24,0
1992-11-01,1992,9,REG,PIT,21,TEN,20,0
1992-11-01,1992,9,REG,NO,23,TB,21,0
1992-11-01,1992,9,REG,DET,13,GB,27,0
1992-11-01,1992,9,REG,DAL,20,PHI,10,0
1992-11-01,1992,9,REG,ARI,24,SF,14,0
1992-11-01,1992,9,REG,CIN,30,CLE,10,0
1992-11-01,1992,9,REG,BUF,16,NE,7,0
1992-11-01,1992,9,REG,ATL,30,LAR,28,0
1992-11-02,1992,9,REG,CHI,10,MIN,38,0
1992-11-08,1992,10,REG,LAR,14,ARI,20,0
1992-11-08,1992,10,REG,IND,0,MIA,28,0
1992-11-08,1992,10,REG,DEN,27,NYJ,16,0
1992-11-08,1992,10,REG,DET,3,DAL,37,0
1992-11-08,1992,10,REG,NE,14,NO,31,0
1992-11-08,1992,10,REG,NYG,27,GB,7,0
1992-11-08,1992,10,REG,TEN,14,CLE,24,0
1992-11-08,1992,10,REG,PHI,31,OAK,10,0
1992-11-08,1992,10,REG,KC,16,LAC,14,0
1992-11-08,1992,10,REG,SEA,3,WSH,16,0
1992-11-08,1992,10,REG,CHI,28,CIN,31,0
1992-11-08,1992,10,REG,TB,7,MIN,35,0
1992-11-08,1992,10,REG,BUF,28,PIT,20,0
1992-11-09,1992,10,REG,ATL,3,SF,41,0
1992-11-15,1992,11,REG,OAK,20,SEA,3,0
1992-11-15,1992,11,REG,DAL,23,LAR,27,0
1992-11-15,1992,11,REG,ATL,20,ARI,17,0
1992-11-15,1992,11,REG,CLE,13,LAC,14,0
1992-11-15,1992,11,REG,IND,34,NE,37,0
1992-11-15,1992,11,REG,DEN,27,NYG,13,0
1992-11-15,1992,11,REG,GB,27,PHI,24,0
1992-11-15,1992,11,REG,KC,35,WSH,16,0
1992-11-15,1992,11,REG,MIN,13,TEN,17,0
1992-11-15,1992,11,REG,NYJ,17,CIN,14,0
1992-11-15,1992,11,REG,PIT,17,DET,14,0
1992-11-15,1992,11,REG,SF,21,NO,20,0
1992-11-15,1992,11,REG,TB,20,CHI,17,0
1992-11-16,1992,11,REG,MIA,20,BUF,26,0
1992-11-22,1992,12,REG,PIT,30,IND,14,0
1992-11-22,1992,12,REG,SEA,14,KC,24,0
1992-11-22,1992,12,REG,NE,24,NYJ,3,0
1992-11-22,1992,12,REG,NYG,34,PHI,47,0
1992-11-22,1992,12,REG,OAK,24,DEN,0,0
1992-11-22,1992,12,REG,LAC,29,TB,14,0
1992-11-22,1992,12,REG,LAR,10,SF,27,0
1992-11-22,1992,12,REG,BUF,41,ATL,14,0
1992-11-22,1992,12,REG,CHI,3,GB,17,0
1992-11-22,1992,12,REG,CIN,13,DET,19,0
1992-11-22,1992,12,REG,ARI,10,DAL,16,0
1992-11-22,1992,12,REG,MIA,19,TEN,16,0
1992-11-22,1992,12,REG,MIN,17,CLE,13,0
1992-11-23,1992,12,REG,NO,20,WSH,3,0
1992-11-26,1992,12,REG,DAL,30,NYG,3,0
1992-11-26,1992,12,REG,DET,21,TEN,24,0
1992-11-29,1992,13,REG,GB,19,TB,14,0
1992-11-29,1992,13,REG,CIN,9,PIT,21,0
1992-11-29,1992,13,REG,ATL,34,NE,0,0
1992-11-29,1992,13,REG,CLE,27,CHI,14,0
1992-11-29,1992,13,REG,IND,16,BUF,13,0
1992-11-29,1992,13,REG,NO,24,MIA,13,0
1992-11-29,1992,13,REG,NYJ,7,KC,23,0
1992-11-29,1992,13,REG,SF,20,PHI,14,0
1992-11-29,1992,13,REG,WSH,41,ARI,3,0
1992-11-29,1992,13,REG,LAR,17,MIN,31,0
1992-11-29,1992,13,REG,LAC,27,OAK,3,0
1992-11-30,1992,13,REG,SEA,16,DEN,13,0
1992-12-03,1992,13,REG,NO,22,ATL,14,0
1992-12-06,1992,14,REG,NYG,10,WSH,28,0
1992-12-06,1992,14,REG,ARI,21,LAC,27,0
1992-12-06,1992,14,REG,PHI,28,MIN,17,0
1992-12-06,1992,14,REG,TB,27,LAR,31,0
1992-12-06,1992,14,REG,NE,0,IND,6,0
1992-12-06,1992,14,REG,GB,38,DET,10,0
1992-12-06,1992,14,REG,DEN,27,DAL,31,0
1992-12-06,1992,14,REG,CLE,37,CIN,21,0
1992-12-06,1992,14,REG,BUF,17,NYJ,24,0
1992-12-06,1992,14,REG,SF,27,MIA,3,0
1992-12-06,1992,14,REG,OAK,28,KC,7,0
1992-12-06,1992,14,REG,PIT,20,SEA,14,0
1992-12-07,1992,14,REG,TEN,24,CHI,7,0
1992-12-12,1992,14,REG,ARI,19,NYG,0,0
1992-12-12,1992,14,REG,BUF,27,DEN,17,0
1992-12-13,1992,15,REG,KC,27,NE,20,0
1992-12-13,1992,15,REG,LAC,27,CIN,10,0
1992-12-13,1992,15,REG,LAR,14,NO,37,0
1992-12-13,1992,15,REG,CHI,30,PIT,6,0
1992-12-13,1992,15,REG,DET,24,CLE,14,0
1992-12-13,1992,15,REG,NYJ,6,IND,10,0
1992-12-13,1992,15,REG,WSH,20,DAL,17,0
1992-12-13,1992,15,REG,TB,7,ATL,35,0
1992-12-13,1992,15,REG,SEA,17,PHI,20,0
1992-12-13,1992,15,REG,TEN,14,GB,16,0
1992-12-13,1992,15,REG,MIN,17,SF,20,0
1992-12-14,1992,15,REG,MIA,20,OAK,7,0
1992-12-19,1992,15,REG,SF,21,TB,14,0
1992-12-19,1992,15,REG,NYG,35,KC,21,0
1992-12-20,1992,16,REG,CLE,14,TEN,17,0
1992-12-20,1992,16,REG,OAK,14,LAC,36,0
1992-12-20,1992,16,REG,PIT,3,MIN,6,0
1992-12-20,1992,16,REG,PHI,17,WSH,13,0
1992-12-20,1992,16,REG,NO,16,BUF,20,0
1992-12-20,1992,16,REG,MIA,19,NYJ,17,0
1992-12-20,1992,16,REG,DET,16,CHI,3,0
1992-12-20,1992,16,REG,DEN,10,SEA,6,0
1992-12-20,1992,16,REG,IND,16,ARI,13,0
1992-12-20,1992,16,REG,CIN,20,NE,10,0
1992-12-20,1992,16,REG,GB,28,LAR,13,0
1992-12-21,1992,16,REG,ATL,17,DAL,41,0
1992-12-26,1992,16,REG,NYJ,0,NO,20,0
1992-12-26,1992,16,REG,WSH,20,OAK,21,0
1992-12-27,1992,17,REG,CIN,17,IND,21,0
1992-12-27,1992,17,REG,PHI,20,NYG,10,0
1992-12-27,1992,17,REG,TEN,27,BUF,3,0
1992-12-27,1992,17,REG,NE,13,MIA,16,0
1992-12-27,1992,17,REG,MIN,27,GB,7,0
1992-12-27,1992,17,REG,KC,42,DEN,20,0
1992-12-27,1992,17,REG,DAL,27,CHI,14,0
1992-12-27,1992,17,REG,SEA,14,LAC,31,0
1992-12-27,1992,17,REG,ARI,3,TB,7,0
1992-12-27,1992,17,REG,PIT,23,CLE,13,0
1992-12-27,1992,17,REG,LAR,38,ATL,27,0
1992-12-28,1992,17,REG,SF,24,DET,6,0
1993-01-02,1992,,POST,LAC,17,KC,0,0
1993-01-02,1992,,POST,MIN,7,WSH,24,0
1993-01-03,1992,,POST,NO,20,PHI,36,0
1993-01-03,1992,,POST,BUF,41,TEN,38,0
1993-01-09,1992,,POST,PIT,3,BUF,24,0
1993-01-09,1992,,POST,SF,20,WSH,13,0
1993-01-10,1992,,POST,MIA,31,LAC,0,0
1993-01-10,1992,,POST,DAL,34,PHI,10,0
1993-01-17,1992,,POST,SF,20,DAL,30,0
1993-01-17,1992,,POST,MIA,10,BUF,29,0
1993-01-31,1992,,POST,DAL,52,BUF,17,1
1993-09-05,1993,1,REG,IND,20,MIA,24,0
1993-09-05,1993,1,REG,CHI,20,NYG,26,0
1993-09-05,1993,1,REG,GB,36,LAR,6,0
1993-09-05,1993,1,REG,LAC,18,SEA,12,0
1993-09-05,1993,1,REG,TB,3,KC,27,0
1993-09-05,1993,1,REG,OAK,24,MIN,7,0
1993-09-05,1993,1,REG,PIT,13,SF,24,0
1993-09-05,1993,1,REG,CLE,27,CIN,14,0
1993-09-05,1993,1,REG,BUF,38,NE,14,0
1993-09-05,1993,1,REG,PHI,23,ARI,17,0
1993-09-05,1993,1,REG,NYJ,20,DEN,26,0
1993-09-05,1993,1,REG,NO,33,TEN,21,0
1993-09-05,1993,1,REG,DET,30,ATL,13,0
1993-09-06,1993,1,REG,WSH,35,DAL,16,0
1993-09-12,1993,2,REG,CIN,6,IND,9,0
1993-09-12,1993,2,REG,DEN,34,LAC,17,0
1993-09-12,1993,2,REG,WSH,10,ARI,17,0
1993-09-12,1993,2,REG,SEA,13,OAK,17,0
1993-09-12,1993,2,REG,TEN,30,KC,0,0
1993-09-12,1993,2,REG,NYG,23,TB,7,0
1993-09-12,1993,2,REG,NE,16,DET,19,0
1993-09-12,1993,2,REG,MIN,10,CHI,7,0
1993-09-12,1993,2,REG,MIA,14,NYJ,24,0
1993-09-12,1993,2,REG,LAR,27,PIT,0,0
1993-09-12,1993,2,REG,GB,17,PHI,20,0
1993-09-12,1993,2,REG,DAL,10,BUF,13,0
1993-09-12,1993,2,REG,ATL,31,NO,34,0
1993-09-13,1993,2,REG,CLE,23,SF,13,0
1993-09-19,1993,3,REG,NYG,20,LAR,10,0
1993-09-19,1993,3,REG,LAC,18,TEN,17,0
1993-09-19,1993,3,REG,ARI,10,DAL,17,0
1993-09-19,1993,3,REG,NO,14,DET,3,0
1993-09-19,1993,3,REG,NE,14,SEA,17,0
1993-09-19,1993,3,REG,PHI,34,WSH,31,0
1993-09-19,1993,3,REG,PIT,34,CIN,7,0
1993-09-19,1993,3,REG,SF,37,ATL,30,0
1993-09-19,1993,3,REG,OAK,16,CLE,19,0
1993-09-20,1993,3,REG,KC,15,DEN,7,0
1993-09-26,1993,4,REG,TEN,13,LAR,28,0
1993-09-26,1993,4,REG,NYJ,45,NE,7,0
1993-09-26,1993,4,REG,NO,16,SF,13,0
1993-09-26,1993,4,REG,MIN,15,GB,13,0
1993-09-26,1993,4,REG,DET,26,ARI,20,0
1993-09-26,1993,4,REG,IND,23,CLE,10,0
1993-09-26,1993,4,REG,CIN,10,SEA,19,0
1993-09-26,1993,4,REG,CHI,47,TB,17,0
1993-09-26,1993,4,REG,BUF,13,MIA,22,0
1993-09-27,1993,4,REG,ATL,17,PIT,45,0
1993-10-03,1993,5,REG,NYJ,30,PHI,35,0
1993-10-03,1993,5,REG,TB,27,DET,10,0
1993-10-03,1993,5,REG,SF,38,MIN,19,0
1993-10-03,1993,5,REG,KC,24,OAK,9,0
1993-10-03,1993,5,REG,DEN,35,IND,13,0
1993-10-03,1993,5,REG,DAL,36,GB,14,0
1993-10-03,1993,5,REG,CHI,6,ATL,0,0
1993-10-03,1993,5,REG,LAR,6,NO,37,0
1993-10-03,1993,5,REG,BUF,17,NYG,14,0
1993-10-03,1993,5,REG,SEA,31,LAC,14,0
1993-10-04,1993,5,REG,MIA,17,WSH,10,0
1993-10-10,1993,6,REG,WSH,7,NYG,41,0
1993-10-10,1993,6,REG,PIT,16,LAC,3,0
1993-10-10,1993,6,REG,CLE,14,MIA,24,0
1993-10-10,1993,6,REG,PHI,6,CHI,17,0
1993-10-10,1993,6,REG,MIN,15,TB,0,0
1993-10-10,1993,6,REG,KC,17,CIN,15,0
1993-10-10,1993,6,REG,OAK,24,NYJ,20,0
1993-10-10,1993,6,REG,ARI,21,NE,23,0
1993-10-10,1993,6,REG,IND,3,DAL,27,0
1993-10-10,1993,6,REG,GB,30,DEN,27,0
1993-10-11,1993,6,REG,BUF,35,TEN,7,0
1993-10-14,1993,6,REG,ATL,30,LAR,24,0
1993-10-17,1993,7,REG,NE,14,TEN,28,0
1993-10-17,1993,7,REG,LAC,14,KC,17,0
1993-10-17,1993,7,REG,CIN,17,CLE,28,0
1993-10-17,1993,7,REG,ARI,36,WSH,6,0
1993-10-17,1993,7,REG,DAL,26,SF,17,0
1993-10-17,1993,7,REG,DET,30,SEA,10,0
1993-10-17,1993,7,REG,PIT,37,NO,14,0
1993-10-17,1993,7,REG,NYG,21,PHI,10,0
1993-10-18,1993,7,REG,DEN,20,OAK,23,0
1993-10-24,1993,8,REG,TB,14,GB,37,0
1993-10-24,1993,8,REG,NYJ,10,BUF,19,0
1993-10-24,1993,8,REG,NO,15,ATL,26,0
1993-10-24,1993,8,REG,MIA,41,IND,27,0
1993-10-24,1993,8,REG,CLE,28,PIT,23,0
1993-10-24,1993,8,REG,LAR,13,DET,16,0
1993-10-24,1993,8,REG,TEN,28,CIN,12,0
1993-10-24,1993,8,REG,SEA,10,NE,9,0
1993-10-24,1993,8,REG,SF,28,ARI,14,0
1993-10-25,1993,8,REG,CHI,12,MIN,19,0
1993-10-31,1993,9,REG,PHI,10,DAL,23,0
1993-10-31,1993,9,REG,NYG,6,NYJ,10,0
1993-10-31,1993,9,REG,MIN,27,DET,30,0
1993-10-31,1993,9,REG,MIA,30,KC,10,0
1993-10-31,1993,9,REG,GB,17,CHI,3,0
1993-10-31,1993,9,REG,DEN,28,SEA,17,0
1993-10-31,1993,9,REG,ARI,17,NO,20,0
1993-10-31,1993,9,REG,IND,9,NE,6,0
1993-10-31,1993,9,REG,ATL,24,TB,31,0
1993-10-31,1993,9,REG,SF,40,LAR,17,0
1993-10-31,1993,9,REG,OAK,23,LAC,30,0
1993-11-01,1993,9,REG,BUF,24,WSH,10,0
1993-11-07,1993,10,REG,DET,23,TB,0,0
1993-11-07,1993,10,REG,DAL,31,NYG,9,0
1993-11-07,1993,10,REG,ARI,16,PHI,3,0
1993-11-07,1993,10,REG,CLE,14,DEN,29,0
1993-11-07,1993,10,REG,MIN,17,LAC,30,0
1993-11-07,1993,10,REG,CIN,16,PIT,24,0
1993-11-07,1993,10,REG,CHI,14,OAK,16,0
1993-11-07,1993,10,REG,WSH,30,IND,24,0
1993-11-07,1993,10,REG,TEN,24,SEA,14,0
1993-11-07,1993,10,REG,NE,10,BUF,13,0
1993-11-07,1993,10,REG,NYJ,27,MIA,10,0
1993-11-08,1993,10,REG,KC,23,GB,16,0
1993-11-14,1993,11,REG,LAR,0,ATL,13,0
1993-11-14,1993,11,REG,NO,17,GB,19,0
1993-11-14,1993,11,REG,DEN,23,MIN,26,0
1993-11-14,1993,11,REG,DAL,20,ARI,15,0
1993-11-14,1993,11,REG,IND,17,NYJ,31,0
1993-11-14,1993,11,REG,CIN,3,TEN,38,0
1993-11-14,1993,11,REG,PHI,14,MIA,19,0
1993-11-14,1993,11,REG,OAK,20,KC,31,0
1993-11-14,1993,11,REG,SEA,22,CLE,5,0
1993-11-14,1993,11,REG,TB,21,SF,45,0
1993-11-14,1993,11,REG,LAC,13,CHI,16,0
1993-11-14,1993,11,REG,NYG,20,WSH,6,0
1993-11-15,1993,11,REG,PIT,23,BUF,0,0
1993-11-21,1993,12,REG,CLE,20,TEN,27,0
1993-11-21,1993,12,REG,ATL,27,DAL,14,0
1993-11-21,1993,12,REG,LAC,7,OAK,12,0
1993-11-21,1993,12,REG,LAR,10,WSH,6,0
1993-11-21,1993,12,REG,MIA,17,NE,13,0
1993-11-21,1993,12,REG,KC,17,CHI,19,0
1993-11-21,1993,12,REG,BUF,23,IND,9,0
1993-11-21,1993,12,REG,TB,23,MIN,10,0
1993-11-21,1993,12,REG,PHI,3,NYG,7,0
1993-11-21,1993,12,REG,GB,26,DET,17,0
1993-11-21,1993,12,REG,DEN,37,PIT,13,0
1993-11-21,1993,12,REG,NYJ,17,CIN,12,0
1993-11-22,1993,12,REG,SF,42,NO,7,0
1993-11-25,1993,12,REG,DET,6,CHI,10,0
1993-11-25,1993,12,REG,DAL,14,MIA,16,0
1993-11-28,1993,13,REG,GB,13,TB,10,0
1993-11-28,1993,13,REG,CIN,16,OAK,10,0
1993-11-28,1993,13,REG,ATL,17,CLE,14,0
1993-11-28,1993,13,REG,KC,23,BUF,7,0
1993-11-28,1993,13,REG,SEA,9,DEN,17,0
1993-11-28,1993,13,REG,TEN,23,PIT,3,0
1993-11-28,1993,13,REG,NYG,19,ARI,17,0
1993-11-28,1993,13,REG,LAR,10,SF,35,0
1993-11-28,1993,13,REG,MIN,14,NO,17,0
1993-11-28,1993,13,REG,WSH,14,PHI,17,0
1993-11-28,1993,13,REG,NE,0,NYJ,6,0
1993-11-29,1993,13,REG,IND,0,LAC,31,0
1993-12-05,1993,14,REG,DET,0,MIN,13,0
1993-12-05,1993,14,REG,TB,17,WSH,23,0
1993-12-05,1993,14,REG,SF,21,CIN,8,0
1993-12-05,1993,14,REG,SEA,16,KC,31,0
1993-12-05,1993,14,REG,PIT,17,NE,14,0
1993-12-05,1993,14,REG,ARI,38,LAR,10,0
1993-12-05,1993,14,REG,TEN,33,ATL,17,0
1993-12-05,1993,14,REG,NYJ,6,IND,9,0
1993-12-05,1993,14,REG,MIA,14,NYG,19,0
1993-12-05,1993,14,REG,CLE,17,NO,13,0
1993-12-05,1993,14,REG,CHI,30,GB,17,0
1993-12-05,1993,14,REG,BUF,24,OAK,25,0
1993-12-05,1993,14,REG,LAC,13,DEN,10,0
1993-12-06,1993,14,REG,DAL,23,PHI,17,0
1993-12-11,1993,14,REG,ATL,27,SF,24,0
1993-12-11,1993,14,REG,WSH,0,NYJ,3,0
1993-12-12,1993,15,REG,PHI,7,BUF,10,0
1993-12-12,1993,15,REG,TEN,19,CLE,17,0
1993-12-12,1993,15,REG,NYG,20,IND,6,0
1993-12-12,1993,15,REG,TB,13,CHI,10,0
1993-12-12,1993,15,REG,NE,7,CIN,2,0
1993-12-12,1993,15,REG,MIN,20,DAL,37,0
1993-12-12,1993,15,REG,DEN,27,KC,21,0
1993-12-12,1993,15,REG,ARI,14,DET,21,0
1993-12-12,1993,15,REG,LAC,13,GB,20,0
1993-12-12,1993,15,REG,NO,20,LAR,23,0
1993-12-12,1993,15,REG,OAK,27,SEA,23,0
1993-12-13,1993,15,REG,MIA,20,PIT,21,0
1993-12-18,1993,15,REG,NYJ,7,DAL,28,0
1993-12-18,1993,15,REG,CHI,3,DEN,13,0
1993-12-19,1993,16,REG,PIT,17,TEN,26,0
1993-12-19,1993,16,REG,MIA,34,BUF,47,0
1993-12-19,1993,16,REG,GB,17,MIN,21,0
1993-12-19,1993,16,REG,DET,17,SF,55,0
1993-12-19,1993,16,REG,WSH,30,ATL,17,0
1993-12-19,1993,16,REG,CLE,17,NE,20,0
1993-12-19,1993,16,REG,KC,28,LAC,24,0
1993-12-19,1993,16,REG,CIN,15,LAR,3,0
1993-12-19,1993,16,REG,IND,10,PHI,20,0
1993-12-19,1993,16,REG,SEA,27,ARI,30,0
1993-12-19,1993,16,REG,OAK,27,TB,20,0
1993-12-20,1993,16,REG,NO,14,NYG,24,0
1993-12-25,1993,16,REG,SF,7,TEN,10,0
1993-12-26,1993,17,REG,PHI,37,NO,26,0
1993-12-26,1993,17,REG,SEA,16,PIT,6,0
1993-12-26,1993,17,REG,ARI,17,NYG,6,0
1993-12-26,1993,17,REG,CIN,21,ATL,17,0
1993-12-26,1993,17,REG,CHI,14,DET,20,0
1993-12-26,1993,17,REG,BUF,16,NYJ,14,0
1993-12-26,1993,17,REG,DAL,38,WSH,3,0
1993-12-26,1993,17,REG,DEN,10,TB,17,0
1993-12-26,1993,17,REG,NE,38,IND,0,0
1993-12-26,1993,17,REG,MIN,30,KC,10,0
1993-12-26,1993,17,REG,GB,28,OAK,0,0
1993-12-26,1993,17,REG,LAR,14,CLE,42,0
1993-12-27,1993,17,REG,LAC,45,MIA,20,0
1993-12-31,1993,17,REG,WSH,9,MIN,14,0
1994-01-02,1993,18,REG,TEN,24,NYJ,0,0
1994-01-02,1993,18,REG,OAK,33,DEN,30,0
1994-01-02,1993,18,REG,TB,17,LAC,32,0
1994-01-02,1993,18,REG,PIT,16,CLE,9,0
1994-01-02,1993,18,REG,NYG,13,DAL,16,0
1994-01-02,1993,18,REG,NE,33,MIA,27,0
1994-01-02,1993,18,REG,NO,20,CIN,13,0
1994-01-02,1993,18,REG,KC,34,SEA,24,0
1994-01-02,1993,18,REG,DET,30,GB,20,0
1994-01-02,1993,18,REG,IND,10,BUF,30,0
1994-01-02,1993,18,REG,ATL,10,ARI,27,0
1994-01-02,1993,18,REG,LAR,20,CHI,6,0
1994-01-03,1993,18,REG,SF,34,PHI,37,0
1994-01-08,1993,,POST,KC,27,PIT,24,0
1994-01-08,1993,,POST,DET,24,GB,28,0
1994-01-09,1993,,POST,OAK,42,DEN,24,0
1994-01-09,1993,,POST,NYG,17,MIN,10,0
1994-01-15,1993,,POST,BUF,29,OAK,23,0
1994-01-15,1993,,POST,SF,44,NYG,3,0
1994-01-16,1993,,POST,TEN,20,KC,28,0
1994-01-16,1993,,POST,DAL,27,GB,17,0
1994-01-23,1993,,POST,DAL,38,SF,21,0
1994-01-23,1993,,POST,BUF,30,KC,13,0
1994-01-30,1993,,POST,DAL,30,BUF,13,1
1994-09-04,1994,1,REG,DEN,34,LAC,37,0
1994-09-04,1994,1,REG,BUF,3,NYJ,23,0
1994-09-04,1994,1,REG,DET,31,ATL,28,0
1994-09-04,1994,1,REG,NO,17,KC,30,0
1994-09-04,1994,1,REG,LAR,14,ARI,12,0
1994-09-04,1994,1,REG,MIA,39,NE,35,0
1994-09-04,1994,1,REG,GB,16,MIN,10,0
1994-09-04,1994,1,REG,CIN,20,CLE,28,0
1994-09-04,1994,1,REG,CHI,21,TB,9,0
1994-09-04,1994,1,REG,WSH,7,SEA,28,0
1994-09-04,1994,1,REG,PIT,9,DAL,26,0
1994-09-04,1994,1,REG,NYG,28,PHI,23,0
1994-09-04,1994,1,REG,IND,45,TEN,21,0
1994-09-05,1994,1,REG,SF,44,OAK,14,0
1994-09-11,1994,2,REG,NO,24,WSH,38,0
1994-09-11,1994,2,REG,ATL,31,LAR,13,0
1994-09-11,1994,2,REG,TB,24,IND,10,0
1994-09-11,1994,2,REG,OAK,9,SEA,38,0
1994-09-11,1994,2,REG,NYJ,25,DEN,22,0
1994-09-11,1994,2,REG,NE,35,BUF,38,0
1994-09-11,1994,2,REG,MIN,10,DET,3,0
1994-09-11,1994,2,REG,KC,24,SF,17,0
1994-09-11,1994,2,REG,GB,14,MIA,24,0
1994-09-11,1994,2,REG,DAL,20,TEN,17,0
1994-09-11,1994,2,REG,ARI,17,NYG,20,0
1994-09-11,1994,2,REG,CLE,10,PIT,17,0
1994-09-11,1994,2,REG,LAC,27,CIN,10,0
1994-09-12,1994,2,REG,PHI,30,CHI,22,0
1994-09-18,1994,3,REG,SEA,10,LAC,24,0
1994-09-18,1994,3,REG,CLE,32,ARI,0,0
1994-09-18,1994,3,REG,LAR,19,SF,34,0
1994-09-18,1994,3,REG,ATL,10,KC,30,0
1994-09-18,1994,3,REG,CIN,28,NE,31,0
1994-09-18,1994,3,REG,CHI,14,MIN,42,0
1994-09-18,1994,3,REG,TB,7,NO,9,0
1994-09-18,1994,3,REG,PIT,31,IND,21,0
1994-09-18,1994,3,REG,PHI,13,GB,7,0
1994-09-18,1994,3,REG,TEN,7,BUF,15,0
1994-09-18,1994,3,REG,NYG,31,WSH,23,0
1994-09-18,1994,3,REG,MIA,28,NYJ,14,0
1994-09-18,1994,3,REG,DEN,16,OAK,48,0
1994-09-19,1994,3,REG,DAL,17,DET,20,0
1994-09-25,1994,4,REG,WSH,20,ATL,27,0
1994-09-25,1994,4,REG,OAK,24,LAC,26,0
1994-09-25,1994,4,REG,SF,24,NO,13,0
1994-09-25,1994,4,REG,SEA,30,PIT,13,0
1994-09-25,1994,4,REG,TEN,20,CIN,13,0
1994-09-25,1994,4,REG,MIN,38,MIA,35,0
1994-09-25,1994,4,REG,GB,30,TB,3,0
1994-09-25,1994,4,REG,DET,17,NE,23,0
1994-09-25,1994,4,REG,IND,14,CLE,21,0
1994-09-25,1994,4,REG,NYJ,7,CHI,19,0
1994-09-25,1994,4,REG,KC,0,LAR,16,0
1994-09-26,1994,4,REG,BUF,27,DEN,20,0
1994-10-02,1994,5,REG,NE,17,GB,16,0
1994-10-02,1994,5,REG,ARI,17,MIN,7,0
1994-10-02,1994,5,REG,IND,17,SEA,15,0
1994-10-02,1994,5,REG,CLE,27,NYJ,7,0
1994-10-02,1994,5,REG,NO,27,NYG,22,0
1994-10-02,1994,5,REG,CIN,7,MIA,23,0
1994-10-02,1994,5,REG,LAR,5,ATL,8,0
1994-10-02,1994,5,REG,CHI,20,BUF,13,0
1994-10-02,1994,5,REG,SF,8,PHI,40,0
1994-10-02,1994,5,REG,WSH,7,DAL,34,0
1994-10-02,1994,5,REG,TB,24,DET,14,0
1994-10-03,1994,5,REG,PIT,30,TEN,14,0
1994-10-09,1994,6,REG,BUF,21,MIA,11,0
1994-10-09,1994,6,REG,GB,24,LAR,17,0
1994-10-09,1994,6,REG,LAC,20,KC,6,0
1994-10-09,1994,6,REG,SEA,9,DEN,16,0
1994-10-09,1994,6,REG,PHI,21,WSH,17,0
1994-10-09,1994,6,REG,NYJ,16,IND,6,0
1994-10-09,1994,6,REG,NE,17,OAK,21,0
1994-10-09,1994,6,REG,DET,21,SF,27,0
1994-10-09,1994,6,REG,DAL,38,ARI,3,0
1994-10-09,1994,6,REG,CHI,17,NO,7,0
1994-10-09,1994,6,REG,ATL,34,TB,13,0
1994-10-10,1994,6,REG,NYG,10,MIN,27,0
1994-10-13,1994,6,REG,TEN,8,CLE,11,0
1994-10-16,1994,7,REG,ATL,3,SF,42,0
1994-10-16,1994,7,REG,NO,22,LAC,36,0
1994-10-16,1994,7,REG,PIT,14,CIN,10,0
1994-10-16,1994,7,REG,MIA,20,OAK,17,0
1994-10-16,1994,7,REG,DAL,24,PHI,13,0
1994-10-16,1994,7,REG,BUF,17,IND,27,0
1994-10-16,1994,7,REG,LAR,17,NYG,10,0
1994-10-16,1994,7,REG,WSH,16,ARI,19,0
1994-10-16,1994,7,REG,NYJ,24,NE,17,0
1994-10-17,1994,7,REG,DEN,28,KC,31,0
1994-10-20,1994,7,REG,MIN,13,GB,10,0
1994-10-23,1994,8,REG,OAK,30,ATL,17,0
1994-10-23,1994,8,REG,SF,41,TB,16,0
1994-10-23,1994,8,REG,ARI,21,DAL,28,0
1994-10-23,1994,8,REG,NO,37,LAR,34,0
1994-10-23,1994,8,REG,LAC,15,DEN,20,0
1994-10-23,1994,8,REG,DET,21,CHI,16,0
1994-10-23,1994,8,REG,IND,27,WSH,41,0
1994-10-23,1994,8,REG,CLE,37,CIN,13,0
1994-10-23,1994,8,REG,KC,38,SEA,23,0
1994-10-23,1994,8,REG,NYG,6,PIT,10,0
1994-10-24,1994,8,REG,PHI,21,TEN,6,0
1994-10-30,1994,9,REG,WSH,29,PHI,31,0
1994-10-30,1994,9,REG,OAK,17,TEN,14,0
1994-10-30,1994,9,REG,NE,3,MIA,23,0
1994-10-30,1994,9,REG,DEN,26,CLE,14,0
1994-10-30,1994,9,REG,IND,28,NYJ,25,0
1994-10-30,1994,9,REG,ARI,20,PIT,17,0
1994-10-30,1994,9,REG,NYG,25,DET,28,0
1994-10-30,1994,9,REG,BUF,44,KC,10,0
1994-10-30,1994,9,REG,LAC,35,SEA,15,0
1994-10-30,1994,9,REG,CIN,20,DAL,23,0
1994-10-30,1994,9,REG,TB,13,MIN,36,0
1994-10-31,1994,9,REG,CHI,6,GB,33,0
1994-11-06,1994,10,REG,PHI,17,ARI,7,0
1994-11-06,1994,10,REG,NYJ,22,BUF,17,0
1994-11-06,1994,10,REG,MIN,21,NO,20,0
1994-11-06,1994,10,REG,MIA,22,IND,21,0
1994-11-06,1994,10,REG,KC,13,OAK,3,0
1994-11-06,1994,10,REG,GB,38,DET,30,0
1994-11-06,1994,10,REG,ATL,10,LAC,9,0
1994-11-06,1994,10,REG,LAR,27,DEN,21,0
1994-11-06,1994,10,REG,TB,6,CHI,20,0
1994-11-06,1994,10,REG,CLE,13,NE,6,0
1994-11-06,1994,10,REG,WSH,22,SF,37,0
1994-11-06,1994,10,REG,SEA,17,CIN,20,0
1994-11-06,1994,10,REG,TEN,9,PIT,12,0
1994-11-07,1994,10,REG,DAL,38,NYG,10,0
1994-11-13,1994,11,REG,NYG,9,ARI,10,0
1994-11-13,1994,11,REG,PHI,7,CLE,26,0
1994-11-13,1994,11,REG,SF,21,DAL,14,0
1994-11-13,1994,11,REG,DET,14,TB,9,0
1994-11-13,1994,11,REG,DEN,17,SEA,10,0
1994-11-13,1994,11,REG,LAR,17,OAK,20,0
1994-11-13,1994,11,REG,NO,33,ATL,32,0
1994-11-13,1994,11,REG,NE,26,MIN,20,0
1994-11-13,1994,11,REG,CIN,34,TEN,31,0
1994-11-13,1994,11,REG,KC,13,LAC,14,0
1994-11-13,1994,11,REG,GB,17,NYJ,10,0
1994-11-13,1994,11,REG,MIA,14,CHI,17,0
1994-11-14,1994,11,REG,PIT,23,BUF,10,0
1994-11-20,1994,12,REG,OAK,24,NO,19,0
1994-11-20,1994,12,REG,SEA,22,TB,21,0
1994-11-20,1994,12,REG,PIT,16,MIA,13,0
1994-11-20,1994,12,REG,MIN,21,NYJ,31,0
1994-11-20,1994,12,REG,KC,20,CLE,13,0
1994-11-20,1994,12,REG,DEN,32,ATL,28,0
1994-11-20,1994,12,REG,DAL,31,WSH,7,0
1994-11-20,1994,12,REG,ARI,12,PHI,6,0
1994-11-20,1994,12,REG,CIN,13,IND,17,0
1994-11-20,1994,12,REG,CHI,20,DET,10,0
1994-11-20,1994,12,REG,BUF,29,GB,20,0
1994-11-20,1994,12,REG,SF,31,LAR,27,0
1994-11-20,1994,12,REG,NE,23,LAC,17,0
1994-11-21,1994,12,REG,TEN,10,NYG,13,0
1994-11-24,1994,12,REG,DAL,42,GB,31,0
1994-11-24,1994,12,REG,DET,35,BUF,21,0
1994-11-27,1994,13,REG,LAC,31,LAR,17,0
1994-11-27,1994,13,REG,ARI,16,CHI,19,0
1994-11-27,1994,13,REG,CLE,34,TEN,10,0
1994-11-27,1994,13,REG,ATL,28,PHI,21,0
1994-11-27,1994,13,REG,DEN,15,CIN,13,0
1994-11-27,1994,13,REG,IND,10,NE,12,0
1994-11-27,1994,13,REG,WSH,19,NYG,21,0
1994-11-27,1994,13,REG,SEA,10,KC,9,0
1994-11-27,1994,13,REG,OAK,3,PIT,21,0
1994-11-27,1994,13,REG,NYJ,24,MIA,28,0
1994-11-27,1994,13,REG,MIN,17,TB,20,0
1994-11-28,1994,13,REG,NO,14,SF,35,0
1994-12-01,1994,13,REG,MIN,33,CHI,27,0
1994-12-04,1994,14,REG,TEN,12,ARI,30,0
1994-12-04,1994,14,REG,CLE,13,NYG,16,0
1994-12-04,1994,14,REG,MIA,31,BUF,42,0
1994-12-04,1994,14,REG,CIN,15,PIT,38,0
1994-12-04,1994,14,REG,NE,24,NYJ,13,0
1994-12-04,1994,14,REG,KC,17,DEN,20,0
1994-12-04,1994,14,REG,PHI,19,DAL,31,0
1994-12-04,1994,14,REG,SEA,19,IND,31,0
1994-12-04,1994,14,REG,SF,50,ATL,14,0
1994-12-04,1994,14,REG,TB,26,WSH,21,0
1994-12-04,1994,14,REG,LAR,15,NO,31,0
1994-12-04,1994,14,REG,DET,34,GB,31,0
1994-12-05,1994,14,REG,LAC,17,OAK,24,0
1994-12-10,1994,14,REG,DAL,14,CLE,19,0
1994-12-10,1994,14,REG,NYJ,7,DET,18,0
1994-12-11,1994,15,REG,ATL,20,NO,29,0
1994-12-11,1994,15,REG,LAC,15,SF,38,0
1994-12-11,1994,15,REG,TB,24,LAR,14,0
1994-12-11,1994,15,REG,BUF,17,MIN,21,0
1994-12-11,1994,15,REG,ARI,17,WSH,15,0
1994-12-11,1994,15,REG,GB,40,CHI,3,0
1994-12-11,1994,15,REG,NE,28,IND,13,0
1994-12-11,1994,15,REG,NYG,27,CIN,20,0
1994-12-11,1994,15,REG,TEN,14,SEA,16,0
1994-12-11,1994,15,REG,PIT,14,PHI,3,0
1994-12-11,1994,15,REG,OAK,23,DEN,13,0
1994-12-12,1994,15,REG,MIA,45,KC,28,0
1994-12-17,1994,15,REG,SF,42,DEN,19,0
1994-12-17,1994,15,REG,DET,41,MIN,19,0
1994-12-18,1994,16,REG,KC,31,TEN,9,0
1994-12-18,1994,16,REG,GB,21,ATL,17,0
1994-12-18,1994,16,REG,NYJ,6,LAC,21,0
1994-12-18,1994,16,REG,SEA,16,OAK,17,0
1994-12-18,1994,16,REG,WSH,14,TB,17,0
1994-12-18,1994,16,REG,IND,10,MIA,6,0
1994-12-18,1994,16,REG,BUF,17,NE,41,0
1994-12-18,1994,16,REG,CHI,27,LAR,13,0
1994-12-18,1994,16,REG,PIT,17,CLE,7,0
1994-12-18,1994,16,REG,PHI,13,NYG,16,0
1994-12-18,1994,16,REG,ARI,28,CIN,7,0
1994-12-19,1994,16,REG,NO,16,DAL,24,0
1994-12-24,1994,16,REG,CHI,3,NE,13,0
1994-12-24,1994,16,REG,IND,10,BUF,9,0
1994-12-24,1994,16,REG,LAC,37,PIT,34,0
1994-12-24,1994,16,REG,ATL,10,ARI,6,0
1994-12-24,1994,16,REG,CIN,33,PHI,30,0
1994-12-24,1994,16,REG,CLE,35,SEA,9,0
1994-12-24,1994,16,REG,DEN,28,NO,30,0
1994-12-24,1994,16,REG,NYG,15,DAL,10,0
1994-12-24,1994,16,REG,TEN,24,NYJ,10,0
1994-12-24,1994,16,REG,OAK,9,KC,19,0
1994-12-24,1994,16,REG,TB,19,GB,34,0
1994-12-24,1994,16,REG,LAR,21,WSH,24,0
1994-12-25,1994,17,REG,MIA,27,DET,20,0
1994-12-26,1994,17,REG,MIN,21,SF,14,0
1994-12-31,1994,,POST,GB,16,DET,12,0
1994-12-31,1994,,POST,MIA,27,KC,17,0
1995-01-01,1994,,POST,CLE,20,NE,13,0
1995-01-01,1994,,POST,MIN,18,CHI,35,0
1995-01-07,1994,,POST,SF,44,CHI,15,0
1995-01-07,1994,,POST,PIT,29,CLE,9,0
1995-01-08,1994,,POST,DAL,35,GB,9,0
1995-01-08,1994,,POST,LAC,22,MIA,21,0
1995-01-15,1994,,POST,SF,38,DAL,28,0
1995-01-15,1994,,POST,PIT,13,LAC,17,0
1995-01-29,1994,,POST,SF,49,LAC,26,1
1995-09-03,1995,1,REG,DEN,22,BUF,7,0
1995-09-03,1995,1,REG,IND,21,CIN,24,0
1995-09-03,1995,1,REG,ATL,23,CAR,20,0
1995-09-03,1995,1,REG,PIT,23,DET,20,0
1995-09-03,1995,1,REG,PHI,6,TB,21,0
1995-09-03,1995,1,REG,NE,17,CLE,14,0
1995-09-03,1995,1,REG,NO,22,SF,24,0
1995-09-03,1995,1,REG,OAK,17,LAC,7,0
1995-09-03,1995,1,REG,SEA,10,KC,34,0
1995-09-03,1995,1,REG,CHI,31,MIN,14,0
1995-09-03,1995,1,REG,WSH,27,ARI,7,0
1995-09-03,1995,1,REG,JAX,3,TEN,10,0
1995-09-03,1995,1,REG,GB,14,LAR,17,0
1995-09-03,1995,1,REG,MIA,52,NYJ,14,0
1995-09-04,1995,1,REG,NYG,0,DAL,35,0
1995-09-10,1995,2,REG,DAL,31,DEN,21,0
1995-09-10,1995,2,REG,BUF,31,CAR,9,0
1995-09-10,1995,2,REG,CIN,24,JAX,17,0
1995-09-10,1995,2,REG,CLE,22,TB,6,0
1995-09-10,1995,2,REG,ARI,19,PHI,31,0
1995-09-10,1995,2,REG,LAC,14,SEA,10,0
1995-09-10,1995,2,REG,LAR,17,NO,13,0
1995-09-10,1995,2,REG,MIN,20,DET,10,0
1995-09-10,1995,2,REG,NE,3,MIA,20,0
1995-09-10,1995,2,REG,NYJ,24,IND,27,0
1995-09-10,1995,2,REG,TEN,17,PIT,34,0
1995-09-10,1995,2,REG,SF,41,ATL,10,0
1995-09-10,1995,2,REG,WSH,8,OAK,20,0
1995-09-10,1995,2,REG,KC,20,NYG,17,0
1995-09-11,1995,2,REG,CHI,24,GB,27,0
1995-09-17,1995,3,REG,TB,6,CHI,25,0
1995-09-17,1995,3,REG,NYJ,27,JAX,10,0
1995-09-17,1995,3,REG,TEN,7,CLE,14,0
1995-09-17,1995,3,REG,SEA,24,CIN,21,0
1995-09-17,1995,3,REG,SF,28,NE,3,0
1995-09-17,1995,3,REG,PHI,21,LAC,27,0
1995-09-17,1995,3,REG,CAR,10,LAR,31,0
1995-09-17,1995,3,REG,BUF,20,IND,14,0
1995-09-17,1995,3,REG,DEN,38,WSH,31,0
1995-09-17,1995,3,REG,DET,17,ARI,20,0
1995-09-17,1995,3,REG,GB,14,NYG,6,0
1995-09-17,1995,3,REG,KC,23,OAK,17,0
1995-09-17,1995,3,REG,MIN,17,DAL,23,0
1995-09-17,1995,3,REG,NO,24,ATL,27,0
1995-09-18,1995,3,REG,MIA,23,PIT,10,0
1995-09-24,1995,4,REG,PIT,24,MIN,44,0
1995-09-24,1995,4,REG,NYG,45,NO,29,0
1995-09-24,1995,4,REG,JAX,14,GB,24,0
1995-09-24,1995,4,REG,TB,14,WSH,6,0
1995-09-24,1995,4,REG,ATL,13,NYJ,3,0
1995-09-24,1995,4,REG,OAK,48,PHI,17,0
1995-09-24,1995,4,REG,LAR,34,CHI,28,0
1995-09-24,1995,4,REG,CIN,28,TEN,38,0
1995-09-24,1995,4,REG,CLE,35,KC,17,0
1995-09-24,1995,4,REG,DAL,34,ARI,20,0
1995-09-24,1995,4,REG,LAC,17,DEN,6,0
1995-09-25,1995,4,REG,DET,27,SF,24,0
1995-10-01,1995,5,REG,SF,20,NYG,6,0
1995-10-01,1995,5,REG,PIT,31,LAC,16,0
1995-10-01,1995,5,REG,IND,21,LAR,18,0
1995-10-01,1995,5,REG,ATL,30,NE,17,0
1995-10-01,1995,5,REG,CAR,13,TB,20,0
1995-10-01,1995,5,REG,WSH,27,DAL,23,0
1995-10-01,1995,5,REG,CIN,23,MIA,26,0
1995-10-01,1995,5,REG,ARI,3,KC,24,0
1995-10-01,1995,5,REG,NO,10,PHI,15,0
1995-10-01,1995,5,REG,NYJ,10,OAK,47,0
1995-10-01,1995,5,REG,TEN,16,JAX,17,0
1995-10-01,1995,5,REG,SEA,27,DEN,10,0
1995-10-02,1995,5,REG,CLE,19,BUF,22,0
1995-10-08,1995,6,REG,PHI,37,WSH,34,0
1995-10-08,1995,6,REG,CHI,31,CAR,27,0
1995-10-08,1995,6,REG,DAL,34,GB,24,0
1995-10-08,1995,6,REG,DET,38,CLE,20,0
1995-10-08,1995,6,REG,JAX,20,PIT,16,0
1995-10-08,1995,6,REG,MIA,24,IND,27,0
1995-10-08,1995,6,REG,MIN,23,TEN,17,0
1995-10-08,1995,6,REG,NE,3,DEN,37,0
1995-10-08,1995,6,REG,NYG,27,ARI,21,0
1995-10-08,1995,6,REG,OAK,34,SEA,14,0
1995-10-08,1995,6,REG,TB,19,CIN,16,0
1995-10-08,1995,6,REG,BUF,29,NYJ,10,0
1995-10-09,1995,6,REG,KC,29,LAC,23,0
1995-10-12,1995,6,REG,LAR,21,ATL,19,0
1995-10-15,1995,7,REG,GB,30,DET,21,0
1995-10-15,1995,7,REG,ARI,24,WSH,20,0
1995-10-15,1995,7,REG,IND,18,SF,17,0
1995-10-15,1995,7,REG,NYG,14,PHI,17,0
1995-10-15,1995,7,REG,TB,20,MIN,17,0
1995-10-15,1995,7,REG,LAC,9,DAL,23,0
1995-10-15,1995,7,REG,NO,33,MIA,30,0
1995-10-15,1995,7,REG,JAX,27,CHI,30,0
1995-10-15,1995,7,REG,CAR,26,NYJ,15,0
1995-10-15,1995,7,REG,KC,31,NE,26,0
1995-10-15,1995,7,REG,BUF,27,SEA,21,0
1995-10-16,1995,7,REG,DEN,27,OAK,0,0
1995-10-19,1995,7,REG,PIT,9,CIN,27,0
1995-10-22,1995,8,REG,CHI,35,TEN,32,0
1995-10-22,1995,8,REG,CAR,20,NO,3,0
1995-10-22,1995,8,REG,CLE,15,JAX,23,0
1995-10-22,1995,8,REG,DEN,7,KC,21,0
1995-10-22,1995,8,REG,GB,38,MIN,21,0
1995-10-22,1995,8,REG,NYJ,17,MIA,16,0
1995-10-22,1995,8,REG,OAK,30,IND,17,0
1995-10-22,1995,8,REG,WSH,36,DET,30,0
1995-10-22,1995,8,REG,SEA,25,LAC,35,0
1995-10-22,1995,8,REG,LAR,10,SF,44,0
1995-10-22,1995,8,REG,TB,21,ATL,24,0
1995-10-23,1995,8,REG,NE,27,BUF,14,0
1995-10-29,1995,9,REG,NE,17,CAR,20,0
1995-10-29,1995,9,REG,PHI,20,LAR,9,0
1995-10-29,1995,9,REG,WSH,15,NYG,24,0
1995-10-29,1995,9,REG,PIT,24,JAX,7,0
1995-10-29,1995,9,REG,SF,7,NO,11,0
1995-10-29,1995,9,REG,MIA,23,BUF,6,0
1995-10-29,1995,9,REG,TEN,19,TB,7,0
1995-10-29,1995,9,REG,DET,24,GB,16,0
1995-10-29,1995,9,REG,ARI,20,SEA,14,0
1995-10-29,1995,9,REG,IND,17,NYJ,10,0
1995-10-29,1995,9,REG,CIN,26,CLE,29,0
1995-10-29,1995,9,REG,ATL,13,DAL,28,0
1995-10-30,1995,9,REG,MIN,6,CHI,14,0
1995-11-05,1995,10,REG,KC,24,WSH,3,0
1995-11-05,1995,10,REG,NO,19,LAR,10,0
1995-11-05,1995,10,REG,ATL,34,DET,22,0
1995-11-05,1995,10,REG,CHI,34,PIT,37,0
1995-11-05,1995,10,REG,CIN,17,OAK,20,0
1995-11-05,1995,10,REG,CLE,10,TEN,37,0
1995-11-05,1995,10,REG,LAC,14,MIA,24,0
1995-11-05,1995,10,REG,IND,10,BUF,16,0
1995-11-05,1995,10,REG,DEN,38,ARI,6,0
1995-11-05,1995,10,REG,MIN,27,GB,24,0
1995-11-05,1995,10,REG,NYJ,7,NE,20,0
1995-11-05,1995,10,REG,SEA,30,NYG,28,0
1995-11-05,1995,10,REG,SF,7,CAR,13,0
1995-11-06,1995,10,REG,DAL,34,PHI,12,0
1995-11-12,1995,11,REG,PHI,31,DEN,13,0
1995-11-12,1995,11,REG,TEN,25,CIN,32,0
1995-11-12,1995,11,REG,GB,35,CHI,28,0
1995-11-12,1995,11,REG,NYG,13,OAK,17,0
1995-11-12,1995,11,REG,MIA,17,NE,34,0
1995-11-12,1995,11,REG,ARI,24,MIN,30,0
1995-11-12,1995,11,REG,BUF,23,ATL,17,0
1995-11-12,1995,11,REG,LAR,28,CAR,17,0
1995-11-12,1995,11,REG,LAC,7,KC,22,0
1995-11-12,1995,11,REG,JAX,30,SEA,47,0
1995-11-12,1995,11,REG,NO,17,IND,14,0
1995-11-12,1995,11,REG,DAL,20,SF,38,0
1995-11-12,1995,11,REG,DET,27,TB,24,0
1995-11-13,1995,11,REG,PIT,20,CLE,3,0
1995-11-19,1995,12,REG,CAR,27,ARI,7,0
1995-11-19,1995,12,REG,CHI,17,DET,24,0
1995-11-19,1995,12,REG,CIN,31,PIT,49,0
1995-11-19,1995,12,REG,CLE,20,GB,31,0
1995-11-19,1995,12,REG,KC,20,TEN,13,0
1995-11-19,1995,12,REG,MIN,43,NO,24,0
1995-11-19,1995,12,REG,NE,10,IND,24,0
1995-11-19,1995,12,REG,ATL,31,LAR,6,0
1995-11-19,1995,12,REG,DEN,30,LAC,27,0
1995-11-19,1995,12,REG,NYJ,26,BUF,28,0
1995-11-19,1995,12,REG,PHI,28,NYG,19,0
1995-11-19,1995,12,REG,OAK,21,DAL,34,0
1995-11-19,1995,12,REG,TB,17,JAX,16,0
1995-11-19,1995,12,REG,WSH,20,SEA,27,0
1995-11-20,1995,12,REG,MIA,20,SF,44,0
1995-11-23,1995,12,REG,DET,44,MIN,38,0
1995-11-23,1995,12,REG,DAL,24,KC,12,0
1995-11-26,1995,13,REG,SEA,10,NYJ,16,0
1995-11-26,1995,13,REG,CLE,17,PIT,20,0
1995-11-26,1995,13,REG,IND,36,MIA,28,0
1995-11-26,1995,13,REG,ARI,40,ATL,37,0
1995-11-26,1995,13,REG,BUF,25,NE,35,0
1995-11-26,1995,13,REG,SF,41,LAR,13,0
1995-11-26,1995,13,REG,WSH,7,PHI,14,0
1995-11-26,1995,13,REG,NYG,24,CHI,27,0
1995-11-26,1995,13,REG,TEN,42,DEN,33,0
1995-11-26,1995,13,REG,GB,35,TB,13,0
1995-11-26,1995,13,REG,JAX,13,CIN,17,0
1995-11-26,1995,13,REG,NO,34,CAR,26,0
1995-11-27,1995,13,REG,LAC,12,OAK,6,0
1995-11-30,1995,13,REG,ARI,6,NYG,10,0
1995-12-03,1995,14,REG,SF,27,BUF,17,0
1995-12-03,1995,14,REG,SEA,26,PHI,14,0
1995-12-03,1995,14,REG,NYJ,20,LAR,23,0
1995-12-03,1995,14,REG,CAR,13,IND,10,0
1995-12-03,1995,14,REG,DAL,17,WSH,24,0
1995-12-03,1995,14,REG,DEN,31,JAX,23,0
1995-12-03,1995,14,REG,GB,24,CIN,10,0
1995-12-03,1995,14,REG,MIA,21,ATL,20,0
1995-12-03,1995,14,REG,MIN,31,TB,17,0
1995-12-03,1995,14,REG,NE,17,NO,31,0
1995-12-03,1995,14,REG,PIT,21,TEN,7,0
1995-12-03,1995,14,REG,LAC,31,CLE,13,0
1995-12-03,1995,14,REG,OAK,23,KC,29,0
1995-12-04,1995,14,REG,DET,27,CHI,7,0
1995-12-09,1995,14,REG,MIN,27,CLE,11,0
1995-12-09,1995,14,REG,LAC,28,ARI,25,0
1995-12-10,1995,15,REG,CIN,16,CHI,10,0
1995-12-10,1995,15,REG,NYG,20,WSH,13,0
1995-12-10,1995,15,REG,DEN,27,SEA,31,0
1995-12-10,1995,15,REG,TEN,17,DET,24,0
1995-12-10,1995,15,REG,JAX,31,IND,41,0
1995-12-10,1995,15,REG,OAK,10,PIT,29,0
1995-12-10,1995,15,REG,NE,31,NYJ,28,0
1995-12-10,1995,15,REG,TB,13,GB,10,0
1995-12-10,1995,15,REG,LAR,27,BUF,45,0
1995-12-10,1995,15,REG,PHI,20,DAL,17,0
1995-12-10,1995,15,REG,CAR,10,SF,31,0
1995-12-10,1995,15,REG,ATL,19,NO,14,0
1995-12-11,1995,15,REG,MIA,13,KC,6,0
1995-12-16,1995,15,REG,PIT,41,NE,27,0
1995-12-16,1995,15,REG,NO,23,GB,34,0
1995-12-17,1995,16,REG,DAL,21,NYG,20,0
1995-12-17,1995,16,REG,LAR,23,WSH,35,0
1995-12-17,1995,16,REG,KC,20,DEN,17,0
1995-12-17,1995,16,REG,TEN,23,NYJ,6,0
1995-12-17,1995,16,REG,PHI,21,ARI,20,0
1995-12-17,1995,16,REG,SEA,44,OAK,10,0
1995-12-17,1995,16,REG,BUF,23,MIA,20,0
1995-12-17,1995,16,REG,CAR,21,ATL,17,0
1995-12-17,1995,16,REG,CHI,31,TB,10,0
1995-12-17,1995,16,REG,CLE,26,CIN,10,0
1995-12-17,1995,16,REG,IND,24,LAC,27,0
1995-12-17,1995,16,REG,DET,44,JAX,0,0
1995-12-18,1995,16,REG,SF,37,MIN,30,0
1995-12-23,1995,16,REG,IND,10,NE,7,0
1995-12-23,1995,16,REG,NYG,17,LAC,27,0
1995-12-23,1995,16,REG,TB,10,DET,37,0
1995-12-24,1995,17,REG,CHI,20,PHI,14,0
1995-12-24,1995,17,REG,WSH,20,CAR,17,0
1995-12-24,1995,17,REG,OAK,28,DEN,31,0
1995-12-24,1995,17,REG,NYJ,0,NO,12,0
1995-12-24,1995,17,REG,KC,26,SEA,3,0
1995-12-24,1995,17,REG,JAX,24,CLE,21,0
1995-12-24,1995,17,REG,GB,24,PIT,19,0
1995-12-24,1995,17,REG,BUF,17,TEN,28,0
1995-12-24,1995,17,REG,ATL,28,SF,27,0
1995-12-24,1995,17,REG,LAR,22,MIA,41,0
1995-12-24,1995,17,REG,CIN,27,MIN,24,0
1995-12-25,1995,17,REG,ARI,13,DAL,37,0
1995-12-30,1995,,POST,BUF,37,MIA,22,0
1995-12-30,1995,,POST,PHI,58,DET,37,0
1995-12-31,1995,,POST,GB,37,ATL,20,0
1995-12-31,1995,,POST,LAC,20,IND,35,0
1996-01-06,1995,,POST,PIT,40,BUF,21,0
1996-01-06,1995,,POST,SF,17,GB,27,0
1996-01-07,1995,,POST,KC,7,IND,10,0
1996-01-07,1995,,POST,DAL,30,PHI,11,0
1996-01-14,1995,,POST,DAL,38,GB,27,0
1996-01-14,1995,,POST,PIT,20,IND,16,0
1996-01-28,1995,,POST,PIT,17,DAL,27,1
1996-09-01,1996,1,REG,WSH,14,PHI,17,0
1996-09-01,1996,1,REG,DEN,31,NYJ,6,0
1996-09-01,1996,1,REG,LAC,29,SEA,7,0
1996-09-01,1996,1,REG,CAR,29,ATL,6,0
1996-09-01,1996,1,REG,IND,20,ARI,13,0
1996-09-01,1996,1,REG,JAX,24,PIT,9,0
1996-09-01,1996,1,REG,MIA,24,NE,10,0
1996-09-01,1996,1,REG,MIN,17,DET,13,0
1996-09-01,1996,1,REG,NYG,20,BUF,23,0
1996-09-01,1996,1,REG,TEN,19,KC,20,0
1996-09-01,1996,1,REG,BAL,19,OAK,14,0
1996-09-01,1996,1,REG,LAR,26,CIN,16,0
1996-09-01,1996,1,REG,TB,3,GB,34,0
1996-09-01,1996,1,REG,SF,27,NO,11,0
1996-09-02,1996,1,REG,CHI,22,DAL,6,0
1996-09-08,1996,2,REG,ATL,17,MIN,23,0
1996-09-08,1996,2,REG,WSH,10,CHI,3,0
1996-09-08,1996,2,REG,SEA,20,DEN,30,0
1996-09-08,1996,2,REG,LAC,27,CIN,14,0
1996-09-08,1996,2,REG,DAL,27,NYG,0,0
1996-09-08,1996,2,REG,SF,34,LAR,0,0
1996-09-08,1996,2,REG,BUF,17,NE,10,0
1996-09-08,1996,2,REG,PIT,31,BAL,17,0
1996-09-08,1996,2,REG,NYJ,7,IND,21,0
1996-09-08,1996,2,REG,NO,20,CAR,22,0
1996-09-08,1996,2,REG,KC,19,OAK,3,0
1996-09-08,1996,2,REG,JAX,27,TEN,34,0
1996-09-08,1996,2,REG,DET,21,TB,6,0
1996-09-08,1996,2,REG,ARI,10,MIA,38,0
1996-09-09,1996,2,REG,GB,39,PHI,13,0
1996-09-15,1996,3,REG,SEA,17,KC,35,0
1996-09-15,1996,3,REG,GB,42,LAC,10,0
1996-09-15,1996,3,REG,OAK,17,JAX,3,0
1996-09-15,1996,3,REG,PHI,24,DET,17,0
1996-09-15,1996,3,REG,TEN,29,BAL,13,0
1996-09-15,1996,3,REG,NYG,10,WSH,31,0
1996-09-15,1996,3,REG,NE,31,ARI,0,0
1996-09-15,1996,3,REG,MIA,36,NYJ,27,0
1996-09-15,1996,3,REG,DEN,27,TB,23,0
1996-09-15,1996,3,REG,DAL,24,IND,25,0
1996-09-15,1996,3,REG,CIN,30,NO,15,0
1996-09-15,1996,3,REG,CHI,14,MIN,20,0
1996-09-16,1996,3,REG,PIT,24,BUF,6,0
1996-09-22,1996,4,REG,CAR,23,SF,7,0
1996-09-22,1996,4,REG,ATL,18,PHI,33,0
1996-09-22,1996,4,REG,TB,13,SEA,17,0
1996-09-22,1996,4,REG,KC,17,DEN,14,0
1996-09-22,1996,4,REG,DET,35,CHI,16,0
1996-09-22,1996,4,REG,LAR,10,WSH,17,0
1996-09-22,1996,4,REG,BUF,10,DAL,7,0
1996-09-22,1996,4,REG,OAK,34,LAC,40,0
1996-09-22,1996,4,REG,NYJ,6,NYG,13,0
1996-09-22,1996,4,REG,NE,28,JAX,25,0
1996-09-22,1996,4,REG,NO,14,ARI,28,0
1996-09-22,1996,4,REG,MIN,30,GB,21,0
1996-09-23,1996,4,REG,IND,10,MIA,6,0
1996-09-29,1996,5,REG,ARI,31,LAR,28,0
1996-09-29,1996,5,REG,JAX,24,CAR,14,0
1996-09-29,1996,5,REG,WSH,31,NYJ,16,0
1996-09-29,1996,5,REG,TB,0,DET,27,0
1996-09-29,1996,5,REG,SF,39,ATL,17,0
1996-09-29,1996,5,REG,SEA,10,GB,31,0
1996-09-29,1996,5,REG,BAL,17,NO,10,0
1996-09-29,1996,5,REG,PIT,30,TEN,16,0
1996-09-29,1996,5,REG,NYG,15,MIN,10,0
1996-09-29,1996,5,REG,CIN,10,DEN,14,0
1996-09-29,1996,5,REG,CHI,19,OAK,17,0
1996-09-29,1996,5,REG,LAC,22,KC,19,0
1996-09-30,1996,5,REG,PHI,19,DAL,23,0
1996-10-06,1996,6,REG,BAL,38,NE,46,0
1996-10-06,1996,6,REG,DEN,28,LAC,17,0
1996-10-06,1996,6,REG,LAR,11,SF,28,0
1996-10-06,1996,6,REG,CHI,6,GB,37,0
1996-10-06,1996,6,REG,CIN,27,TEN,30,0
1996-10-06,1996,6,REG,DET,28,ATL,24,0
1996-10-06,1996,6,REG,BUF,16,IND,13,0
1996-10-06,1996,6,REG,NYJ,13,OAK,34,0
1996-10-06,1996,6,REG,NO,17,JAX,13,0
1996-10-06,1996,6,REG,MIN,14,CAR,12,0
1996-10-06,1996,6,REG,MIA,15,SEA,22,0
1996-10-07,1996,6,REG,KC,7,PIT,17,0
1996-10-13,1996,7,REG,JAX,21,NYJ,17,0
1996-10-13,1996,7,REG,CAR,45,LAR,13,0
1996-10-13,1996,7,REG,ATL,13,TEN,23,0
1996-10-13,1996,7,REG,BUF,7,MIA,21,0
1996-10-13,1996,7,REG,IND,26,BAL,21,0
1996-10-13,1996,7,REG,DAL,17,ARI,3,0
1996-10-13,1996,7,REG,NO,27,CHI,24,0
1996-10-13,1996,7,REG,NE,22,WSH,27,0
1996-10-13,1996,7,REG,NYG,10,PHI,19,0
1996-10-13,1996,7,REG,PIT,20,CIN,10,0
1996-10-13,1996,7,REG,OAK,37,DET,21,0
1996-10-13,1996,7,REG,TB,24,MIN,13,0
1996-10-14,1996,7,REG,GB,23,SF,20,0
1996-10-17,1996,7,REG,KC,34,SEA,16,0
1996-10-20,1996,8,REG,TEN,23,PIT,13,0
1996-10-20,1996,8,REG,WSH,31,NYG,21,0
1996-10-20,1996,8,REG,ARI,13,TB,9,0
1996-10-20,1996,8,REG,SF,28,CIN,21,0
1996-10-20,1996,8,REG,PHI,35,MIA,28,0
1996-10-20,1996,8,REG,DAL,32,ATL,28,0
1996-10-20,1996,8,REG,DEN,45,BAL,34,0
1996-10-20,1996,8,REG,CAR,19,NO,7,0
1996-10-20,1996,8,REG,LAR,17,JAX,14,0
1996-10-20,1996,8,REG,IND,9,NE,27,0
1996-10-20,1996,8,REG,NYJ,22,BUF,25,0
1996-10-21,1996,8,REG,LAC,14,OAK,23,0
1996-10-27,1996,9,REG,ARI,21,NYJ,31,0
1996-10-27,1996,9,REG,ATL,17,PIT,20,0
1996-10-27,1996,9,REG,BAL,37,LAR,31,0
1996-10-27,1996,9,REG,WSH,31,IND,16,0
1996-10-27,1996,9,REG,PHI,20,CAR,9,0
1996-10-27,1996,9,REG,TEN,9,SF,10,0
1996-10-27,1996,9,REG,SEA,32,LAC,13,0
1996-10-27,1996,9,REG,NE,28,BUF,25,0
1996-10-27,1996,9,REG,MIA,10,DAL,29,0
1996-10-27,1996,9,REG,GB,13,TB,7,0
1996-10-27,1996,9,REG,DET,7,NYG,35,0
1996-10-27,1996,9,REG,DEN,34,KC,7,0
1996-10-27,1996,9,REG,CIN,28,JAX,21,0
1996-10-28,1996,9,REG,MIN,13,CHI,15,0
1996-11-03,1996,10,REG,MIN,6,KC,21,0
1996-11-03,1996,10,REG,PIT,42,LAR,6,0
1996-11-03,1996,10,REG,DAL,21,PHI,31,0
1996-11-03,1996,10,REG,IND,19,LAC,26,0
1996-11-03,1996,10,REG,SEA,23,TEN,16,0
1996-11-03,1996,10,REG,BAL,21,CIN,24,0
1996-11-03,1996,10,REG,NYG,16,ARI,8,0
1996-11-03,1996,10,REG,NE,42,MIA,23,0
1996-11-03,1996,10,REG,NO,17,SF,24,0
1996-11-03,1996,10,REG,GB,28,DET,18,0
1996-11-03,1996,10,REG,CHI,13,TB,10,0
1996-11-03,1996,10,REG,BUF,38,WSH,13,0
1996-11-03,1996,10,REG,ATL,20,CAR,17,0
1996-11-04,1996,10,REG,OAK,21,DEN,22,0
1996-11-10,1996,11,REG,WSH,34,ARI,37,0
1996-11-10,1996,11,REG,TB,20,OAK,17,0
1996-11-10,1996,11,REG,SF,17,DAL,20,0
1996-11-10,1996,11,REG,SEA,42,MIN,23,0
1996-11-10,1996,11,REG,NYJ,27,NE,31,0
1996-11-10,1996,11,REG,NO,14,TEN,31,0
1996-11-10,1996,11,REG,MIA,37,IND,13,0
1996-11-10,1996,11,REG,KC,27,GB,20,0
1996-11-10,1996,11,REG,JAX,30,BAL,27,0
1996-11-10,1996,11,REG,DEN,17,CHI,12,0
1996-11-10,1996,11,REG,CIN,34,PIT,24,0
1996-11-10,1996,11,REG,CAR,27,NYG,17,0
1996-11-10,1996,11,REG,PHI,17,BUF,24,0
1996-11-10,1996,11,REG,LAR,59,ATL,16,0
1996-11-11,1996,11,REG,LAC,27,DET,21,0
1996-11-17,1996,12,REG,OAK,13,MIN,16,0
1996-11-17,1996,12,REG,LAR,10,CAR,20,0
1996-11-17,1996,12,REG,SF,38,BAL,20,0
1996-11-17,1996,12,REG,PIT,28,JAX,3,0
1996-11-17,1996,12,REG,PHI,21,WSH,26,0
1996-11-17,1996,12,REG,TEN,20,MIA,23,0
1996-11-17,1996,12,REG,NE,8,DEN,34,0
1996-11-17,1996,12,REG,KC,14,CHI,10,0
1996-11-17,1996,12,REG,DET,17,SEA,16,0
1996-11-17,1996,12,REG,ARI,31,NYG,23,0
1996-11-17,1996,12,REG,IND,34,NYJ,29,0
1996-11-17,1996,12,REG,BUF,31,CIN,17,0
1996-11-17,1996,12,REG,ATL,17,NO,15,0
1996-11-17,1996,12,REG,LAC,17,TB,25,0
1996-11-18,1996,12,REG,DAL,21,GB,6,0
1996-11-24,1996,13,REG,SEA,21,OAK,27,0
1996-11-24,1996,13,REG,LAR,9,GB,24,0
1996-11-24,1996,13,REG,WSH,16,SF,19,0
1996-11-24,1996,13,REG,TB,13,NO,7,0
1996-11-24,1996,13,REG,BAL,25,JAX,28,0
1996-11-24,1996,13,REG,TEN,6,CAR,31,0
1996-11-24,1996,13,REG,NYG,20,DAL,6,0
1996-11-24,1996,13,REG,NE,27,IND,13,0
1996-11-24,1996,13,REG,MIN,17,DEN,21,0
1996-11-24,1996,13,REG,ARI,36,PHI,30,0
1996-11-24,1996,13,REG,CIN,41,ATL,31,0
1996-11-24,1996,13,REG,CHI,31,DET,14,0
1996-11-24,1996,13,REG,BUF,35,NYJ,10,0
1996-11-24,1996,13,REG,KC,14,LAC,28,0
1996-11-25,1996,13,REG,MIA,17,PIT,24,0
1996-11-28,1996,13,REG,DAL,21,WSH,10,0
1996-11-28,1996,13,REG,DET,24,KC,28,0
1996-12-01,1996,14,REG,PHI,24,NYG,0,0
1996-12-01,1996,14,REG,NYJ,10,TEN,35,0
1996-12-01,1996,14,REG,MIN,41,ARI,17,0
1996-12-01,1996,14,REG,JAX,30,CIN,27,0
1996-12-01,1996,14,REG,GB,28,CHI,17,0
1996-12-01,1996,14,REG,DEN,34,SEA,7,0
1996-12-01,1996,14,REG,IND,13,BUF,10,0
1996-12-01,1996,14,REG,CAR,24,TB,0,0
1996-12-01,1996,14,REG,BAL,31,PIT,17,0
1996-12-01,1996,14,REG,LAC,7,NE,45,0
1996-12-01,1996,14,REG,NO,10,LAR,26,0
1996-12-01,1996,14,REG,OAK,17,MIA,7,0
1996-12-02,1996,14,REG,ATL,10,SF,34,0
1996-12-05,1996,14,REG,IND,37,PHI,10,0
1996-12-08,1996,15,REG,TEN,17,JAX,23,0
1996-12-08,1996,15,REG,NE,34,NYJ,10,0
1996-12-08,1996,15,REG,NO,15,ATL,31,0
1996-12-08,1996,15,REG,MIA,7,NYG,17,0
1996-12-08,1996,15,REG,GB,41,DEN,6,0
1996-12-08,1996,15,REG,DET,22,MIN,24,0
1996-12-08,1996,15,REG,CHI,35,LAR,9,0
1996-12-08,1996,15,REG,CIN,21,BAL,14,0
1996-12-08,1996,15,REG,SEA,26,BUF,18,0
1996-12-08,1996,15,REG,TB,24,WSH,10,0
1996-12-08,1996,15,REG,SF,24,CAR,30,0
1996-12-08,1996,15,REG,PIT,16,LAC,3,0
1996-12-08,1996,15,REG,ARI,6,DAL,10,0
1996-12-09,1996,15,REG,OAK,26,KC,7,0
1996-12-14,1996,15,REG,NYJ,20,PHI,21,0
1996-12-14,1996,15,REG,CHI,27,LAC,14,0
1996-12-15,1996,16,REG,DEN,24,OAK,19,0
1996-12-15,1996,16,REG,JAX,20,SEA,13,0
1996-12-15,1996,16,REG,PIT,15,SF,25,0
1996-12-15,1996,16,REG,TEN,13,CIN,21,0
1996-12-15,1996,16,REG,NYG,3,NO,17,0
1996-12-15,1996,16,REG,MIN,21,TB,10,0
1996-12-15,1996,16,REG,KC,19,IND,24,0
1996-12-15,1996,16,REG,DET,3,GB,31,0
1996-12-15,1996,16,REG,DAL,12,NE,6,0
1996-12-15,1996,16,REG,ARI,27,WSH,26,0
1996-12-15,1996,16,REG,CAR,27,BAL,16,0
1996-12-15,1996,16,REG,ATL,27,LAR,34,0
1996-12-16,1996,16,REG,MIA,16,BUF,14,0
1996-12-21,1996,16,REG,NYG,22,NE,23,0
1996-12-21,1996,16,REG,LAR,14,NO,13,0
1996-12-22,1996,17,REG,WSH,37,DAL,10,0
1996-12-22,1996,17,REG,GB,38,MIN,10,0
1996-12-22,1996,17,REG,TB,34,CHI,19,0
1996-12-22,1996,17,REG,OAK,21,SEA,28,0
1996-12-22,1996,17,REG,PHI,29,ARI,19,0
1996-12-22,1996,17,REG,NYJ,28,MIA,31,0
1996-12-22,1996,17,REG,JAX,19,ATL,17,0
1996-12-22,1996,17,REG,BUF,20,KC,9,0
1996-12-22,1996,17,REG,CIN,31,IND,24,0
1996-12-22,1996,17,REG,LAC,16,DEN,10,0
1996-12-22,1996,17,REG,BAL,21,TEN,24,0
1996-12-22,1996,17,REG,CAR,18,PIT,14,0
1996-12-23,1996,17,REG,SF,24,DET,14,0
1996-12-28,1996,,POST,BUF,27,JAX,30,0
1996-12-28,1996,,POST,DAL,40,MIN,15,0
1996-12-29,1996,,POST,SF,14,PHI,0,0
1996-12-29,1996,,POST,PIT,42,IND,14,0
1997-01-04,1996,,POST,DEN,27,JAX,30,0
1997-01-04,1996,,POST,GB,35,SF,14,0
1997-01-05,1996,,POST,NE,28,PIT,3,0
1997-01-05,1996,,POST,CAR,26,DAL,17,0
1997-01-12,1996,,POST,GB,30,CAR,13,0
1997-01-12,1996,,POST,NE,20,JAX,6,0
1997-01-26,1996,,POST,NE,21,GB,35,1
1997-08-31,1997,1,REG,DET,28,ATL,17,0
1997-08-31,1997,1,REG,LAR,38,NO,24,0
1997-08-31,1997,1,REG,TB,13,SF,6,0
1997-08-31,1997,1,REG,PIT,7,DAL,37,0
1997-08-31,1997,1,REG,TEN,24,OAK,21,0
1997-08-31,1997,1,REG,SEA,3,NYJ,41,0
1997-08-31,1997,1,REG,NYG,31,PHI,17,0
1997-08-31,1997,1,REG,MIA,16,IND,10,0
1997-08-31,1997,1,REG,BAL,27,JAX,28,0
1997-08-31,1997,1,REG,CIN,24,ARI,21,0
1997-08-31,1997,1,REG,CAR,10,WSH,24,0
1997-08-31,1997,1,REG,BUF,13,MIN,34,0
1997-08-31,1997,1,REG,DEN,19,KC,3,0
1997-08-31,1997,1,REG,NE,41,LAC,7,0
1997-09-01,1997,1,REG,GB,38,CHI,24,0
1997-09-07,1997,2,REG,NYJ,22,BUF,28,0
1997-09-07,1997,2,REG,JAX,40,NYG,13,0
1997-09-07,1997,2,REG,DET,17,TB,24,0
1997-09-07,1997,2,REG,ARI,25,DAL,22,0
1997-09-07,1997,2,REG,IND,6,NE,31,0
1997-09-07,1997,2,REG,CHI,24,MIN,27,0
1997-09-07,1997,2,REG,MIA,16,TEN,13,0
1997-09-07,1997,2,REG,BAL,23,CIN,10,0
1997-09-07,1997,2,REG,PHI,10,GB,9,0
1997-09-07,1997,2,REG,SEA,14,DEN,35,0
1997-09-07,1997,2,REG,PIT,14,WSH,13,0
1997-09-07,1997,2,REG,ATL,6,CAR,9,0
1997-09-07,1997,2,REG,LAR,12,SF,15,0
1997-09-07,1997,2,REG,NO,6,LAC,20,0
1997-09-08,1997,2,REG,OAK,27,KC,28,0
1997-09-14,1997,3,REG,NE,27,NYJ,24,0
1997-09-14,1997,3,REG,CHI,7,DET,32,0
1997-09-14,1997,3,REG,ATL,31,OAK,36,0
1997-09-14,1997,3,REG,IND,3,SEA,31,0
1997-09-14,1997,3,REG,GB,23,MIA,18,0
1997-09-14,1997,3,REG,KC,22,BUF,16,0
1997-09-14,1997,3,REG,LAC,7,CAR,26,0
1997-09-14,1997,3,REG,DEN,35,LAR,14,0
1997-09-14,1997,3,REG,WSH,19,ARI,13,0
1997-09-14,1997,3,REG,SF,33,NO,7,0
1997-09-14,1997,3,REG,NYG,23,BAL,24,0
1997-09-14,1997,3,REG,MIN,14,TB,28,0
1997-09-15,1997,3,REG,DAL,21,PHI,20,0
1997-09-21,1997,4,REG,TB,31,MIA,21,0
1997-09-21,1997,4,REG,SF,34,ATL,7,0
1997-09-21,1997,4,REG,TEN,10,BAL,36,0
1997-09-21,1997,4,REG,GB,38,MIN,32,0
1997-09-21,1997,4,REG,NO,35,DET,17,0
1997-09-21,1997,4,REG,NYJ,23,OAK,22,0
1997-09-21,1997,4,REG,LAR,13,NYG,3,0
1997-09-21,1997,4,REG,SEA,26,LAC,22,0
1997-09-21,1997,4,REG,NE,31,CHI,3,0
1997-09-21,1997,4,REG,CAR,14,KC,35,0
1997-09-21,1997,4,REG,BUF,37,IND,35,0
1997-09-21,1997,4,REG,DEN,38,CIN,20,0
1997-09-22,1997,4,REG,JAX,30,PIT,21,0
1997-09-28,1997,5,REG,OAK,35,LAR,17,0
1997-09-28,1997,5,REG,WSH,24,JAX,12,0
1997-09-28,1997,5,REG,TB,19,ARI,18,0
1997-09-28,1997,5,REG,PIT,37,TEN,24,0
1997-09-28,1997,5,REG,NYG,14,NO,9,0
1997-09-28,1997,5,REG,MIN,28,PHI,19,0
1997-09-28,1997,5,REG,KC,20,SEA,17,0
1997-09-28,1997,5,REG,DET,26,GB,15,0
1997-09-28,1997,5,REG,DAL,27,CHI,3,0
1997-09-28,1997,5,REG,CIN,14,NYJ,31,0
1997-09-28,1997,5,REG,ATL,21,DEN,29,0
1997-09-28,1997,5,REG,LAC,21,BAL,17,0
1997-09-29,1997,5,REG,CAR,21,SF,34,0
1997-10-05,1997,6,REG,CHI,17,NO,20,0
1997-10-05,1997,6,REG,IND,12,NYJ,16,0
1997-10-05,1997,6,REG,OAK,10,LAC,25,0
1997-10-05,1997,6,REG,ARI,19,MIN,20,0
1997-10-05,1997,6,REG,GB,21,TB,16,0
1997-10-05,1997,6,REG,JAX,21,CIN,13,0
1997-10-05,1997,6,REG,MIA,17,KC,14,0
1997-10-05,1997,6,REG,NYG,20,DAL,17,0
1997-10-05,1997,6,REG,PHI,24,WSH,10,0
1997-10-05,1997,6,REG,BAL,34,PIT,42,0
1997-10-05,1997,6,REG,SEA,16,TEN,13,0
1997-10-05,1997,6,REG,BUF,22,DET,13,0
1997-10-06,1997,6,REG,DEN,34,NE,13,0
1997-10-12,1997,7,REG,SF,30,LAR,10,0
1997-10-12,1997,7,REG,TB,9,DET,27,0
1997-10-12,1997,7,REG,PIT,24,IND,22,0
1997-10-12,1997,7,REG,TEN,30,CIN,7,0
1997-10-12,1997,7,REG,NYJ,20,MIA,31,0
1997-10-12,1997,7,REG,NE,33,BUF,6,0
1997-10-12,1997,7,REG,NO,17,ATL,23,0
1997-10-12,1997,7,REG,MIN,21,CAR,14,0
1997-10-12,1997,7,REG,JAX,38,PHI,21,0
1997-10-12,1997,7,REG,CHI,23,GB,24,0
1997-10-12,1997,7,REG,ARI,13,NYG,27,0
1997-10-13,1997,7,REG,WSH,21,DAL,16,0
1997-10-16,1997,7,REG,KC,31,LAC,3,0
1997-10-19,1997,8,REG,DET,20,NYG,26,0
1997-10-19,1997,8,REG,BAL,13,MIA,24,0
1997-10-19,1997,8,REG,OAK,28,DEN,25,0
1997-10-19,1997,8,REG,NO,0,CAR,13,0
1997-10-19,1997,8,REG,PHI,13,ARI,10,0
1997-10-19,1997,8,REG,LAR,9,SEA,17,0
1997-10-19,1997,8,REG,TEN,28,WSH,14,0
1997-10-19,1997,8,REG,ATL,28,SF,35,0
1997-10-19,1997,8,REG,CIN,10,PIT,26,0
1997-10-19,1997,8,REG,DAL,26,JAX,22,0
1997-10-19,1997,8,REG,NYJ,24,NE,19,0
1997-10-20,1997,8,REG,IND,6,BUF,9,0
1997-10-26,1997,9,REG,LAR,20,KC,28,0
1997-10-26,1997,9,REG,LAC,35,IND,19,0
1997-10-26,1997,9,REG,BUF,20,DEN,23,0
1997-10-26,1997,9,REG,CAR,21,ATL,12,0
1997-10-26,1997,9,REG,ARI,14,TEN,41,0
1997-10-26,1997,9,REG,NO,0,SF,23,0
1997-10-26,1997,9,REG,PHI,13,DAL,12,0
1997-10-26,1997,9,REG,PIT,23,JAX,17,0
1997-10-26,1997,9,REG,SEA,45,OAK,34,0
1997-10-26,1997,9,REG,NYG,29,CIN,27,0
1997-10-26,1997,9,REG,TB,6,MIN,10,0
1997-10-26,1997,9,REG,WSH,17,BAL,20,0
1997-10-27,1997,9,REG,MIA,33,CHI,36,0
1997-10-27,1997,9,REG,NE,10,GB,28,0
1997-11-02,1997,10,REG,TEN,24,JAX,30,0
1997-11-02,1997,10,REG,SF,17,DAL,10,0
1997-11-02,1997,10,REG,ATL,34,LAR,31,0
1997-11-02,1997,10,REG,BUF,9,MIA,6,0
1997-11-02,1997,10,REG,CAR,38,OAK,14,0
1997-11-02,1997,10,REG,CHI,8,WSH,31,0
1997-11-02,1997,10,REG,IND,28,TB,31,0
1997-11-02,1997,10,REG,ARI,31,PHI,21,0
1997-11-02,1997,10,REG,DEN,30,SEA,27,0
1997-11-02,1997,10,REG,CIN,38,LAC,31,0
1997-11-02,1997,10,REG,NYJ,19,BAL,16,0
1997-11-02,1997,10,REG,MIN,23,NE,18,0
1997-11-02,1997,10,REG,GB,20,DET,10,0
1997-11-03,1997,10,REG,KC,13,PIT,10,0
1997-11-09,1997,11,REG,JAX,24,KC,10,0
1997-11-09,1997,11,REG,LAC,31,SEA,37,0
1997-11-09,1997,11,REG,WSH,30,DET,7,0
1997-11-09,1997,11,REG,OAK,10,NO,13,0
1997-11-09,1997,11,REG,GB,17,LAR,7,0
1997-11-09,1997,11,REG,PIT,37,BAL,0,0
1997-11-09,1997,11,REG,TEN,10,NYG,6,0
1997-11-09,1997,11,REG,MIN,29,CHI,22,0
1997-11-09,1997,11,REG,MIA,24,NYJ,17,0
1997-11-09,1997,11,REG,DEN,34,CAR,0,0
1997-11-09,1997,11,REG,DAL,24,ARI,6,0
1997-11-09,1997,11,REG,IND,13,CIN,28,0
1997-11-09,1997,11,REG,BUF,10,NE,31,0
1997-11-09,1997,11,REG,ATL,10,TB,31,0
1997-11-10,1997,11,REG,PHI,12,SF,24,0
1997-11-16,1997,12,REG,TB,27,NE,7,0
1997-11-16,1997,12,REG,DET,38,MIN,15,0
1997-11-16,1997,12,REG,CHI,15,NYJ,23,0
1997-11-16,1997,12,REG,LAC,13,OAK,38,0
1997-11-16,1997,12,REG,DAL,17,WSH,14,0
1997-11-16,1997,12,REG,LAR,21,ATL,27,0
1997-11-16,1997,12,REG,KC,24,DEN,22,0
1997-11-16,1997,12,REG,NO,20,SEA,17,0
1997-11-16,1997,12,REG,NYG,19,ARI,10,0
1997-11-16,1997,12,REG,PIT,20,CIN,3,0
1997-11-16,1997,12,REG,BAL,10,PHI,10,0
1997-11-16,1997,12,REG,SF,27,CAR,19,0
1997-11-16,1997,12,REG,JAX,17,TEN,9,0
1997-11-16,1997,12,REG,IND,41,GB,38,0
1997-11-17,1997,12,REG,MIA,30,BUF,13,0
1997-11-23,1997,13,REG,BAL,13,ARI,16,0
1997-11-23,1997,13,REG,SF,17,LAC,10,0
1997-11-23,1997,13,REG,ATL,20,NO,3,0
1997-11-23,1997,13,REG,TEN,31,BUF,14,0
1997-11-23,1997,13,REG,PHI,23,PIT,20,0
1997-11-23,1997,13,REG,WSH,7,NYG,7,0
1997-11-23,1997,13,REG,LAR,10,CAR,16,0
1997-11-23,1997,13,REG,GB,45,DAL,17,0
1997-11-23,1997,13,REG,CHI,13,TB,7,0
1997-11-23,1997,13,REG,CIN,31,JAX,26,0
1997-11-23,1997,13,REG,DET,32,IND,10,0
1997-11-23,1997,13,REG,SEA,14,KC,19,0
1997-11-23,1997,13,REG,NE,27,MIA,24,0
1997-11-23,1997,13,REG,NYJ,23,MIN,21,0
1997-11-24,1997,13,REG,DEN,31,OAK,3,0
1997-11-27,1997,13,REG,DET,55,CHI,20,0
1997-11-27,1997,13,REG,DAL,14,TEN,27,0
1997-11-30,1997,14,REG,JAX,29,BAL,27,0
1997-11-30,1997,14,REG,SEA,17,ATL,24,0
1997-11-30,1997,14,REG,OAK,16,MIA,34,0
1997-11-30,1997,14,REG,NYG,8,TB,20,0
1997-11-30,1997,14,REG,NE,20,IND,17,0
1997-11-30,1997,14,REG,KC,44,SF,9,0
1997-11-30,1997,14,REG,ARI,20,PIT,26,0
1997-11-30,1997,14,REG,CAR,13,NO,16,0
1997-11-30,1997,14,REG,BUF,20,NYJ,10,0
1997-11-30,1997,14,REG,WSH,20,LAR,23,0
1997-11-30,1997,14,REG,LAC,28,DEN,38,0
1997-11-30,1997,14,REG,PHI,44,CIN,42,0
1997-12-01,1997,14,REG,MIN,11,GB,27,0
1997-12-04,1997,14,REG,CIN,41,TEN,14,0
1997-12-07,1997,15,REG,SF,28,MIN,17,0
1997-12-07,1997,15,REG,BAL,31,SEA,24,0
1997-12-07,1997,15,REG,PIT,35,DEN,24,0
1997-12-07,1997,15,REG,PHI,21,NYG,31,0
1997-12-07,1997,15,REG,NYJ,14,IND,22,0
1997-12-07,1997,15,REG,MIA,33,DET,30,0
1997-12-07,1997,15,REG,KC,30,OAK,0,0
1997-12-07,1997,15,REG,JAX,20,NE,26,0
1997-12-07,1997,15,REG,ARI,28,WSH,38,0
1997-12-07,1997,15,REG,CHI,20,BUF,3,0
1997-12-07,1997,15,REG,LAC,3,ATL,14,0
1997-12-07,1997,15,REG,TB,6,GB,17,0
1997-12-07,1997,15,REG,NO,27,LAR,34,0
1997-12-08,1997,15,REG,DAL,13,CAR,23,0
1997-12-13,1997,15,REG,NYG,30,WSH,10,0
1997-12-13,1997,15,REG,NE,21,PIT,24,0
1997-12-14,1997,16,REG,NYJ,31,TB,0,0
1997-12-14,1997,16,REG,ATL,20,PHI,17,0
1997-12-14,1997,16,REG,BUF,14,JAX,20,0
1997-12-14,1997,16,REG,CAR,10,GB,31,0
1997-12-14,1997,16,REG,LAC,7,KC,29,0
1997-12-14,1997,16,REG,CIN,31,DAL,24,0
1997-12-14,1997,16,REG,IND,41,MIA,0,0
1997-12-14,1997,16,REG,MIN,13,DET,14,0
1997-12-14,1997,16,REG,NO,27,ARI,10,0
1997-12-14,1997,16,REG,OAK,21,SEA,22,0
1997-12-14,1997,16,REG,BAL,21,TEN,19,0
1997-12-14,1997,16,REG,LAR,10,CHI,13,0
1997-12-15,1997,16,REG,SF,34,DEN,17,0
1997-12-20,1997,16,REG,CAR,18,LAR,30,0
1997-12-20,1997,16,REG,GB,31,BUF,21,0
1997-12-21,1997,17,REG,SEA,38,SF,9,0
1997-12-21,1997,17,REG,OAK,9,JAX,20,0
1997-12-21,1997,17,REG,TEN,16,PIT,6,0
1997-12-21,1997,17,REG,MIN,39,IND,28,0
1997-12-21,1997,17,REG,KC,25,NO,13,0
1997-12-21,1997,17,REG,DAL,7,NYG,20,0
1997-12-21,1997,17,REG,ARI,29,ATL,26,0
1997-12-21,1997,17,REG,DET,13,NYJ,10,0
1997-12-21,1997,17,REG,TB,31,CHI,15,0
1997-12-21,1997,17,REG,WSH,35,PHI,32,0
1997-12-21,1997,17,REG,DEN,38,LAC,3,0
1997-12-21,1997,17,REG,CIN,16,BAL,14,0
1997-12-22,1997,17,REG,MIA,12,NE,14,0
1997-12-27,1997,,POST,DEN,42,JAX,17,0
1997-12-27,1997,,POST,NYG,22,MIN,23,0
1997-12-28,1997,,POST,NE,17,MIA,3,0
1997-12-28,1997,,POST,TB,20,DET,10,0
1998-01-03,1997,,POST,PIT,7,NE,6,0
1998-01-03,1997,,POST,SF,38,MIN,22,0
1998-01-04,1997,,POST,GB,21,TB,7,0
1998-01-04,1997,,POST,KC,10,DEN,14,0
1998-01-11,1997,,POST,SF,10,GB,23,0
1998-01-11,1997,,POST,PIT,21,DEN,24,0
1998-01-25,1997,,POST,GB,24,DEN,31,1
1998-09-06,1998,1,REG,NYG,31,WSH,24,0
1998-09-06,1998,1,REG,DAL,38,ARI,10,0
1998-09-06,1998,1,REG,MIN,31,TB,7,0
1998-09-06,1998,1,REG,LAR,17,NO,24,0
1998-09-06,1998,1,REG,GB,38,DET,19,0
1998-09-06,1998,1,REG,BAL,13,PIT,20,0
1998-09-06,1998,1,REG,SF,36,NYJ,30,0
1998-09-06,1998,1,REG,LAC,16,BUF,14,0
1998-09-06,1998,1,REG,CAR,14,ATL,19,0
1998-09-06,1998,1,REG,PHI,0,SEA,38,0
1998-09-06,1998,1,REG,KC,28,OAK,8,0
1998-09-06,1998,1,REG,IND,15,MIA,24,0
1998-09-06,1998,1,REG,CIN,14,TEN,23,0
1998-09-06,1998,1,REG,CHI,23,JAX,24,0
1998-09-07,1998,1,REG,DEN,27,NE,21,0
1998-09-13,1998,2,REG,NYJ,10,BAL,24,0
1998-09-13,1998,2,REG,OAK,20,NYG,17,0
1998-09-13,1998,2,REG,SEA,33,ARI,14,0
1998-09-13,1998,2,REG,LAR,31,MIN,38,0
1998-09-13,1998,2,REG,TEN,7,LAC,13,0
1998-09-13,1998,2,REG,ATL,17,PHI,12,0
1998-09-13,1998,2,REG,DEN,42,DAL,23,0
1998-09-13,1998,2,REG,DET,28,CIN,34,0
1998-09-13,1998,2,REG,GB,23,TB,15,0
1998-09-13,1998,2,REG,JAX,21,KC,16,0
1998-09-13,1998,2,REG,MIA,13,BUF,7,0
1998-09-13,1998,2,REG,NO,19,CAR,14,0
1998-09-13,1998,2,REG,NE,29,IND,6,0
1998-09-13,1998,2,REG,PIT,17,CHI,12,0
1998-09-14,1998,2,REG,WSH,10,SF,45,0
1998-09-20,1998,3,REG,MIA,21,PIT,0,0
1998-09-20,1998,3,REG,MIN,29,DET,6,0
1998-09-20,1998,3,REG,NE,27,TEN,16,0
1998-09-20,1998,3,REG,NYJ,44,IND,6,0
1998-09-20,1998,3,REG,OAK,17,DEN,34,0
1998-09-20,1998,3,REG,SEA,24,WSH,14,0
1998-09-20,1998,3,REG,TB,27,CHI,15,0
1998-09-20,1998,3,REG,KC,23,LAC,7,0
1998-09-20,1998,3,REG,ARI,17,PHI,3,0
1998-09-20,1998,3,REG,BUF,33,LAR,34,0
1998-09-20,1998,3,REG,CIN,6,GB,13,0
1998-09-20,1998,3,REG,JAX,24,BAL,10,0
1998-09-21,1998,3,REG,NYG,7,DAL,31,0
1998-09-27,1998,4,REG,LAC,16,NYG,34,0
1998-09-27,1998,4,REG,CHI,28,MIN,31,0
1998-09-27,1998,4,REG,CAR,30,GB,37,0
1998-09-27,1998,4,REG,LAR,17,ARI,20,0
1998-09-27,1998,4,REG,IND,13,NO,19,0
1998-09-27,1998,4,REG,DAL,12,OAK,13,0
1998-09-27,1998,4,REG,TEN,22,JAX,27,0
1998-09-27,1998,4,REG,PHI,21,KC,24,0
1998-09-27,1998,4,REG,PIT,13,SEA,10,0
1998-09-27,1998,4,REG,BAL,31,CIN,24,0
1998-09-27,1998,4,REG,SF,31,ATL,20,0
1998-09-27,1998,4,REG,WSH,16,DEN,38,0
1998-09-28,1998,4,REG,DET,27,TB,6,0
1998-10-04,1998,5,REG,ATL,51,CAR,23,0
1998-10-04,1998,5,REG,ARI,20,OAK,23,0
1998-10-04,1998,5,REG,DEN,41,PHI,16,0
1998-10-04,1998,5,REG,KC,17,SEA,6,0
1998-10-04,1998,5,REG,BUF,26,SF,21,0
1998-10-04,1998,5,REG,NO,27,NE,30,0
1998-10-04,1998,5,REG,NYJ,20,MIA,9,0
1998-10-04,1998,5,REG,TB,20,NYG,3,0
1998-10-04,1998,5,REG,WSH,10,DAL,31,0
1998-10-04,1998,5,REG,CHI,31,DET,27,0
1998-10-04,1998,5,REG,IND,17,LAC,12,0
1998-10-05,1998,5,REG,GB,24,MIN,37,0
1998-10-11,1998,6,REG,CIN,25,PIT,20,0
1998-10-11,1998,6,REG,SEA,16,DEN,21,0
1998-10-11,1998,6,REG,BAL,8,TEN,12,0
1998-10-11,1998,6,REG,PHI,17,WSH,12,0
1998-10-11,1998,6,REG,NYG,20,ATL,34,0
1998-10-11,1998,6,REG,NE,40,KC,10,0
1998-10-11,1998,6,REG,NO,0,SF,31,0
1998-10-11,1998,6,REG,ARI,20,CHI,7,0
1998-10-11,1998,6,REG,IND,24,BUF,31,0
1998-10-11,1998,6,REG,DAL,27,CAR,20,0
1998-10-11,1998,6,REG,LAR,30,NYJ,10,0
1998-10-11,1998,6,REG,OAK,7,LAC,6,0
1998-10-12,1998,6,REG,JAX,28,MIA,21,0
1998-10-15,1998,6,REG,DET,27,GB,20,0
1998-10-18,1998,7,REG,CHI,13,DAL,12,0
1998-10-18,1998,7,REG,MIN,41,WSH,7,0
1998-10-18,1998,7,REG,MIA,14,LAR,0,0
1998-10-18,1998,7,REG,PIT,16,BAL,6,0
1998-10-18,1998,7,REG,NYG,34,ARI,7,0
1998-10-18,1998,7,REG,LAC,13,PHI,10,0
1998-10-18,1998,7,REG,SF,34,IND,31,0
1998-10-18,1998,7,REG,TB,16,CAR,13,0
1998-10-18,1998,7,REG,TEN,44,CIN,14,0
1998-10-18,1998,7,REG,BUF,17,JAX,16,0
1998-10-18,1998,7,REG,ATL,31,NO,23,0
1998-10-19,1998,7,REG,NE,14,NYJ,24,0
1998-10-25,1998,8,REG,LAR,10,SF,28,0
1998-10-25,1998,8,REG,GB,28,BAL,10,0
1998-10-25,1998,8,REG,OAK,27,CIN,10,0
1998-10-25,1998,8,REG,TEN,20,CHI,23,0
1998-10-25,1998,8,REG,NYJ,28,ATL,3,0
1998-10-25,1998,8,REG,CAR,14,BUF,30,0
1998-10-25,1998,8,REG,NO,9,TB,3,0
1998-10-25,1998,8,REG,MIA,12,NE,9,0
1998-10-25,1998,8,REG,DEN,37,JAX,24,0
1998-10-25,1998,8,REG,DET,13,MIN,34,0
1998-10-25,1998,8,REG,LAC,20,SEA,27,0
1998-10-26,1998,8,REG,KC,13,PIT,20,0
1998-11-01,1998,9,REG,WSH,21,NYG,14,0
1998-11-01,1998,9,REG,CAR,31,NO,17,0
1998-11-01,1998,9,REG,BAL,19,JAX,45,0
1998-11-01,1998,9,REG,CIN,26,DEN,33,0
1998-11-01,1998,9,REG,PIT,31,TEN,41,0
1998-11-01,1998,9,REG,IND,16,NE,21,0
1998-11-01,1998,9,REG,TB,27,MIN,24,0
1998-11-01,1998,9,REG,DET,15,ARI,17,0
1998-11-01,1998,9,REG,GB,36,SF,22,0
1998-11-01,1998,9,REG,KC,17,NYJ,20,0
1998-11-01,1998,9,REG,BUF,30,MIA,24,0
1998-11-01,1998,9,REG,ATL,37,LAR,15,0
1998-11-01,1998,9,REG,SEA,18,OAK,31,0
1998-11-02,1998,9,REG,PHI,0,DAL,34,0
1998-11-08,1998,10,REG,NE,10,ATL,41,0
1998-11-08,1998,10,REG,JAX,24,CIN,11,0
1998-11-08,1998,10,REG,CHI,12,LAR,20,0
1998-11-08,1998,10,REG,BAL,13,OAK,10,0
1998-11-08,1998,10,REG,SF,25,CAR,23,0
1998-11-08,1998,10,REG,TB,22,TEN,31,0
1998-11-08,1998,10,REG,PHI,10,DET,9,0
1998-11-08,1998,10,REG,NYJ,34,BUF,12,0
1998-11-08,1998,10,REG,MIN,31,NO,24,0
1998-11-08,1998,10,REG,MIA,27,IND,14,0
1998-11-08,1998,10,REG,DAL,16,NYG,6,0
1998-11-08,1998,10,REG,ARI,29,WSH,27,0
1998-11-08,1998,10,REG,DEN,27,LAC,10,0
1998-11-08,1998,10,REG,SEA,24,KC,12,0
1998-11-09,1998,10,REG,PIT,27,GB,20,0
1998-11-15,1998,11,REG,JAX,29,TB,24,0
1998-11-15,1998,11,REG,TEN,23,PIT,14,0
1998-11-15,1998,11,REG,MIN,24,CIN,3,0
1998-11-15,1998,11,REG,NO,24,LAR,3,0
1998-11-15,1998,11,REG,ATL,31,SF,19,0
1998-11-15,1998,11,REG,LAC,14,BAL,13,0
1998-11-15,1998,11,REG,NYG,3,GB,37,0
1998-11-15,1998,11,REG,BUF,13,NE,10,0
1998-11-15,1998,11,REG,CAR,9,MIA,13,0
1998-11-15,1998,11,REG,IND,24,NYJ,23,0
1998-11-15,1998,11,REG,ARI,28,DAL,35,0
1998-11-15,1998,11,REG,DET,26,CHI,3,0
1998-11-15,1998,11,REG,WSH,28,PHI,3,0
1998-11-15,1998,11,REG,OAK,20,SEA,17,0
1998-11-16,1998,11,REG,KC,7,DEN,30,0
1998-11-22,1998,12,REG,LAC,38,KC,37,0
1998-11-22,1998,12,REG,WSH,42,ARI,45,0
1998-11-22,1998,12,REG,TB,25,DET,28,0
1998-11-22,1998,12,REG,SF,31,NO,20,0
1998-11-22,1998,12,REG,PIT,30,JAX,15,0
1998-11-22,1998,12,REG,TEN,3,NYJ,24,0
1998-11-22,1998,12,REG,NYG,20,PHI,0,0
1998-11-22,1998,12,REG,MIN,28,GB,14,0
1998-11-22,1998,12,REG,DEN,40,OAK,14,0
1998-11-22,1998,12,REG,DAL,30,SEA,22,0
1998-11-22,1998,12,REG,CIN,13,BAL,20,0
1998-11-22,1998,12,REG,BUF,34,IND,11,0
1998-11-22,1998,12,REG,ATL,20,CHI,13,0
1998-11-22,1998,12,REG,LAR,20,CAR,24,0
1998-11-23,1998,12,REG,NE,26,MIA,23,0
1998-11-26,1998,12,REG,DAL,36,MIN,46,0
1998-11-26,1998,12,REG,DET,19,PIT,16,0
1998-11-29,1998,13,REG,CHI,17,TB,31,0
1998-11-29,1998,13,REG,CIN,17,JAX,34,0
1998-11-29,1998,13,REG,KC,34,ARI,24,0
1998-11-29,1998,13,REG,SEA,20,TEN,18,0
1998-11-29,1998,13,REG,BAL,38,IND,31,0
1998-11-29,1998,13,REG,OAK,19,WSH,29,0
1998-11-29,1998,13,REG,NYJ,48,CAR,21,0
1998-11-29,1998,13,REG,MIA,30,NO,10,0
1998-11-29,1998,13,REG,GB,24,PHI,16,0
1998-11-29,1998,13,REG,LAC,16,DEN,31,0
1998-11-29,1998,13,REG,NE,25,BUF,21,0
1998-11-29,1998,13,REG,LAR,10,ATL,21,0
1998-11-30,1998,13,REG,SF,31,NYG,7,0
1998-12-03,1998,13,REG,PHI,17,LAR,14,0
1998-12-06,1998,14,REG,PIT,9,NE,23,0
1998-12-06,1998,14,REG,OAK,17,MIA,27,0
1998-12-06,1998,14,REG,WSH,24,LAC,20,0
1998-12-06,1998,14,REG,ATL,28,IND,21,0
1998-12-06,1998,14,REG,CAR,28,SF,31,0
1998-12-06,1998,14,REG,CIN,20,BUF,33,0
1998-12-06,1998,14,REG,ARI,19,NYG,23,0
1998-12-06,1998,14,REG,DEN,35,KC,31,0
1998-12-06,1998,14,REG,JAX,37,DET,22,0
1998-12-06,1998,14,REG,MIN,48,CHI,22,0
1998-12-06,1998,14,REG,NO,22,DAL,3,0
1998-12-06,1998,14,REG,NYJ,32,SEA,31,0
1998-12-06,1998,14,REG,TEN,16,BAL,14,0
1998-12-07,1998,14,REG,TB,24,GB,22,0
1998-12-13,1998,15,REG,NYG,20,DEN,16,0
1998-12-13,1998,15,REG,SEA,38,LAC,17,0
1998-12-13,1998,15,REG,GB,26,CHI,20,0
1998-12-13,1998,15,REG,IND,39,CIN,26,0
1998-12-13,1998,15,REG,KC,20,DAL,17,0
1998-12-13,1998,15,REG,MIA,16,NYJ,21,0
1998-12-13,1998,15,REG,NO,17,ATL,27,0
1998-12-13,1998,15,REG,PHI,17,ARI,20,0
1998-12-13,1998,15,REG,BAL,28,MIN,38,0
1998-12-13,1998,15,REG,TB,16,PIT,3,0
1998-12-13,1998,15,REG,JAX,13,TEN,16,0
1998-12-13,1998,15,REG,LAR,32,NE,18,0
1998-12-13,1998,15,REG,BUF,44,OAK,21,0
1998-12-13,1998,15,REG,CAR,25,WSH,28,0
1998-12-14,1998,15,REG,SF,35,DET,13,0
1998-12-19,1998,15,REG,WSH,20,TB,16,0
1998-12-19,1998,15,REG,BUF,10,NYJ,17,0
1998-12-20,1998,16,REG,NYG,28,KC,7,0
1998-12-20,1998,16,REG,PIT,24,CIN,25,0
1998-12-20,1998,16,REG,LAC,10,OAK,17,0
1998-12-20,1998,16,REG,CAR,20,LAR,13,0
1998-12-20,1998,16,REG,CHI,24,BAL,3,0
1998-12-20,1998,16,REG,DET,17,ATL,24,0
1998-12-20,1998,16,REG,DAL,13,PHI,9,0
1998-12-20,1998,16,REG,ARI,19,NO,17,0
1998-12-20,1998,16,REG,GB,30,TEN,22,0
1998-12-20,1998,16,REG,MIN,50,JAX,10,0
1998-12-20,1998,16,REG,SEA,27,IND,23,0
1998-12-20,1998,16,REG,NE,24,SF,21,0
1998-12-21,1998,16,REG,MIA,31,DEN,21,0
1998-12-26,1998,16,REG,TEN,16,MIN,26,0
1998-12-26,1998,16,REG,OAK,24,KC,31,0
1998-12-27,1998,17,REG,NYJ,31,NE,10,0
1998-12-27,1998,17,REG,NO,33,BUF,45,0
1998-12-27,1998,17,REG,DEN,28,SEA,21,0
1998-12-27,1998,17,REG,IND,19,CAR,27,0
1998-12-27,1998,17,REG,CIN,0,TB,35,0
1998-12-27,1998,17,REG,CHI,13,GB,16,0
1998-12-27,1998,17,REG,ATL,38,MIA,16,0
1998-12-27,1998,17,REG,ARI,16,LAC,13,0
1998-12-27,1998,17,REG,BAL,19,DET,10,0
1998-12-27,1998,17,REG,PHI,10,NYG,20,0
1998-12-27,1998,17,REG,SF,38,LAR,19,0
1998-12-27,1998,17,REG,DAL,23,WSH,7,0
1998-12-28,1998,17,REG,JAX,21,PIT,3,0
1999-01-02,1998,,POST,DAL,7,ARI,20,0
1999-01-02,1998,,POST,MIA,24,BUF,17,0
1999-01-03,1998,,POST,SF,30,GB,27,0
1999-01-03,1998,,POST,JAX,25,NE,10,0
1999-01-09,1998,,POST,DEN,38,MIA,3,0
1999-01-09,1998,,POST,ATL,20,SF,18,0
1999-01-10,1998,,POST,MIN,41,ARI,21,0
1999-01-10,1998,,POST,NYJ,34,JAX,24,0
1999-01-17,1998,,POST,DEN,23,NYJ,10,0
1999-01-17,1998,,POST,MIN,27,ATL,30,0
1999-01-31,1998,,POST,DEN,34,ATL,19,1
1999-09-12,1999,1,REG,ATL,14,MIN,17,0
1999-09-12,1999,1,REG,CHI,20,KC,17,0
1999-09-12,1999,1,REG,CLE,0,PIT,43,0
1999-09-12,1999,1,REG,GB,28,OAK,24,0
1999-09-12,1999,1,REG,IND,31,BUF,14,0
1999-09-12,1999,1,REG,JAX,41,SF,3,0
1999-09-12,1999,1,REG,NO,19,CAR,10,0
1999-09-12,1999,1,REG,NYJ,28,NE,30,0
1999-09-12,1999,1,REG,PHI,24,ARI,25,0
1999-09-12,1999,1,REG,SEA,20,DET,28,0
1999-09-12,1999,1,REG,STL,27,BAL,10,0
1999-09-12,1999,1,REG,TB,13,NYG,17,0
1999-09-12,1999,1,REG,TEN,36,CIN,35,0
1999-09-12,1999,1,REG,WAS,35,DAL,41,0
1999-09-13,1999,1,REG,DEN,21,MIA,38,0
1999-09-19,1999,2,REG,BAL,20,PIT,23,0
1999-09-19,1999,2,REG,BUF,17,NYJ,3,0
1999-09-19,1999,2,REG,CAR,20,JAX,22,0
1999-09-19,1999,2,REG,CHI,13,SEA,14,0
1999-09-19,1999,2,REG,CIN,7,SD,34,0
1999-09-19,1999,2,REG,DET,23,GB,15,0
1999-09-19,1999,2,REG,KC,26,DEN,10,0
1999-09-19,1999,2,REG,MIA,19,ARI,16,0
1999-09-19,1999,2,REG,MIN,17,OAK,22,0
1999-09-19,1999,2,REG,NE,31,IND,28,0
1999-09-19,1999,2,REG,NYG,21,WAS,50,0
1999-09-19,1999,2,REG,PHI,5,TB,19,0
1999-09-19,1999,2,REG,SF,28,NO,21,0
1999-09-19,1999,2,REG,TEN,26,CLE,9,0
1999-09-20,1999,2,REG,DAL,24,ATL,7,0
1999-09-26,1999,3,REG,BAL,17,CLE,10,0
1999-09-26,1999,3,REG,BUF,26,PHI,0,0
1999-09-26,1999,3,REG,CAR,27,CIN,3,0
1999-09-26,1999,3,REG,GB,23,MIN,20,0
1999-09-26,1999,3,REG,JAX,19,TEN,20,0
1999-09-26,1999,3,REG,KC,31,DET,21,0
1999-09-26,1999,3,REG,NE,16,NYG,14,0
1999-09-26,1999,3,REG,NYJ,20,WAS,27,0
1999-09-26,1999,3,REG,OAK,24,CHI,17,0
1999-09-26,1999,3,REG,PIT,10,SEA,29,0
1999-09-26,1999,3,REG,SD,19,IND,27,0
1999-09-26,1999,3,REG,STL,35,ATL,7,0
1999-09-26,1999,3,REG,TB,13,DEN,10,0
1999-09-27,1999,3,REG,ARI,10,SF,24,0
1999-10-03,1999,4,REG,ATL,13,BAL,19,0
1999-10-03,1999,4,REG,CHI,14,NO,10,0
1999-10-03,1999,4,REG,CIN,10,STL,38,0
1999-10-03,1999,4,REG,CLE,7,NE,19,0
1999-10-03,1999,4,REG,DAL,35,ARI,7,0
1999-10-03,1999,4,REG,DEN,13,NYJ,21,0
1999-10-03,1999,4,REG,MIN,21,TB,14,0
1999-10-03,1999,4,REG,NYG,16,PHI,15,0
1999-10-03,1999,4,REG,PIT,3,JAX,17,0
1999-10-03,1999,4,REG,SD,21,KC,14,0
1999-10-03,1999,4,REG,SEA,22,OAK,21,0
1999-10-03,1999,4,REG,SF,24,TEN,22,0
1999-10-03,1999,4,REG,WAS,38,CAR,36,0
1999-10-04,1999,4,REG,MIA,18,BUF,23,0
1999-10-10,1999,5,REG,ARI,14,NYG,3,0
1999-10-10,1999,5,REG,BUF,24,PIT,21,0
1999-10-10,1999,5,REG,CLE,17,CIN,18,0
1999-10-10,1999,5,REG,DET,10,SD,20,0
1999-10-10,1999,5,REG,GB,26,TB,23,0
1999-10-10,1999,5,REG,IND,31,MIA,34,0
1999-10-10,1999,5,REG,KC,16,NE,14,0
1999-10-10,1999,5,REG,MIN,22,CHI,24,0
1999-10-10,1999,5,REG,NO,17,ATL,20,0
1999-10-10,1999,5,REG,OAK,13,DEN,16,0
1999-10-10,1999,5,REG,PHI,13,DAL,10,0
1999-10-10,1999,5,REG,STL,42,SF,20,0
1999-10-10,1999,5,REG,TEN,14,BAL,11,0
1999-10-11,1999,5,REG,NYJ,6,JAX,16,0
1999-10-17,1999,6,REG,ARI,10,WAS,24,0
1999-10-17,1999,6,REG,ATL,13,STL,41,0
1999-10-17,1999,6,REG,BUF,14,OAK,20,0
1999-10-17,1999,6,REG,CHI,16,PHI,20,0
1999-10-17,1999,6,REG,CIN,3,PIT,17,0
1999-10-17,1999,6,REG,DEN,31,GB,10,0
1999-10-17,1999,6,REG,DET,25,MIN,23,0
1999-10-17,1999,6,REG,JAX,24,CLE,7,0
1999-10-17,1999,6,REG,NE,30,MIA,31,0
1999-10-17,1999,6,REG,NO,21,TEN,24,0
1999-10-17,1999,6,REG,NYJ,13,IND,16,0
1999-10-17,1999,6,REG,SD,13,SEA,10,0
1999-10-17,1999,6,REG,SF,29,CAR,31,0
1999-10-18,1999,6,REG,NYG,13,DAL,10,0
1999-10-21,1999,7,REG,BAL,8,KC,35,0
1999-10-24,1999,7,REG,CAR,9,DET,24,0
1999-10-24,1999,7,REG,DAL,38,WAS,20,0
1999-10-24,1999,7,REG,IND,31,CIN,10,0
1999-10-24,1999,7,REG,MIA,16,PHI,13,0
1999-10-24,1999,7,REG,MIN,40,SF,16,0
1999-10-24,1999,7,REG,NE,24,DEN,23,0
1999-10-24,1999,7,REG,NYG,31,NO,3,0
1999-10-24,1999,7,REG,OAK,24,NYJ,23,0
1999-10-24,1999,7,REG,SD,3,GB,31,0
1999-10-24,1999,7,REG,SEA,26,BUF,16,0
1999-10-24,1999,7,REG,STL,34,CLE,3,0
1999-10-24,1999,7,REG,TB,6,CHI,3,0
1999-10-25,1999,7,REG,PIT,13,ATL,9,0
1999-10-31,1999,8,REG,ARI,3,NE,27,0
1999-10-31,1999,8,REG,ATL,27,CAR,20,0
1999-10-31,1999,8,REG,BAL,10,BUF,13,0
1999-10-31,1999,8,REG,CIN,10,JAX,41,0
1999-10-31,1999,8,REG,DEN,20,MIN,23,0
1999-10-31,1999,8,REG,DET,20,TB,3,0
1999-10-31,1999,8,REG,IND,34,DAL,24,0
1999-10-31,1999,8,REG,KC,34,SD,0,0
1999-10-31,1999,8,REG,NO,16,CLE,21,0
1999-10-31,1999,8,REG,OAK,9,MIA,16,0
1999-10-31,1999,8,REG,PHI,17,NYG,23,0
1999-10-31,1999,8,REG,TEN,24,STL,21,0
1999-10-31,1999,8,REG,WAS,48,CHI,22,0
1999-11-01,1999,8,REG,GB,7,SEA,27,0
1999-11-07,1999,9,REG,ATL,7,JAX,30,0
1999-11-07,1999,9,REG,CAR,33,PHI,7,0
1999-11-07,1999,9,REG,CLE,9,BAL,41,0
1999-11-07,1999,9,REG,DET,31,STL,27,0
1999-11-07,1999,9,REG,GB,13,CHI,14,0
1999-11-07,1999,9,REG,IND,25,KC,17,0
1999-11-07,1999,9,REG,MIA,17,TEN,0,0
1999-11-07,1999,9,REG,NO,16,TB,31,0
1999-11-07,1999,9,REG,NYJ,12,ARI,7,0
1999-11-07,1999,9,REG,SD,17,DEN,33,0
1999-11-07,1999,9,REG,SEA,37,CIN,20,0
1999-11-07,1999,9,REG,SF,6,PIT,27,0
1999-11-07,1999,9,REG,WAS,17,BUF,34,0
1999-11-08,1999,9,REG,MIN,27,DAL,17,0
1999-11-14,1999,10,REG,ARI,23,DET,19,0
1999-11-14,1999,10,REG,BUF,23,MIA,3,0
1999-11-14,1999,10,REG,CHI,24,MIN,27,0
1999-11-14,1999,10,REG,CIN,14,TEN,24,0
1999-11-14,1999,10,REG,DAL,27,GB,13,0
1999-11-14,1999,10,REG,JAX,6,BAL,3,0
1999-11-14,1999,10,REG,NO,24,SF,6,0
1999-11-14,1999,10,REG,NYG,19,IND,27,0
1999-11-14,1999,10,REG,OAK,28,SD,9,0
1999-11-14,1999,10,REG,PHI,35,WAS,28,0
1999-11-14,1999,10,REG,PIT,15,CLE,16,0
1999-11-14,1999,10,REG,SEA,20,DEN,17,0
1999-11-14,1999,10,REG,STL,35,CAR,10,0
1999-11-14,1999,10,REG,TB,17,KC,10,0
1999-11-15,1999,10,REG,NE,17,NYJ,24,0
1999-11-21,1999,11,REG,ARI,13,DAL,9,0
1999-11-21,1999,11,REG,CIN,31,BAL,34,0
1999-11-21,1999,11,REG,CLE,17,CAR,31,0
1999-11-21,1999,11,REG,GB,26,DET,17,0
1999-11-21,1999,11,REG,JAX,41,NO,23,0
1999-11-21,1999,11,REG,KC,19,SEA,31,0
1999-11-21,1999,11,REG,MIA,27,NE,17,0
1999-11-21,1999,11,REG,NYJ,17,BUF,7,0
1999-11-21,1999,11,REG,PHI,17,IND,44,0
1999-11-21,1999,11,REG,SD,20,CHI,23,0
1999-11-21,1999,11,REG,SF,7,STL,23,0
1999-11-21,1999,11,REG,TB,19,ATL,10,0
1999-11-21,1999,11,REG,TEN,16,PIT,10,0
1999-11-21,1999,11,REG,WAS,23,NYG,13,0
1999-11-22,1999,11,REG,DEN,27,OAK,21,0
1999-11-25,1999,12,REG,DAL,20,MIA,0,0
1999-11-25,1999,12,REG,DET,21,CHI,17,0
1999-11-28,1999,12,REG,BAL,23,JAX,30,0
1999-11-28,1999,12,REG,BUF,17,NE,7,0
1999-11-28,1999,12,REG,CAR,34,ATL,28,0
1999-11-28,1999,12,REG,CLE,21,TEN,33,0
1999-11-28,1999,12,REG,IND,13,NYJ,6,0
1999-11-28,1999,12,REG,MIN,35,SD,27,0
1999-11-28,1999,12,REG,NYG,24,ARI,34,0
1999-11-28,1999,12,REG,OAK,34,KC,37,0
1999-11-28,1999,12,REG,PIT,20,CIN,27,0
1999-11-28,1999,12,REG,SEA,3,TB,16,0
1999-11-28,1999,12,REG,STL,43,NO,12,0
1999-11-28,1999,12,REG,WAS,20,PHI,17,0
1999-11-29,1999,12,REG,SF,3,GB,20,0
1999-12-02,1999,13,REG,JAX,20,PIT,6,0
1999-12-05,1999,13,REG,ARI,21,PHI,17,0
1999-12-05,1999,13,REG,ATL,35,NO,12,0
1999-12-05,1999,13,REG,BAL,41,TEN,14,0
1999-12-05,1999,13,REG,CAR,21,STL,34,0
1999-12-05,1999,13,REG,CHI,19,GB,35,0
1999-12-05,1999,13,REG,CIN,44,SF,30,0
1999-12-05,1999,13,REG,DEN,10,KC,16,0
1999-12-05,1999,13,REG,DET,33,WAS,17,0
1999-12-05,1999,13,REG,MIA,34,IND,37,0
1999-12-05,1999,13,REG,NE,13,DAL,6,0
1999-12-05,1999,13,REG,NYG,41,NYJ,28,0
1999-12-05,1999,13,REG,OAK,30,SEA,21,0
1999-12-05,1999,13,REG,SD,23,CLE,10,0
1999-12-06,1999,13,REG,TB,24,MIN,17,0
1999-12-09,1999,14,REG,TEN,21,OAK,14,0
1999-12-12,1999,14,REG,BUF,17,NYG,19,0
1999-12-12,1999,14,REG,CIN,44,CLE,28,0
1999-12-12,1999,14,REG,DAL,20,PHI,10,0
1999-12-12,1999,14,REG,GB,31,CAR,33,0
1999-12-12,1999,14,REG,IND,20,NE,15,0
1999-12-12,1999,14,REG,KC,31,MIN,28,0
1999-12-12,1999,14,REG,NO,14,STL,30,0
1999-12-12,1999,14,REG,NYJ,28,MIA,20,0
1999-12-12,1999,14,REG,PIT,24,BAL,31,0
1999-12-12,1999,14,REG,SEA,16,SD,19,0
1999-12-12,1999,14,REG,SF,26,ATL,7,0
1999-12-12,1999,14,REG,TB,23,DET,16,0
1999-12-12,1999,14,REG,WAS,28,ARI,3,0
1999-12-13,1999,14,REG,JAX,27,DEN,24,0
1999-12-18,1999,15,REG,CAR,41,SF,24,0
1999-12-18,1999,15,REG,KC,35,PIT,19,0
1999-12-19,1999,15,REG,ARI,21,BUF,31,0
1999-12-19,1999,15,REG,BAL,31,NO,8,0
1999-12-19,1999,15,REG,CHI,28,DET,10,0
1999-12-19,1999,15,REG,CLE,14,JAX,24,0
1999-12-19,1999,15,REG,DAL,21,NYJ,22,0
1999-12-19,1999,15,REG,DEN,36,SEA,30,0
1999-12-19,1999,15,REG,IND,24,WAS,21,0
1999-12-19,1999,15,REG,MIA,12,SD,9,0
1999-12-19,1999,15,REG,OAK,45,TB,0,0
1999-12-19,1999,15,REG,PHI,24,NE,9,0
1999-12-19,1999,15,REG,STL,31,NYG,10,0
1999-12-19,1999,15,REG,TEN,30,ATL,17,0
1999-12-20,1999,15,REG,MIN,24,GB,20,0
1999-12-24,1999,16,REG,NO,31,DAL,24,0
1999-12-25,1999,16,REG,DET,7,DEN,17,0
1999-12-26,1999,16,REG,ATL,37,ARI,14,0
1999-12-26,1999,16,REG,BAL,22,CIN,0,0
1999-12-26,1999,16,REG,CLE,28,IND,29,0
1999-12-26,1999,16,REG,NE,10,BUF,13,0
1999-12-26,1999,16,REG,NYG,17,MIN,34,0
1999-12-26,1999,16,REG,PIT,30,CAR,20,0
1999-12-26,1999,16,REG,SD,23,OAK,20,0
1999-12-26,1999,16,REG,SEA,23,KC,14,0
1999-12-26,1999,16,REG,SF,20,WAS,26,0
1999-12-26,1999,16,REG,STL,34,CHI,12,0
1999-12-26,1999,16,REG,TB,29,GB,10,0
1999-12-26,1999,16,REG,TEN,41,JAX,14,0
1999-12-27,1999,16,REG,MIA,31,NYJ,38,0
2000-01-02,1999,17,REG,BUF,31,IND,6,0
2000-01-02,1999,17,REG,CAR,45,NO,13,0
2000-01-02,1999,17,REG,CHI,6,TB,20,0
2000-01-02,1999,17,REG,DAL,26,NYG,18,0
2000-01-02,1999,17,REG,DEN,6,SD,12,0
2000-01-02,1999,17,REG,GB,49,ARI,24,0
2000-01-02,1999,17,REG,JAX,24,CIN,7,0
2000-01-02,1999,17,REG,KC,38,OAK,41,0
2000-01-02,1999,17,REG,MIN,24,DET,17,0
2000-01-02,1999,17,REG,NE,20,BAL,3,0
2000-01-02,1999,17,REG,NYJ,19,SEA,9,0
2000-01-02,1999,17,REG,PHI,38,STL,31,0
2000-01-02,1999,17,REG,PIT,36,TEN,47,0
2000-01-02,1999,17,REG,WAS,21,MIA,10,0
2000-01-03,1999,17,REG,ATL,34,SF,29,0
2000-01-08,1999,18,WC,TEN,22,BUF,16,0
2000-01-08,1999,18,WC,WAS,27,DET,13,0
2000-01-09,1999,18,WC,MIN,27,DAL,10,0
2000-01-09,1999,18,WC,SEA,17,MIA,20,0
2000-01-15,1999,19,DIV,JAX,62,MIA,7,0
2000-01-15,1999,19,DIV,TB,14,WAS,13,0
2000-01-16,1999,19,DIV,IND,16,TEN,19,0
2000-01-16,1999,19,DIV,STL,49,MIN,37,0
2000-01-23,1999,20,CON,JAX,14,TEN,33,0
2000-01-23,1999,20,CON,STL,11,TB,6,0
2000-01-30,1999,21,SB,TEN,16,STL,23,0
2000-09-03,2000,1,REG,ATL,36,SF,28,0
2000-09-03,2000,1,REG,CLE,7,JAX,27,0
2000-09-03,2000,1,REG,KC,14,IND,27,0
2000-09-03,2000,1,REG,MIN,30,CHI,27,0
2000-09-03,2000,1,REG,NE,16,TB,21,0
2000-09-03,2000,1,REG,NO,10,DET,14,0
2000-09-03,2000,1,REG,NYG,21,ARI,16,0
2000-09-03,2000,1,REG,PIT,0,BAL,16,0
2000-09-03,2000,1,REG,WAS,20,CAR,17,0
2000-09-03,2000,1,REG,DAL,14,PHI,41,0
2000-09-03,2000,1,REG,GB,16,NYJ,20,0
2000-09-03,2000,1,REG,MIA,23,SEA,0,0
2000-09-03,2000,1,REG,OAK,9,SD,6,0
2000-09-03,2000,1,REG,BUF,16,TEN,13,0
2000-09-04,2000,1,REG,STL,41,DEN,36,0
2000-09-10,2000,2,REG,IND,31,OAK,38,0
2000-09-10,2000,2,REG,BAL,39,JAX,36,0
2000-09-10,2000,2,REG,BUF,27,GB,18,0
2000-09-10,2000,2,REG,CIN,7,CLE,24,0
2000-09-10,2000,2,REG,MIN,13,MIA,7,0
2000-09-10,2000,2,REG,PHI,18,NYG,33,0
2000-09-10,2000,2,REG,TB,41,CHI,0,0
2000-09-10,2000,2,REG,TEN,17,KC,14,0
2000-09-10,2000,2,REG,DEN,42,ATL,14,0
2000-09-10,2000,2,REG,DET,15,WAS,10,0
2000-09-10,2000,2,REG,SD,27,NO,28,0
2000-09-10,2000,2,REG,SEA,34,STL,37,0
2000-09-10,2000,2,REG,SF,22,CAR,38,0
2000-09-10,2000,2,REG,ARI,32,DAL,31,0
2000-09-11,2000,2,REG,NYJ,20,NE,19,0
2000-09-17,2000,3,REG,CAR,10,ATL,15,0
2000-09-17,2000,3,REG,CLE,23,PIT,20,0
2000-09-17,2000,3,REG,DET,10,TB,31,0
2000-09-17,2000,3,REG,GB,6,PHI,3,0
2000-09-17,2000,3,REG,JAX,13,CIN,0,0
2000-09-17,2000,3,REG,KC,42,SD,10,0
2000-09-17,2000,3,REG,NYJ,27,BUF,14,0
2000-09-17,2000,3,REG,STL,41,SF,24,0
2000-09-17,2000,3,REG,OAK,24,DEN,33,0
2000-09-17,2000,3,REG,CHI,7,NYG,14,0
2000-09-17,2000,3,REG,NE,13,MIN,21,0
2000-09-17,2000,3,REG,SEA,20,NO,10,0
2000-09-17,2000,3,REG,MIA,19,BAL,6,0
2000-09-18,2000,3,REG,WAS,21,DAL,27,0
2000-09-24,2000,4,REG,ATL,20,STL,41,0
2000-09-24,2000,4,REG,BAL,37,CIN,0,0
2000-09-24,2000,4,REG,CHI,14,DET,21,0
2000-09-24,2000,4,REG,DAL,24,SF,41,0
2000-09-24,2000,4,REG,MIA,10,NE,3,0
2000-09-24,2000,4,REG,NO,7,PHI,21,0
2000-09-24,2000,4,REG,PIT,20,TEN,23,0
2000-09-24,2000,4,REG,ARI,3,GB,29,0
2000-09-24,2000,4,REG,DEN,22,KC,23,0
2000-09-24,2000,4,REG,OAK,36,CLE,10,0
2000-09-24,2000,4,REG,SD,12,SEA,20,0
2000-09-24,2000,4,REG,TB,17,NYJ,21,0
2000-09-24,2000,4,REG,NYG,6,WAS,16,0
2000-09-25,2000,4,REG,IND,43,JAX,14,0
2000-10-01,2000,5,REG,BUF,16,IND,18,0
2000-10-01,2000,5,REG,CAR,13,DAL,16,0
2000-10-01,2000,5,REG,CLE,0,BAL,12,0
2000-10-01,2000,5,REG,DET,24,MIN,31,0
2000-10-01,2000,5,REG,JAX,13,PIT,24,0
2000-10-01,2000,5,REG,STL,57,SD,31,0
2000-10-01,2000,5,REG,TEN,28,NYG,14,0
2000-10-01,2000,5,REG,CIN,16,MIA,31,0
2000-10-01,2000,5,REG,DEN,19,NE,28,0
2000-10-01,2000,5,REG,GB,24,CHI,27,0
2000-10-01,2000,5,REG,SF,27,ARI,20,0
2000-10-01,2000,5,REG,WAS,20,TB,17,0
2000-10-01,2000,5,REG,PHI,38,ATL,10,0
2000-10-02,2000,5,REG,KC,24,SEA,17,0
2000-10-08,2000,6,REG,CHI,10,NO,31,0
2000-10-08,2000,6,REG,CIN,14,TEN,23,0
2000-10-08,2000,6,REG,DET,31,GB,24,0
2000-10-08,2000,6,REG,MIA,22,BUF,13,0
2000-10-08,2000,6,REG,NE,24,IND,16,0
2000-10-08,2000,6,REG,NYJ,3,PIT,20,0
2000-10-08,2000,6,REG,PHI,14,WAS,17,0
2000-10-08,2000,6,REG,ARI,29,CLE,21,0
2000-10-08,2000,6,REG,ATL,6,NYG,13,0
2000-10-08,2000,6,REG,CAR,26,SEA,3,0
2000-10-08,2000,6,REG,SD,7,DEN,21,0
2000-10-08,2000,6,REG,SF,28,OAK,34,0
2000-10-08,2000,6,REG,JAX,10,BAL,15,0
2000-10-09,2000,6,REG,MIN,30,TB,23,0
2000-10-15,2000,7,REG,BUF,27,SD,24,0
2000-10-15,2000,7,REG,KC,17,OAK,20,0
2000-10-15,2000,7,REG,NO,24,CAR,6,0
2000-10-15,2000,7,REG,NYG,19,DAL,14,0
2000-10-15,2000,7,REG,PIT,15,CIN,0,0
2000-10-15,2000,7,REG,STL,45,ATL,29,0
2000-10-15,2000,7,REG,WAS,10,BAL,3,0
2000-10-15,2000,7,REG,ARI,14,PHI,33,0
2000-10-15,2000,7,REG,DEN,44,CLE,10,0
2000-10-15,2000,7,REG,NE,17,NYJ,34,0
2000-10-15,2000,7,REG,SEA,24,IND,37,0
2000-10-15,2000,7,REG,GB,31,SF,28,0
2000-10-15,2000,7,REG,CHI,16,MIN,28,0
2000-10-16,2000,7,REG,TEN,27,JAX,13,0
2000-10-19,2000,8,REG,TB,14,DET,28,0
2000-10-22,2000,8,REG,IND,30,NE,23,0
2000-10-22,2000,8,REG,ATL,19,NO,21,0
2000-10-22,2000,8,REG,BAL,6,TEN,14,0
2000-10-22,2000,8,REG,CAR,34,SF,16,0
2000-10-22,2000,8,REG,CIN,31,DEN,21,0
2000-10-22,2000,8,REG,DAL,48,ARI,7,0
2000-10-22,2000,8,REG,KC,54,STL,34,0
2000-10-22,2000,8,REG,MIN,31,BUF,27,0
2000-10-22,2000,8,REG,PHI,13,CHI,9,0
2000-10-22,2000,8,REG,OAK,31,SEA,3,0
2000-10-22,2000,8,REG,PIT,22,CLE,0,0
2000-10-22,2000,8,REG,JAX,16,WAS,35,0
2000-10-23,2000,8,REG,NYJ,40,MIA,37,0
2000-10-29,2000,9,REG,ATL,13,CAR,12,0
2000-10-29,2000,9,REG,BAL,6,PIT,9,0
2000-10-29,2000,9,REG,BUF,23,NYJ,20,0
2000-10-29,2000,9,REG,CLE,3,CIN,12,0
2000-10-29,2000,9,REG,IND,30,DET,18,0
2000-10-29,2000,9,REG,MIA,28,GB,20,0
2000-10-29,2000,9,REG,TB,41,MIN,13,0
2000-10-29,2000,9,REG,ARI,10,NO,21,0
2000-10-29,2000,9,REG,NYG,24,PHI,7,0
2000-10-29,2000,9,REG,SF,24,STL,34,0
2000-10-29,2000,9,REG,DAL,17,JAX,23,0
2000-10-29,2000,9,REG,SEA,19,KC,24,0
2000-10-29,2000,9,REG,SD,13,OAK,15,0
2000-10-30,2000,9,REG,WAS,21,TEN,27,0
2000-11-05,2000,10,REG,ATL,14,TB,27,0
2000-11-05,2000,10,REG,CHI,27,IND,24,0
2000-11-05,2000,10,REG,CIN,7,BAL,27,0
2000-11-05,2000,10,REG,CLE,3,NYG,24,0
2000-11-05,2000,10,REG,DET,8,MIA,23,0
2000-11-05,2000,10,REG,NE,13,BUF,16,0
2000-11-05,2000,10,REG,NO,31,SF,15,0
2000-11-05,2000,10,REG,PHI,16,DAL,13,0
2000-11-05,2000,10,REG,TEN,9,PIT,7,0
2000-11-05,2000,10,REG,ARI,16,WAS,15,0
2000-11-05,2000,10,REG,NYJ,23,DEN,30,0
2000-11-05,2000,10,REG,OAK,49,KC,31,0
2000-11-05,2000,10,REG,SEA,17,SD,15,0
2000-11-05,2000,10,REG,STL,24,CAR,27,0
2000-11-06,2000,10,REG,GB,26,MIN,20,0
2000-11-12,2000,11,REG,BUF,20,CHI,3,0
2000-11-12,2000,11,REG,CAR,10,NO,20,0
2000-11-12,2000,11,REG,DAL,23,CIN,6,0
2000-11-12,2000,11,REG,DET,13,ATL,10,0
2000-11-12,2000,11,REG,JAX,21,SEA,28,0
2000-11-12,2000,11,REG,MIN,31,ARI,14,0
2000-11-12,2000,11,REG,PIT,23,PHI,26,0
2000-11-12,2000,11,REG,TEN,23,BAL,24,0
2000-11-12,2000,11,REG,CLE,19,NE,11,0
2000-11-12,2000,11,REG,SD,7,MIA,17,0
2000-11-12,2000,11,REG,SF,21,KC,7,0
2000-11-12,2000,11,REG,NYG,24,STL,38,0
2000-11-12,2000,11,REG,TB,20,GB,15,0
2000-11-12,2000,11,REG,IND,23,NYJ,15,0
2000-11-13,2000,11,REG,DEN,27,OAK,24,0
2000-11-19,2000,12,REG,CHI,13,TB,10,0
2000-11-19,2000,12,REG,GB,26,IND,24,0
2000-11-19,2000,12,REG,KC,17,BUF,21,0
2000-11-19,2000,12,REG,MIN,31,CAR,17,0
2000-11-19,2000,12,REG,NE,16,CIN,13,0
2000-11-19,2000,12,REG,NO,22,OAK,31,0
2000-11-19,2000,12,REG,NYG,21,DET,31,0
2000-11-19,2000,12,REG,PHI,34,ARI,9,0
2000-11-19,2000,12,REG,TEN,24,CLE,10,0
2000-11-19,2000,12,REG,DEN,38,SD,37,0
2000-11-19,2000,12,REG,MIA,3,NYJ,20,0
2000-11-19,2000,12,REG,BAL,27,DAL,0,0
2000-11-19,2000,12,REG,SF,16,ATL,6,0
2000-11-19,2000,12,REG,PIT,24,JAX,34,0
2000-11-20,2000,12,REG,STL,20,WAS,33,0
2000-11-23,2000,13,REG,DET,34,NE,9,0
2000-11-23,2000,13,REG,DAL,15,MIN,27,0
2000-11-26,2000,13,REG,BAL,44,CLE,7,0
2000-11-26,2000,13,REG,CIN,28,PIT,48,0
2000-11-26,2000,13,REG,NYJ,17,CHI,10,0
2000-11-26,2000,13,REG,STL,24,NO,31,0
2000-11-26,2000,13,REG,TB,31,BUF,17,0
2000-11-26,2000,13,REG,WAS,20,PHI,23,0
2000-11-26,2000,13,REG,OAK,41,ATL,14,0
2000-11-26,2000,13,REG,IND,14,MIA,17,0
2000-11-26,2000,13,REG,JAX,16,TEN,13,0
2000-11-26,2000,13,REG,SD,17,KC,16,0
2000-11-26,2000,13,REG,SEA,31,DEN,38,0
2000-11-26,2000,13,REG,ARI,7,NYG,31,0
2000-11-27,2000,13,REG,CAR,31,GB,14,0
2000-11-30,2000,14,REG,MIN,24,DET,17,0
2000-12-03,2000,14,REG,ATL,10,SEA,30,0
2000-12-03,2000,14,REG,BUF,6,MIA,33,0
2000-12-03,2000,14,REG,CAR,16,STL,3,0
2000-12-03,2000,14,REG,CIN,24,ARI,13,0
2000-12-03,2000,14,REG,NO,23,DEN,38,0
2000-12-03,2000,14,REG,PHI,13,TEN,15,0
2000-12-03,2000,14,REG,PIT,21,OAK,20,0
2000-12-03,2000,14,REG,TB,27,DAL,7,0
2000-12-03,2000,14,REG,WAS,7,NYG,9,0
2000-12-03,2000,14,REG,SD,17,SF,45,0
2000-12-03,2000,14,REG,JAX,48,CLE,0,0
2000-12-03,2000,14,REG,NYJ,27,IND,17,0
2000-12-03,2000,14,REG,CHI,6,GB,28,0
2000-12-04,2000,14,REG,NE,30,KC,24,0
2000-12-10,2000,15,REG,BAL,24,SD,3,0
2000-12-10,2000,15,REG,CHI,24,NE,17,0
2000-12-10,2000,15,REG,CLE,24,PHI,35,0
2000-12-10,2000,15,REG,GB,26,DET,13,0
2000-12-10,2000,15,REG,JAX,44,ARI,10,0
2000-12-10,2000,15,REG,KC,15,CAR,14,0
2000-12-10,2000,15,REG,MIA,13,TB,16,0
2000-12-10,2000,15,REG,NYG,30,PIT,10,0
2000-12-10,2000,15,REG,TEN,35,CIN,3,0
2000-12-10,2000,15,REG,DEN,31,SEA,24,0
2000-12-10,2000,15,REG,DAL,32,WAS,13,0
2000-12-10,2000,15,REG,SF,27,NO,31,0
2000-12-10,2000,15,REG,STL,40,MIN,29,0
2000-12-10,2000,15,REG,OAK,31,NYJ,7,0
2000-12-11,2000,15,REG,IND,44,BUF,20,0
2000-12-16,2000,16,REG,PIT,24,WAS,3,0
2000-12-16,2000,16,REG,SEA,27,OAK,24,0
2000-12-17,2000,16,REG,BUF,10,NE,13,0
2000-12-17,2000,16,REG,CAR,30,SD,22,0
2000-12-17,2000,16,REG,CIN,17,JAX,14,0
2000-12-17,2000,16,REG,CLE,0,TEN,24,0
2000-12-17,2000,16,REG,KC,20,DEN,7,0
2000-12-17,2000,16,REG,MIN,28,GB,33,0
2000-12-17,2000,16,REG,NO,23,ATL,7,0
2000-12-17,2000,16,REG,NYJ,7,DET,10,0
2000-12-17,2000,16,REG,SF,17,CHI,0,0
2000-12-17,2000,16,REG,ARI,7,BAL,13,0
2000-12-17,2000,16,REG,MIA,13,IND,20,0
2000-12-17,2000,16,REG,DAL,13,NYG,17,0
2000-12-18,2000,16,REG,TB,38,STL,35,0
2000-12-23,2000,17,REG,NYG,28,JAX,25,0
2000-12-23,2000,17,REG,DEN,38,SF,9,0
2000-12-23,2000,17,REG,SEA,23,BUF,42,0
2000-12-24,2000,17,REG,ATL,29,KC,13,0
2000-12-24,2000,17,REG,BAL,34,NYJ,20,0
2000-12-24,2000,17,REG,DET,20,CHI,23,0
2000-12-24,2000,17,REG,GB,17,TB,14,0
2000-12-24,2000,17,REG,NE,24,MIA,27,0
2000-12-24,2000,17,REG,NO,21,STL,26,0
2000-12-24,2000,17,REG,PHI,16,CIN,7,0
2000-12-24,2000,17,REG,WAS,20,ARI,3,0
2000-12-24,2000,17,REG,SD,21,PIT,34,0
2000-12-24,2000,17,REG,IND,31,MIN,10,0
2000-12-24,2000,17,REG,OAK,52,CAR,9,0
2000-12-25,2000,17,REG,TEN,31,DAL,0,0
2000-12-30,2000,18,WC,MIA,23,IND,17,0
2000-12-30,2000,18,WC,NO,31,STL,28,0
2000-12-31,2000,18,WC,BAL,21,DEN,3,0
2000-12-31,2000,18,WC,PHI,21,TB,3,0
2001-01-06,2000,19,DIV,MIN,34,NO,16,0
2001-01-06,2000,19,DIV,OAK,27,MIA,0,0
2001-01-07,2000,19,DIV,TEN,10,BAL,24,0
2001-01-07,2000,19,DIV,NYG,20,PHI,10,0
2001-01-14,2000,20,CON,NYG,41,MIN,0,0
2001-01-14,2000,20,CON,OAK,3,BAL,16,0
2001-01-28,2000,21,SB,NYG,7,BAL,34,0
2001-09-09,2001,1,REG,BAL,17,CHI,6,0
2001-09-09,2001,1,REG,BUF,6,NO,24,0
2001-09-09,2001,1,REG,CIN,23,NE,17,0
2001-09-09,2001,1,REG,CLE,6,SEA,9,0
2001-09-09,2001,1,REG,DAL,6,TB,10,0
2001-09-09,2001,1,REG,GB,28,DET,6,0
2001-09-09,2001,1,REG,JAX,21,PIT,3,0
2001-09-09,2001,1,REG,KC,24,OAK,27,0
2001-09-09,2001,1,REG,MIN,13,CAR,24,0
2001-09-09,2001,1,REG,NYJ,24,IND,45,0
2001-09-09,2001,1,REG,PHI,17,STL,20,0
2001-09-09,2001,1,REG,SD,30,WAS,3,0
2001-09-09,2001,1,REG,SF,16,ATL,13,0
2001-09-09,2001,1,REG,TEN,23,MIA,31,0
2001-09-10,2001,1,REG,DEN,31,NYG,20,0
2001-09-23,2001,2,REG,ATL,24,CAR,16,0
2001-09-23,2001,2,REG,CHI,17,MIN,10,0
2001-09-23,2001,2,REG,CIN,21,BAL,10,0
2001-09-23,2001,2,REG,CLE,24,DET,14,0
2001-09-23,2001,2,REG,DAL,21,SD,32,0
2001-09-23,2001,2,REG,IND,42,BUF,26,0
2001-09-23,2001,2,REG,JAX,13,TEN,6,0
2001-09-23,2001,2,REG,KC,3,NYG,13,0
2001-09-23,2001,2,REG,MIA,18,OAK,15,0
2001-09-23,2001,2,REG,NE,3,NYJ,10,0
2001-09-23,2001,2,REG,SEA,3,PHI,27,0
2001-09-23,2001,2,REG,SF,26,STL,30,0
2001-09-23,2001,2,REG,ARI,17,DEN,38,0
2001-09-24,2001,2,REG,GB,37,WAS,0,0
2001-09-30,2001,3,REG,BUF,3,PIT,20,0
2001-09-30,2001,3,REG,CAR,7,GB,28,0
2001-09-30,2001,3,REG,MIN,20,TB,16,0
2001-09-30,2001,3,REG,NE,44,IND,13,0
2001-09-30,2001,3,REG,NYG,21,NO,13,0
2001-09-30,2001,3,REG,STL,42,MIA,10,0
2001-09-30,2001,3,REG,WAS,13,KC,45,0
2001-09-30,2001,3,REG,ARI,14,ATL,34,0
2001-09-30,2001,3,REG,DEN,13,BAL,20,0
2001-09-30,2001,3,REG,JAX,14,CLE,23,0
2001-09-30,2001,3,REG,OAK,38,SEA,14,0
2001-09-30,2001,3,REG,SD,28,CIN,14,0
2001-09-30,2001,3,REG,PHI,40,DAL,18,0
2001-10-01,2001,3,REG,NYJ,17,SF,19,0
2001-10-07,2001,4,REG,ATL,3,CHI,31,0
2001-10-07,2001,4,REG,BAL,26,TEN,7,0
2001-10-07,2001,4,REG,CLE,20,SD,16,0
2001-10-07,2001,4,REG,MIA,30,NE,10,0
2001-10-07,2001,4,REG,NO,28,MIN,15,0
2001-10-07,2001,4,REG,NYG,23,WAS,9,0
2001-10-07,2001,4,REG,PHI,20,ARI,21,0
2001-10-07,2001,4,REG,PIT,16,CIN,7,0
2001-10-07,2001,4,REG,BUF,36,NYJ,42,0
2001-10-07,2001,4,REG,DEN,20,KC,6,0
2001-10-07,2001,4,REG,SEA,24,JAX,15,0
2001-10-07,2001,4,REG,OAK,28,DAL,21,0
2001-10-07,2001,4,REG,TB,14,GB,10,0
2001-10-07,2001,4,REG,SF,24,CAR,14,0
2001-10-08,2001,4,REG,DET,0,STL,35,0
2001-10-14,2001,5,REG,ATL,31,SF,37,0
2001-10-14,2001,5,REG,CAR,25,NO,27,0
2001-10-14,2001,5,REG,CHI,20,ARI,13,0
2001-10-14,2001,5,REG,CIN,24,CLE,14,0
2001-10-14,2001,5,REG,GB,31,BAL,23,0
2001-10-14,2001,5,REG,KC,17,PIT,20,0
2001-10-14,2001,5,REG,MIN,31,DET,26,0
2001-10-14,2001,5,REG,NE,29,SD,26,0
2001-10-14,2001,5,REG,STL,15,NYG,14,0
2001-10-14,2001,5,REG,TEN,31,TB,28,0
2001-10-14,2001,5,REG,NYJ,21,MIA,17,0
2001-10-14,2001,5,REG,SEA,34,DEN,21,0
2001-10-14,2001,5,REG,IND,18,OAK,23,0
2001-10-15,2001,5,REG,DAL,9,WAS,7,0
2001-10-18,2001,6,REG,JAX,10,BUF,13,0
2001-10-21,2001,6,REG,CIN,0,CHI,24,0
2001-10-21,2001,6,REG,CLE,24,BAL,14,0
2001-10-21,2001,6,REG,DET,24,TEN,27,0
2001-10-21,2001,6,REG,IND,17,NE,38,0
2001-10-21,2001,6,REG,NO,13,ATL,20,0
2001-10-21,2001,6,REG,NYJ,14,STL,34,0
2001-10-21,2001,6,REG,TB,10,PIT,17,0
2001-10-21,2001,6,REG,WAS,17,CAR,14,0
2001-10-21,2001,6,REG,ARI,24,KC,16,0
2001-10-21,2001,6,REG,SD,27,DEN,10,0
2001-10-21,2001,6,REG,MIN,35,GB,13,0
2001-10-22,2001,6,REG,NYG,9,PHI,10,0
2001-10-25,2001,7,REG,KC,28,IND,35,0
2001-10-28,2001,7,REG,BAL,18,JAX,17,0
2001-10-28,2001,7,REG,CAR,12,NYJ,13,0
2001-10-28,2001,7,REG,CHI,37,SF,31,0
2001-10-28,2001,7,REG,DET,27,CIN,31,0
2001-10-28,2001,7,REG,STL,31,NO,34,0
2001-10-28,2001,7,REG,TB,41,MIN,14,0
2001-10-28,2001,7,REG,DAL,17,ARI,3,0
2001-10-28,2001,7,REG,WAS,35,NYG,21,0
2001-10-28,2001,7,REG,DEN,31,NE,20,0
2001-10-28,2001,7,REG,PHI,10,OAK,20,0
2001-10-28,2001,7,REG,SD,27,BUF,24,0
2001-10-28,2001,7,REG,SEA,20,MIA,24,0
2001-10-29,2001,7,REG,PIT,34,TEN,7,0
2001-11-04,2001,8,REG,ATL,10,NE,24,0
2001-11-04,2001,8,REG,BUF,14,IND,30,0
2001-11-04,2001,8,REG,GB,21,TB,20,0
2001-11-04,2001,8,REG,MIA,23,CAR,6,0
2001-11-04,2001,8,REG,NYG,27,DAL,24,0
2001-11-04,2001,8,REG,PIT,10,BAL,13,0
2001-11-04,2001,8,REG,TEN,28,JAX,24,0
2001-11-04,2001,8,REG,ARI,7,PHI,21,0
2001-11-04,2001,8,REG,SF,21,DET,13,0
2001-11-04,2001,8,REG,CHI,27,CLE,21,0
2001-11-04,2001,8,REG,SD,20,KC,25,0
2001-11-04,2001,8,REG,WAS,27,SEA,14,0
2001-11-04,2001,8,REG,NO,9,NYJ,16,0
2001-11-05,2001,8,REG,OAK,38,DEN,28,0
2001-11-11,2001,9,REG,ATL,20,DAL,13,0
2001-11-11,2001,9,REG,CHI,12,GB,20,0
2001-11-11,2001,9,REG,CLE,12,PIT,15,0
2001-11-11,2001,9,REG,DET,17,TB,20,0
2001-11-11,2001,9,REG,IND,24,MIA,27,0
2001-11-11,2001,9,REG,JAX,30,CIN,13,0
2001-11-11,2001,9,REG,NE,21,BUF,11,0
2001-11-11,2001,9,REG,NYJ,27,KC,7,0
2001-11-11,2001,9,REG,STL,48,CAR,14,0
2001-11-11,2001,9,REG,DEN,26,SD,16,0
2001-11-11,2001,9,REG,ARI,10,NYG,17,0
2001-11-11,2001,9,REG,PHI,48,MIN,17,0
2001-11-11,2001,9,REG,SF,28,NO,27,0
2001-11-11,2001,9,REG,SEA,34,OAK,27,0
2001-11-12,2001,9,REG,TEN,10,BAL,16,0
2001-11-18,2001,10,REG,BAL,17,CLE,27,0
2001-11-18,2001,10,REG,BUF,20,SEA,23,0
2001-11-18,2001,10,REG,CAR,22,SF,25,0
2001-11-18,2001,10,REG,CIN,7,TEN,20,0
2001-11-18,2001,10,REG,DAL,3,PHI,36,0
2001-11-18,2001,10,REG,GB,20,ATL,23,0
2001-11-18,2001,10,REG,MIA,0,NYJ,24,0
2001-11-18,2001,10,REG,NO,34,IND,20,0
2001-11-18,2001,10,REG,OAK,34,SD,24,0
2001-11-18,2001,10,REG,PIT,20,JAX,7,0
2001-11-18,2001,10,REG,ARI,45,DET,38,0
2001-11-18,2001,10,REG,DEN,10,WAS,17,0
2001-11-18,2001,10,REG,TB,24,CHI,27,0
2001-11-18,2001,10,REG,NE,17,STL,24,0
2001-11-19,2001,10,REG,MIN,28,NYG,16,0
2001-11-22,2001,11,REG,DET,27,GB,29,0
2001-11-22,2001,11,REG,DAL,24,DEN,26,0
2001-11-25,2001,11,REG,BUF,27,MIA,34,0
2001-11-25,2001,11,REG,CAR,7,ATL,10,0
2001-11-25,2001,11,REG,CLE,18,CIN,0,0
2001-11-25,2001,11,REG,IND,21,SF,40,0
2001-11-25,2001,11,REG,JAX,21,BAL,24,0
2001-11-25,2001,11,REG,KC,19,SEA,7,0
2001-11-25,2001,11,REG,PHI,3,WAS,13,0
2001-11-25,2001,11,REG,TEN,24,PIT,34,0
2001-11-25,2001,11,REG,NE,34,NO,17,0
2001-11-25,2001,11,REG,SD,17,ARI,20,0
2001-11-25,2001,11,REG,NYG,10,OAK,28,0
2001-11-25,2001,11,REG,MIN,6,CHI,13,0
2001-11-26,2001,11,REG,STL,17,TB,24,0
2001-11-29,2001,12,REG,KC,10,PHI,23,0
2001-12-02,2001,12,REG,BAL,39,IND,27,0
2001-12-02,2001,12,REG,CHI,13,DET,10,0
2001-12-02,2001,12,REG,CIN,13,TB,16,0
2001-12-02,2001,12,REG,CLE,15,TEN,31,0
2001-12-02,2001,12,REG,MIA,21,DEN,10,0
2001-12-02,2001,12,REG,NO,27,CAR,23,0
2001-12-02,2001,12,REG,NYJ,16,NE,17,0
2001-12-02,2001,12,REG,PIT,21,MIN,16,0
2001-12-02,2001,12,REG,SEA,13,SD,10,0
2001-12-02,2001,12,REG,ATL,6,STL,35,0
2001-12-02,2001,12,REG,OAK,31,ARI,34,0
2001-12-02,2001,12,REG,WAS,14,DAL,20,0
2001-12-02,2001,12,REG,SF,35,BUF,0,0
2001-12-03,2001,12,REG,JAX,21,GB,28,0
2001-12-09,2001,13,REG,ATL,10,NO,28,0
2001-12-09,2001,13,REG,BUF,25,CAR,24,0
2001-12-09,2001,13,REG,CIN,10,JAX,14,0
2001-12-09,2001,13,REG,DAL,20,NYG,13,0
2001-12-09,2001,13,REG,GB,17,CHI,7,0
2001-12-09,2001,13,REG,MIN,42,TEN,24,0
2001-12-09,2001,13,REG,NE,27,CLE,16,0
2001-12-09,2001,13,REG,PHI,24,SD,14,0
2001-12-09,2001,13,REG,STL,27,SF,14,0
2001-12-09,2001,13,REG,TB,15,DET,12,0
2001-12-09,2001,13,REG,ARI,10,WAS,20,0
2001-12-09,2001,13,REG,OAK,28,KC,26,0
2001-12-09,2001,13,REG,PIT,18,NYJ,7,0
2001-12-09,2001,13,REG,DEN,20,SEA,7,0
2001-12-10,2001,13,REG,MIA,41,IND,6,0
2001-12-15,2001,14,REG,NYG,17,ARI,13,0
2001-12-15,2001,14,REG,SD,6,OAK,13,0
2001-12-16,2001,14,REG,BUF,9,NE,12,0
2001-12-16,2001,14,REG,CHI,27,TB,3,0
2001-12-16,2001,14,REG,CLE,10,JAX,15,0
2001-12-16,2001,14,REG,DET,27,MIN,24,0
2001-12-16,2001,14,REG,IND,41,ATL,27,0
2001-12-16,2001,14,REG,KC,26,DEN,23,0
2001-12-16,2001,14,REG,NYJ,15,CIN,14,0
2001-12-16,2001,14,REG,WAS,6,PHI,20,0
2001-12-16,2001,14,REG,SF,21,MIA,0,0
2001-12-16,2001,14,REG,SEA,29,DAL,3,0
2001-12-16,2001,14,REG,TEN,26,GB,20,0
2001-12-16,2001,14,REG,BAL,21,PIT,26,0
2001-12-17,2001,14,REG,NO,21,STL,34,0
2001-12-22,2001,15,REG,OAK,10,TEN,13,0
2001-12-22,2001,15,REG,NE,20,MIA,13,0
2001-12-22,2001,15,REG,SF,13,PHI,3,0
2001-12-23,2001,15,REG,ATL,33,BUF,30,0
2001-12-23,2001,15,REG,BAL,16,CIN,0,0
2001-12-23,2001,15,REG,CAR,32,STL,38,0
2001-12-23,2001,15,REG,KC,20,SD,17,0
2001-12-23,2001,15,REG,MIN,3,JAX,33,0
2001-12-23,2001,15,REG,NYG,27,SEA,24,0
2001-12-23,2001,15,REG,PIT,47,DET,14,0
2001-12-23,2001,15,REG,TB,48,NO,21,0
2001-12-23,2001,15,REG,WAS,15,CHI,20,0
2001-12-23,2001,15,REG,ARI,17,DAL,10,0
2001-12-23,2001,15,REG,GB,30,CLE,7,0
2001-12-23,2001,15,REG,IND,28,NYJ,29,0
2001-12-29,2001,16,REG,TB,22,BAL,10,0
2001-12-30,2001,16,REG,CAR,7,ARI,30,0
2001-12-30,2001,16,REG,CIN,26,PIT,23,0
2001-12-30,2001,16,REG,DAL,27,SF,21,0
2001-12-30,2001,16,REG,DET,0,CHI,24,0
2001-12-30,2001,16,REG,GB,24,MIN,13,0
2001-12-30,2001,16,REG,JAX,26,KC,30,0
2001-12-30,2001,16,REG,MIA,21,ATL,14,0
2001-12-30,2001,16,REG,NYJ,9,BUF,14,0
2001-12-30,2001,16,REG,STL,42,IND,17,0
2001-12-30,2001,16,REG,TEN,38,CLE,41,0
2001-12-30,2001,16,REG,PHI,24,NYG,21,0
2001-12-30,2001,16,REG,DEN,23,OAK,17,0
2001-12-30,2001,16,REG,SD,22,SEA,25,0
2001-12-30,2001,16,REG,NO,10,WAS,40,0
2002-01-06,2001,17,REG,IND,29,DEN,10,0
2002-01-06,2001,17,REG,CAR,6,NE,38,0
2002-01-06,2001,17,REG,CHI,33,JAX,13,0
2002-01-06,2001,17,REG,DET,15,DAL,10,0
2002-01-06,2001,17,REG,NO,0,SF,38,0
2002-01-06,2001,17,REG,NYG,25,GB,34,0
2002-01-06,2001,17,REG,PIT,28,CLE,7,0
2002-01-06,2001,17,REG,TEN,21,CIN,23,0
2002-01-06,2001,17,REG,WAS,20,ARI,17,0
2002-01-06,2001,17,REG,STL,31,ATL,13,0
2002-01-06,2001,17,REG,MIA,34,BUF,7,0
2002-01-06,2001,17,REG,OAK,22,NYJ,24,0
2002-01-06,2001,17,REG,SEA,21,KC,18,0
2002-01-06,2001,17,REG,TB,13,PHI,17,0
2002-01-07,2001,17,REG,BAL,19,MIN,3,0
2002-01-12,2001,18,WC,PHI,31,TB,9,0
2002-01-12,2001,18,WC,OAK,38,NYJ,24,0
2002-01-13,2001,18,WC,GB,25,SF,15,0
2002-01-13,2001,18,WC,MIA,3,BAL,20,0
2002-01-19,2001,19,DIV,CHI,19,PHI,33,0
2002-01-19,2001,19,DIV,NE,16,OAK,13,0
2002-01-20,2001,19,DIV,PIT,27,BAL,10,0
2002-01-20,2001,19,DIV,STL,45,GB,17,0
2002-01-27,2001,20,CON,PIT,17,NE,24,0
2002-01-27,2001,20,CON,STL,29,PHI,24,0
2002-02-03,2001,21,SB,NE,20,STL,17,0
2002-09-05,2002,1,REG,NYG,13,SF,16,0
2002-09-08,2002,1,REG,BUF,31,NYJ,37,0
2002-09-08,2002,1,REG,CAR,10,BAL,7,0
2002-09-08,2002,1,REG,CHI,27,MIN,23,0
2002-09-08,2002,1,REG,CIN,6,SD,34,0
2002-09-08,2002,1,REG,CLE,39,KC,40,0
2002-09-08,2002,1,REG,GB,37,ATL,34,0
2002-09-08,2002,1,REG,JAX,25,IND,28,0
2002-09-08,2002,1,REG,MIA,49,DET,21,0
2002-09-08,2002,1,REG,TEN,27,PHI,24,0
2002-09-08,2002,1,REG,WAS,31,ARI,23,0
2002-09-08,2002,1,REG,DEN,23,STL,16,0
2002-09-08,2002,1,REG,OAK,31,SEA,17,0
2002-09-08,2002,1,REG,TB,20,NO,26,0
2002-09-08,2002,1,REG,HOU,19,DAL,10,0
2002-09-09,2002,1,REG,NE,30,PIT,14,0
2002-09-15,2002,2,REG,ATL,13,CHI,14,0
2002-09-15,2002,2,REG,BAL,0,TB,25,0
2002-09-15,2002,2,REG,CAR,31,DET,7,0
2002-09-15,2002,2,REG,CLE,20,CIN,7,0
2002-09-15,2002,2,REG,DAL,21,TEN,13,0
2002-09-15,2002,2,REG,IND,13,MIA,21,0
2002-09-15,2002,2,REG,KC,16,JAX,23,0
2002-09-15,2002,2,REG,NO,35,GB,20,0
2002-09-15,2002,2,REG,NYJ,7,NE,44,0
2002-09-15,2002,2,REG,SEA,13,ARI,24,0
2002-09-15,2002,2,REG,STL,21,NYG,26,0
2002-09-15,2002,2,REG,MIN,39,BUF,45,0
2002-09-15,2002,2,REG,SD,24,HOU,3,0
2002-09-15,2002,2,REG,SF,14,DEN,24,0
2002-09-15,2002,2,REG,PIT,17,OAK,30,0
2002-09-16,2002,2,REG,WAS,7,PHI,37,0
2002-09-22,2002,3,REG,CHI,23,NO,29,0
2002-09-22,2002,3,REG,HOU,3,IND,23,0
2002-09-22,2002,3,REG,MIA,30,NYJ,3,0
2002-09-22,2002,3,REG,MIN,14,CAR,21,0
2002-09-22,2002,3,REG,NE,41,KC,38,0
2002-09-22,2002,3,REG,PHI,44,DAL,13,0
2002-09-22,2002,3,REG,TEN,28,CLE,31,0
2002-09-22,2002,3,REG,ARI,15,SD,23,0
2002-09-22,2002,3,REG,DEN,28,BUF,23,0
2002-09-22,2002,3,REG,DET,31,GB,37,0
2002-09-22,2002,3,REG,NYG,9,SEA,6,0
2002-09-22,2002,3,REG,SF,20,WAS,10,0
2002-09-22,2002,3,REG,ATL,30,CIN,3,0
2002-09-23,2002,3,REG,TB,26,STL,14,0
2002-09-29,2002,4,REG,BUF,33,CHI,27,0
2002-09-29,2002,4,REG,DET,26,NO,21,0
2002-09-29,2002,4,REG,GB,17,CAR,14,0
2002-09-29,2002,4,REG,JAX,28,NYJ,3,0
2002-09-29,2002,4,REG,KC,48,MIA,30,0
2002-09-29,2002,4,REG,PHI,35,HOU,17,0
2002-09-29,2002,4,REG,PIT,16,CLE,13,0
2002-09-29,2002,4,REG,STL,10,DAL,13,0
2002-09-29,2002,4,REG,ARI,21,NYG,7,0
2002-09-29,2002,4,REG,CIN,7,TB,35,0
2002-09-29,2002,4,REG,OAK,52,TEN,25,0
2002-09-29,2002,4,REG,SD,21,NE,14,0
2002-09-29,2002,4,REG,SEA,48,MIN,23,0
2002-09-30,2002,4,REG,BAL,34,DEN,23,0
2002-10-06,2002,5,REG,ATL,6,TB,20,0
2002-10-06,2002,5,REG,BUF,31,OAK,49,0
2002-10-06,2002,5,REG,CAR,13,ARI,16,0
2002-10-06,2002,5,REG,DAL,17,NYG,21,0
2002-10-06,2002,5,REG,IND,28,CIN,21,0
2002-10-06,2002,5,REG,MIA,26,NE,13,0
2002-10-06,2002,5,REG,NO,32,PIT,29,0
2002-10-06,2002,5,REG,TEN,14,WAS,31,0
2002-10-06,2002,5,REG,DEN,26,SD,9,0
2002-10-06,2002,5,REG,NYJ,25,KC,29,0
2002-10-06,2002,5,REG,JAX,28,PHI,25,0
2002-10-06,2002,5,REG,SF,37,STL,13,0
2002-10-06,2002,5,REG,CLE,21,BAL,26,0
2002-10-07,2002,5,REG,CHI,21,GB,34,0
2002-10-13,2002,6,REG,CIN,7,PIT,34,0
2002-10-13,2002,6,REG,DAL,14,CAR,13,0
2002-10-13,2002,6,REG,HOU,24,BUF,31,0
2002-10-13,2002,6,REG,IND,22,BAL,20,0
2002-10-13,2002,6,REG,MIN,31,DET,24,0
2002-10-13,2002,6,REG,NE,10,GB,28,0
2002-10-13,2002,6,REG,NYG,10,ATL,17,0
2002-10-13,2002,6,REG,TB,17,CLE,3,0
2002-10-13,2002,6,REG,WAS,27,NO,43,0
2002-10-13,2002,6,REG,SD,35,KC,34,0
2002-10-13,2002,6,REG,STL,28,OAK,13,0
2002-10-13,2002,6,REG,TEN,23,JAX,14,0
2002-10-13,2002,6,REG,DEN,22,MIA,24,0
2002-10-14,2002,6,REG,SEA,21,SF,28,0
2002-10-20,2002,7,REG,ATL,30,CAR,0,0
2002-10-20,2002,7,REG,BAL,17,JAX,10,0
2002-10-20,2002,7,REG,DET,23,CHI,20,0
2002-10-20,2002,7,REG,KC,34,DEN,37,0
2002-10-20,2002,7,REG,MIA,10,BUF,23,0
2002-10-20,2002,7,REG,NO,35,SF,27,0
2002-10-20,2002,7,REG,NYJ,20,MIN,7,0
2002-10-20,2002,7,REG,STL,37,SEA,20,0
2002-10-20,2002,7,REG,CLE,34,HOU,17,0
2002-10-20,2002,7,REG,OAK,21,SD,27,0
2002-10-20,2002,7,REG,ARI,9,DAL,6,0
2002-10-20,2002,7,REG,GB,30,WAS,9,0
2002-10-20,2002,7,REG,PHI,20,TB,10,0
2002-10-21,2002,7,REG,PIT,28,IND,10,0
2002-10-27,2002,8,REG,BAL,18,PIT,31,0
2002-10-27,2002,8,REG,BUF,24,DET,17,0
2002-10-27,2002,8,REG,CAR,9,TB,12,0
2002-10-27,2002,8,REG,CIN,24,TEN,30,0
2002-10-27,2002,8,REG,DAL,14,SEA,17,0
2002-10-27,2002,8,REG,KC,20,OAK,10,0
2002-10-27,2002,8,REG,MIN,25,CHI,7,0
2002-10-27,2002,8,REG,NO,35,ATL,37,0
2002-10-27,2002,8,REG,NYJ,21,CLE,24,0
2002-10-27,2002,8,REG,SF,38,ARI,28,0
2002-10-27,2002,8,REG,JAX,19,HOU,21,0
2002-10-27,2002,8,REG,NE,16,DEN,24,0
2002-10-27,2002,8,REG,WAS,26,IND,21,0
2002-10-28,2002,8,REG,PHI,17,NYG,3,0
2002-11-03,2002,9,REG,ATL,20,BAL,17,0
2002-11-03,2002,9,REG,BUF,7,NE,38,0
2002-11-03,2002,9,REG,CHI,13,PHI,19,0
2002-11-03,2002,9,REG,CLE,20,PIT,23,0
2002-11-03,2002,9,REG,DET,9,DAL,7,0
2002-11-03,2002,9,REG,HOU,3,CIN,38,0
2002-11-03,2002,9,REG,IND,15,TEN,23,0
2002-11-03,2002,9,REG,TB,38,MIN,24,0
2002-11-03,2002,9,REG,SD,13,NYJ,44,0
2002-11-03,2002,9,REG,ARI,14,STL,27,0
2002-11-03,2002,9,REG,OAK,20,SF,23,0
2002-11-03,2002,9,REG,SEA,3,WAS,14,0
2002-11-03,2002,9,REG,NYG,24,JAX,17,0
2002-11-04,2002,9,REG,GB,24,MIA,10,0
2002-11-10,2002,10,REG,BAL,38,CIN,27,0
2002-11-10,2002,10,REG,CAR,24,NO,34,0
2002-11-10,2002,10,REG,GB,40,DET,14,0
2002-11-10,2002,10,REG,MIN,20,NYG,27,0
2002-11-10,2002,10,REG,PHI,13,IND,35,0
2002-11-10,2002,10,REG,PIT,34,ATL,34,0
2002-11-10,2002,10,REG,STL,28,SD,24,0
2002-11-10,2002,10,REG,TEN,17,HOU,10,0
2002-11-10,2002,10,REG,ARI,6,SEA,27,0
2002-11-10,2002,10,REG,JAX,26,WAS,7,0
2002-11-10,2002,10,REG,CHI,30,NE,33,0
2002-11-10,2002,10,REG,SF,17,KC,13,0
2002-11-10,2002,10,REG,NYJ,13,MIA,10,0
2002-11-11,2002,10,REG,DEN,10,OAK,34,0
2002-11-17,2002,11,REG,ATL,24,NO,17,0
2002-11-17,2002,11,REG,CIN,20,CLE,27,0
2002-11-17,2002,11,REG,HOU,21,JAX,24,0
2002-11-17,2002,11,REG,IND,20,DAL,3,0
2002-11-17,2002,11,REG,KC,17,BUF,16,0
2002-11-17,2002,11,REG,MIN,31,GB,21,0
2002-11-17,2002,11,REG,NYG,19,WAS,17,0
2002-11-17,2002,11,REG,PHI,38,ARI,14,0
2002-11-17,2002,11,REG,TEN,31,PIT,23,0
2002-11-17,2002,11,REG,SD,20,SF,17,0
2002-11-17,2002,11,REG,TB,23,CAR,10,0
2002-11-17,2002,11,REG,DET,14,NYJ,31,0
2002-11-17,2002,11,REG,MIA,26,BAL,7,0
2002-11-17,2002,11,REG,SEA,9,DEN,31,0
2002-11-17,2002,11,REG,OAK,27,NE,20,0
2002-11-18,2002,11,REG,STL,21,CHI,16,0
2002-11-24,2002,12,REG,BAL,13,TEN,12,0
2002-11-24,2002,12,REG,CAR,0,ATL,41,0
2002-11-24,2002,12,REG,CHI,20,DET,17,0
2002-11-24,2002,12,REG,DAL,21,JAX,19,0
2002-11-24,2002,12,REG,MIA,30,SD,3,0
2002-11-24,2002,12,REG,NE,24,MIN,17,0
2002-11-24,2002,12,REG,NO,15,CLE,24,0
2002-11-24,2002,12,REG,NYJ,31,BUF,13,0
2002-11-24,2002,12,REG,PIT,29,CIN,21,0
2002-11-24,2002,12,REG,WAS,20,STL,17,0
2002-11-24,2002,12,REG,ARI,20,OAK,41,0
2002-11-24,2002,12,REG,SEA,39,KC,32,0
2002-11-24,2002,12,REG,HOU,16,NYG,14,0
2002-11-24,2002,12,REG,TB,21,GB,7,0
2002-11-24,2002,12,REG,DEN,20,IND,23,0
2002-11-25,2002,12,REG,SF,17,PHI,38,0
2002-11-28,2002,13,REG,DET,12,NE,20,0
2002-11-28,2002,13,REG,DAL,27,WAS,20,0
2002-12-01,2002,13,REG,BUF,38,MIA,21,0
2002-12-01,2002,13,REG,CIN,23,BAL,27,0
2002-12-01,2002,13,REG,CLE,6,CAR,13,0
2002-12-01,2002,13,REG,GB,30,CHI,20,0
2002-12-01,2002,13,REG,JAX,23,PIT,25,0
2002-12-01,2002,13,REG,KC,49,ARI,0,0
2002-12-01,2002,13,REG,MIN,24,ATL,30,0
2002-12-01,2002,13,REG,NYG,29,TEN,32,0
2002-12-01,2002,13,REG,IND,19,HOU,3,0
2002-12-01,2002,13,REG,SD,30,DEN,27,0
2002-12-01,2002,13,REG,PHI,10,STL,3,0
2002-12-01,2002,13,REG,SF,31,SEA,24,0
2002-12-01,2002,13,REG,NO,23,TB,20,0
2002-12-02,2002,13,REG,OAK,26,NYJ,20,0
2002-12-08,2002,14,REG,CAR,52,CIN,31,0
2002-12-08,2002,14,REG,DAL,27,SF,31,0
2002-12-08,2002,14,REG,JAX,20,CLE,21,0
2002-12-08,2002,14,REG,KC,49,STL,10,0
2002-12-08,2002,14,REG,NE,27,BUF,17,0
2002-12-08,2002,14,REG,PIT,6,HOU,24,0
2002-12-08,2002,14,REG,TB,34,ATL,10,0
2002-12-08,2002,14,REG,TEN,27,IND,17,0
2002-12-08,2002,14,REG,WAS,21,NYG,27,0
2002-12-08,2002,14,REG,ARI,23,DET,20,0
2002-12-08,2002,14,REG,BAL,25,NO,37,0
2002-12-08,2002,14,REG,SEA,20,PHI,27,0
2002-12-08,2002,14,REG,NYJ,19,DEN,13,0
2002-12-08,2002,14,REG,SD,7,OAK,27,0
2002-12-08,2002,14,REG,GB,26,MIN,22,0
2002-12-09,2002,14,REG,MIA,27,CHI,9,0
2002-12-15,2002,15,REG,ATL,24,SEA,30,0
2002-12-15,2002,15,REG,BUF,20,SD,13,0
2002-12-15,2002,15,REG,CHI,20,NYJ,13,0
2002-12-15,2002,15,REG,CIN,15,JAX,29,0
2002-12-15,2002,15,REG,CLE,23,IND,28,0
2002-12-15,2002,15,REG,DET,20,TB,23,0
2002-12-15,2002,15,REG,HOU,19,BAL,23,0
2002-12-15,2002,15,REG,MIA,23,OAK,17,0
2002-12-15,2002,15,REG,NO,31,MIN,32,0
2002-12-15,2002,15,REG,PHI,34,WAS,21,0
2002-12-15,2002,15,REG,PIT,30,CAR,14,0
2002-12-15,2002,15,REG,DEN,31,KC,24,0
2002-12-15,2002,15,REG,NYG,37,DAL,7,0
2002-12-15,2002,15,REG,SF,14,GB,20,0
2002-12-15,2002,15,REG,STL,30,ARI,28,0
2002-12-16,2002,15,REG,TEN,24,NE,7,0
2002-12-21,2002,16,REG,MIN,20,MIA,17,0
2002-12-21,2002,16,REG,ARI,14,SF,17,0
2002-12-21,2002,16,REG,DAL,3,PHI,27,0
2002-12-22,2002,16,REG,ATL,36,DET,15,0
2002-12-22,2002,16,REG,CAR,24,CHI,14,0
2002-12-22,2002,16,REG,CIN,20,NO,13,0
2002-12-22,2002,16,REG,GB,10,BUF,0,0
2002-12-22,2002,16,REG,IND,27,NYG,44,0
2002-12-22,2002,16,REG,JAX,10,TEN,28,0
2002-12-22,2002,16,REG,KC,24,SD,22,0
2002-12-22,2002,16,REG,WAS,26,HOU,10,0
2002-12-22,2002,16,REG,SEA,30,STL,10,0
2002-12-22,2002,16,REG,BAL,13,CLE,14,0
2002-12-22,2002,16,REG,OAK,28,DEN,16,0
2002-12-22,2002,16,REG,NE,17,NYJ,30,0
2002-12-23,2002,16,REG,TB,7,PIT,17,0
2002-12-28,2002,17,REG,NYG,10,PHI,7,0
2002-12-28,2002,17,REG,OAK,24,KC,0,0
2002-12-29,2002,17,REG,BUF,27,CIN,9,0
2002-12-29,2002,17,REG,CLE,24,ATL,16,0
2002-12-29,2002,17,REG,DET,36,MIN,38,0
2002-12-29,2002,17,REG,HOU,3,TEN,13,0
2002-12-29,2002,17,REG,NE,27,MIA,24,0
2002-12-29,2002,17,REG,NO,6,CAR,10,0
2002-12-29,2002,17,REG,PIT,34,BAL,31,0
2002-12-29,2002,17,REG,WAS,20,DAL,14,0
2002-12-29,2002,17,REG,IND,20,JAX,13,0
2002-12-29,2002,17,REG,DEN,37,ARI,7,0
2002-12-29,2002,17,REG,NYJ,42,GB,17,0
2002-12-29,2002,17,REG,SD,28,SEA,31,0
2002-12-29,2002,17,REG,CHI,0,TB,15,0
2002-12-30,2002,17,REG,STL,31,SF,20,0
2003-01-04,2002,18,WC,NYJ,41,IND,0,0
2003-01-04,2002,18,WC,GB,7,ATL,27,0
2003-01-05,2002,18,WC,PIT,36,CLE,33,0
2003-01-05,2002,18,WC,SF,39,NYG,38,0
2003-01-11,2002,19,DIV,TEN,34,PIT,31,0
2003-01-11,2002,19,DIV,PHI,20,ATL,6,0
2003-01-12,2002,19,DIV,TB,31,SF,6,0
2003-01-12,2002,19,DIV,OAK,30,NYJ,10,0
2003-01-19,2002,20,CON,PHI,10,TB,27,0
2003-01-19,2002,20,CON,OAK,41,TEN,24,0
2003-01-26,2002,21,SB,TB,48,OAK,21,0
2003-09-04,2003,1,REG,WAS,16,NYJ,13,0
2003-09-07,2003,1,REG,BUF,31,NE,0,0
2003-09-07,2003,1,REG,CAR,24,JAX,23,0
2003-09-07,2003,1,REG,CIN,10,DEN,30,0
2003-09-07,2003,1,REG,CLE,6,IND,9,0
2003-09-07,2003,1,REG,DET,42,ARI,24,0
2003-09-07,2003,1,REG,GB,25,MIN,30,0
2003-09-07,2003,1,REG,KC,27,SD,14,0
2003-09-07,2003,1,REG,MIA,20,HOU,21,0
2003-09-07,2003,1,REG,NYG,23,STL,13,0
2003-09-07,2003,1,REG,PIT,34,BAL,15,0
2003-09-07,2003,1,REG,DAL,13,ATL,27,0
2003-09-07,2003,1,REG,SEA,27,NO,10,0
2003-09-07,2003,1,REG,SF,49,CHI,7,0
2003-09-07,2003,1,REG,TEN,25,OAK,20,0
2003-09-08,2003,1,REG,PHI,0,TB,17,0
2003-09-14,2003,2,REG,ATL,31,WAS,33,0
2003-09-14,2003,2,REG,BAL,33,CLE,13,0
2003-09-14,2003,2,REG,GB,31,DET,6,0
2003-09-14,2003,2,REG,IND,33,TEN,7,0
2003-09-14,2003,2,REG,JAX,17,BUF,38,0
2003-09-14,2003,2,REG,KC,41,PIT,20,0
2003-09-14,2003,2,REG,NO,31,HOU,10,0
2003-09-14,2003,2,REG,NYJ,10,MIA,21,0
2003-09-14,2003,2,REG,STL,27,SF,24,0
2003-09-14,2003,2,REG,ARI,0,SEA,38,0
2003-09-14,2003,2,REG,TB,9,CAR,12,0
2003-09-14,2003,2,REG,OAK,23,CIN,20,0
2003-09-14,2003,2,REG,PHI,10,NE,31,0
2003-09-14,2003,2,REG,SD,13,DEN,37,0
2003-09-14,2003,2,REG,MIN,24,CHI,13,0
2003-09-15,2003,2,REG,NYG,32,DAL,35,0
2003-09-21,2003,3,REG,ATL,10,TB,31,0
2003-09-21,2003,3,REG,CIN,10,PIT,17,0
2003-09-21,2003,3,REG,DET,13,MIN,23,0
2003-09-21,2003,3,REG,HOU,14,KC,42,0
2003-09-21,2003,3,REG,IND,23,JAX,13,0
2003-09-21,2003,3,REG,NE,23,NYJ,16,0
2003-09-21,2003,3,REG,TEN,27,NO,12,0
2003-09-21,2003,3,REG,ARI,20,GB,13,0
2003-09-21,2003,3,REG,SEA,24,STL,23,0
2003-09-21,2003,3,REG,WAS,21,NYG,24,0
2003-09-21,2003,3,REG,SD,10,BAL,24,0
2003-09-21,2003,3,REG,SF,12,CLE,13,0
2003-09-21,2003,3,REG,MIA,17,BUF,7,0
2003-09-22,2003,3,REG,DEN,31,OAK,10,0
2003-09-28,2003,4,REG,BUF,13,PHI,23,0
2003-09-28,2003,4,REG,CLE,14,CIN,21,0
2003-09-28,2003,4,REG,HOU,24,JAX,20,0
2003-09-28,2003,4,REG,MIN,35,SF,7,0
2003-09-28,2003,4,REG,PIT,13,TEN,30,0
2003-09-28,2003,4,REG,STL,37,ARI,13,0
2003-09-28,2003,4,REG,WAS,20,NE,17,0
2003-09-28,2003,4,REG,BAL,10,KC,17,0
2003-09-28,2003,4,REG,OAK,34,SD,31,0
2003-09-28,2003,4,REG,CAR,23,ATL,3,0
2003-09-28,2003,4,REG,DEN,20,DET,16,0
2003-09-28,2003,4,REG,NYJ,6,DAL,17,0
2003-09-28,2003,4,REG,NO,21,IND,55,0
2003-09-29,2003,4,REG,CHI,23,GB,38,0
2003-10-05,2003,5,REG,ATL,26,MIN,39,0
2003-10-05,2003,5,REG,BUF,22,CIN,16,0
2003-10-05,2003,5,REG,CAR,19,NO,13,0
2003-10-05,2003,5,REG,CHI,24,OAK,21,0
2003-10-05,2003,5,REG,DAL,24,ARI,7,0
2003-10-05,2003,5,REG,GB,35,SEA,13,0
2003-10-05,2003,5,REG,KC,24,DEN,23,0
2003-10-05,2003,5,REG,NE,38,TEN,30,0
2003-10-05,2003,5,REG,NYG,10,MIA,23,0
2003-10-05,2003,5,REG,JAX,27,SD,21,0
2003-10-05,2003,5,REG,PHI,27,WAS,25,0
2003-10-05,2003,5,REG,SF,24,DET,17,0
2003-10-05,2003,5,REG,PIT,13,CLE,33,0
2003-10-06,2003,5,REG,TB,35,IND,38,0
2003-10-12,2003,6,REG,CLE,13,OAK,7,0
2003-10-12,2003,6,REG,DAL,23,PHI,21,0
2003-10-12,2003,6,REG,GB,34,KC,40,0
2003-10-12,2003,6,REG,IND,20,CAR,23,0
2003-10-12,2003,6,REG,JAX,10,MIA,24,0
2003-10-12,2003,6,REG,NE,17,NYG,6,0
2003-10-12,2003,6,REG,NO,20,CHI,13,0
2003-10-12,2003,6,REG,TEN,38,HOU,17,0
2003-10-12,2003,6,REG,WAS,13,TB,35,0
2003-10-12,2003,6,REG,ARI,18,BAL,26,0
2003-10-12,2003,6,REG,DEN,17,PIT,14,0
2003-10-12,2003,6,REG,NYJ,30,BUF,3,0
2003-10-12,2003,6,REG,SEA,20,SF,19,0
2003-10-13,2003,6,REG,STL,36,ATL,0,0
2003-10-19,2003,7,REG,ATL,17,NO,45,0
2003-10-19,2003,7,REG,CAR,17,TEN,37,0
2003-10-19,2003,7,REG,CIN,34,BAL,26,0
2003-10-19,2003,7,REG,CLE,20,SD,26,0
2003-10-19,2003,7,REG,DET,7,DAL,38,0
2003-10-19,2003,7,REG,MIA,13,NE,19,0
2003-10-19,2003,7,REG,MIN,28,DEN,20,0
2003-10-19,2003,7,REG,NYG,10,PHI,14,0
2003-10-19,2003,7,REG,STL,34,GB,24,0
2003-10-19,2003,7,REG,HOU,14,NYJ,19,0
2003-10-19,2003,7,REG,BUF,24,WAS,7,0
2003-10-19,2003,7,REG,SEA,24,CHI,17,0
2003-10-19,2003,7,REG,SF,24,TB,7,0
2003-10-20,2003,7,REG,OAK,10,KC,17,0
2003-10-26,2003,8,REG,BAL,26,DEN,6,0
2003-10-26,2003,8,REG,CHI,24,DET,16,0
2003-10-26,2003,8,REG,CIN,27,SEA,24,0
2003-10-26,2003,8,REG,JAX,17,TEN,30,0
2003-10-26,2003,8,REG,MIN,17,NYG,29,0
2003-10-26,2003,8,REG,NE,9,CLE,3,0
2003-10-26,2003,8,REG,NO,20,CAR,23,0
2003-10-26,2003,8,REG,PIT,21,STL,33,0
2003-10-26,2003,8,REG,TB,16,DAL,0,0
2003-10-26,2003,8,REG,ARI,16,SF,13,0
2003-10-26,2003,8,REG,IND,30,HOU,21,0
2003-10-26,2003,8,REG,PHI,24,NYJ,17,0
2003-10-26,2003,8,REG,KC,38,BUF,5,0
2003-10-27,2003,8,REG,SD,10,MIA,26,0
2003-11-02,2003,9,REG,BAL,24,JAX,17,0
2003-11-02,2003,9,REG,CHI,20,SD,7,0
2003-11-02,2003,9,REG,DET,23,OAK,13,0
2003-11-02,2003,9,REG,HOU,14,CAR,10,0
2003-11-02,2003,9,REG,MIA,17,IND,23,0
2003-11-02,2003,9,REG,NYJ,28,NYG,31,0
2003-11-02,2003,9,REG,TB,14,NO,17,0
2003-11-02,2003,9,REG,ARI,17,CIN,14,0
2003-11-02,2003,9,REG,SEA,23,PIT,16,0
2003-11-02,2003,9,REG,ATL,16,PHI,23,0
2003-11-02,2003,9,REG,DAL,21,WAS,14,0
2003-11-02,2003,9,REG,SF,30,STL,10,0
2003-11-02,2003,9,REG,MIN,27,GB,30,0
2003-11-03,2003,9,REG,DEN,26,NE,30,0
2003-11-09,2003,10,REG,CAR,27,TB,24,0
2003-11-09,2003,10,REG,CIN,34,HOU,27,0
2003-11-09,2003,10,REG,DET,12,CHI,10,0
2003-11-09,2003,10,REG,JAX,28,IND,23,0
2003-11-09,2003,10,REG,KC,41,CLE,20,0
2003-11-09,2003,10,REG,NYG,7,ATL,27,0
2003-11-09,2003,10,REG,PIT,28,ARI,15,0
2003-11-09,2003,10,REG,TEN,31,MIA,7,0
2003-11-09,2003,10,REG,WAS,27,SEA,20,0
2003-11-09,2003,10,REG,SD,42,MIN,28,0
2003-11-09,2003,10,REG,DAL,10,BUF,6,0
2003-11-09,2003,10,REG,OAK,24,NYJ,27,0
2003-11-09,2003,10,REG,STL,33,BAL,22,0
2003-11-10,2003,10,REG,GB,14,PHI,17,0
2003-11-16,2003,11,REG,BUF,10,HOU,12,0
2003-11-16,2003,11,REG,CAR,20,WAS,17,0
2003-11-16,2003,11,REG,CHI,21,STL,23,0
2003-11-16,2003,11,REG,CIN,24,KC,19,0
2003-11-16,2003,11,REG,CLE,44,ARI,6,0
2003-11-16,2003,11,REG,MIA,9,BAL,6,0
2003-11-16,2003,11,REG,NO,23,ATL,20,0
2003-11-16,2003,11,REG,PHI,28,NYG,10,0
2003-11-16,2003,11,REG,TEN,10,JAX,3,0
2003-11-16,2003,11,REG,DEN,37,SD,8,0
2003-11-16,2003,11,REG,IND,38,NYJ,31,0
2003-11-16,2003,11,REG,OAK,28,MIN,18,0
2003-11-16,2003,11,REG,SEA,35,DET,14,0
2003-11-16,2003,11,REG,TB,13,GB,20,0
2003-11-16,2003,11,REG,NE,12,DAL,0,0
2003-11-17,2003,11,REG,SF,30,PIT,14,0
2003-11-23,2003,12,REG,BAL,44,SEA,41,0
2003-11-23,2003,12,REG,BUF,14,IND,17,0
2003-11-23,2003,12,REG,CLE,6,PIT,13,0
2003-11-23,2003,12,REG,DAL,24,CAR,20,0
2003-11-23,2003,12,REG,GB,20,SF,10,0
2003-11-23,2003,12,REG,HOU,20,NE,23,0
2003-11-23,2003,12,REG,MIN,24,DET,14,0
2003-11-23,2003,12,REG,NYJ,13,JAX,10,0
2003-11-23,2003,12,REG,PHI,33,NO,20,0
2003-11-23,2003,12,REG,ARI,27,STL,30,0
2003-11-23,2003,12,REG,DEN,10,CHI,19,0
2003-11-23,2003,12,REG,ATL,31,TEN,38,0
2003-11-23,2003,12,REG,KC,27,OAK,24,0
2003-11-23,2003,12,REG,SD,27,CIN,34,0
2003-11-23,2003,12,REG,MIA,24,WAS,23,0
2003-11-24,2003,12,REG,TB,19,NYG,13,0
2003-11-27,2003,13,REG,DET,22,GB,14,0
2003-11-27,2003,13,REG,DAL,21,MIA,40,0
2003-11-30,2003,13,REG,BAL,44,SF,6,0
2003-11-30,2003,13,REG,CAR,16,PHI,25,0
2003-11-30,2003,13,REG,CHI,28,ARI,3,0
2003-11-30,2003,13,REG,HOU,17,ATL,13,0
2003-11-30,2003,13,REG,IND,34,NE,38,0
2003-11-30,2003,13,REG,NYG,7,BUF,24,0
2003-11-30,2003,13,REG,PIT,20,CIN,24,0
2003-11-30,2003,13,REG,STL,48,MIN,17,0
2003-11-30,2003,13,REG,WAS,20,NO,24,0
2003-11-30,2003,13,REG,OAK,8,DEN,22,0
2003-11-30,2003,13,REG,SD,24,KC,28,0
2003-11-30,2003,13,REG,SEA,34,CLE,7,0
2003-11-30,2003,13,REG,JAX,17,TB,10,0
2003-12-01,2003,13,REG,NYJ,24,TEN,17,0
2003-12-07,2003,14,REG,BAL,31,CIN,13,0
2003-12-07,2003,14,REG,DET,7,SD,14,0
2003-12-07,2003,14,REG,GB,34,CHI,21,0
2003-12-07,2003,14,REG,JAX,27,HOU,0,0
2003-12-07,2003,14,REG,MIN,34,SEA,7,0
2003-12-07,2003,14,REG,NO,7,TB,14,0
2003-12-07,2003,14,REG,NYG,7,WAS,20,0
2003-12-07,2003,14,REG,PHI,36,DAL,10,0
2003-12-07,2003,14,REG,PIT,27,OAK,7,0
2003-12-07,2003,14,REG,TEN,27,IND,29,0
2003-12-07,2003,14,REG,SF,50,ARI,14,0
2003-12-07,2003,14,REG,BUF,17,NYJ,6,0
2003-12-07,2003,14,REG,DEN,45,KC,27,0
2003-12-07,2003,14,REG,NE,12,MIA,0,0
2003-12-07,2003,14,REG,ATL,20,CAR,14,0
2003-12-08,2003,14,REG,CLE,20,STL,26,0
2003-12-14,2003,15,REG,CHI,13,MIN,10,0
2003-12-14,2003,15,REG,CIN,41,SF,38,0
2003-12-14,2003,15,REG,IND,38,ATL,7,0
2003-12-14,2003,15,REG,KC,45,DET,17,0
2003-12-14,2003,15,REG,NE,27,JAX,13,0
2003-12-14,2003,15,REG,NYJ,6,PIT,0,0
2003-12-14,2003,15,REG,STL,27,SEA,22,0
2003-12-14,2003,15,REG,TB,16,HOU,3,0
2003-12-14,2003,15,REG,TEN,28,BUF,26,0
2003-12-14,2003,15,REG,DEN,23,CLE,20,0
2003-12-14,2003,15,REG,OAK,20,BAL,12,0
2003-12-14,2003,15,REG,ARI,17,CAR,20,0
2003-12-14,2003,15,REG,SD,21,GB,38,0
2003-12-14,2003,15,REG,WAS,0,DAL,27,0
2003-12-14,2003,15,REG,NO,45,NYG,7,0
2003-12-15,2003,15,REG,MIA,27,PHI,34,0
2003-12-20,2003,16,REG,TB,28,ATL,30,0
2003-12-20,2003,16,REG,MIN,45,KC,20,0
2003-12-20,2003,16,REG,NYJ,16,NE,21,0
2003-12-21,2003,16,REG,BUF,3,MIA,20,0
2003-12-21,2003,16,REG,CAR,20,DET,14,0
2003-12-21,2003,16,REG,CHI,27,WAS,24,0
2003-12-21,2003,16,REG,CLE,0,BAL,35,0
2003-12-21,2003,16,REG,DAL,19,NYG,3,0
2003-12-21,2003,16,REG,HOU,24,TEN,27,0
2003-12-21,2003,16,REG,JAX,20,NO,19,0
2003-12-21,2003,16,REG,STL,27,CIN,10,0
2003-12-21,2003,16,REG,PIT,40,SD,24,0
2003-12-21,2003,16,REG,PHI,28,SF,31,0
2003-12-21,2003,16,REG,SEA,28,ARI,10,0
2003-12-21,2003,16,REG,IND,17,DEN,31,0
2003-12-22,2003,16,REG,OAK,7,GB,41,0
2003-12-27,2003,17,REG,NE,31,BUF,0,0
2003-12-27,2003,17,REG,SF,17,SEA,24,0
2003-12-27,2003,17,REG,WAS,7,PHI,31,0
2003-12-28,2003,17,REG,ATL,21,JAX,14,0
2003-12-28,2003,17,REG,CIN,14,CLE,22,0
2003-12-28,2003,17,REG,DET,30,STL,20,0
2003-12-28,2003,17,REG,HOU,17,IND,20,0
2003-12-28,2003,17,REG,KC,31,CHI,3,0
2003-12-28,2003,17,REG,MIA,23,NYJ,21,0
2003-12-28,2003,17,REG,NO,13,DAL,7,0
2003-12-28,2003,17,REG,TEN,33,TB,13,0
2003-12-28,2003,17,REG,ARI,18,MIN,17,0
2003-12-28,2003,17,REG,NYG,24,CAR,37,0
2003-12-28,2003,17,REG,GB,31,DEN,3,0
2003-12-28,2003,17,REG,SD,21,OAK,14,0
2003-12-28,2003,17,REG,BAL,13,PIT,10,0
2004-01-03,2003,18,WC,BAL,17,TEN,20,0
2004-01-03,2003,18,WC,CAR,29,DAL,10,0
2004-01-04,2003,18,WC,GB,33,SEA,27,0
2004-01-04,2003,18,WC,IND,41,DEN,10,0
2004-01-10,2003,19,DIV,STL,23,CAR,29,0
2004-01-10,2003,19,DIV,NE,17,TEN,14,0
2004-01-11,2003,19,DIV,KC,31,IND,38,0
2004-01-11,2003,19,DIV,PHI,20,GB,17,0
2004-01-18,2003,20,CON,NE,24,IND,14,0
2004-01-18,2003,20,CON,PHI,3,CAR,14,0
2004-02-01,2003,21,SB,NE,32,CAR,29,0
2004-09-09,2004,1,REG,NE,27,IND,24,0
2004-09-11,2004,1,REG,MIA,7,TEN,17,0
2004-09-12,2004,1,REG,BUF,10,JAX,13,0
2004-09-12,2004,1,REG,CHI,16,DET,20,0
2004-09-12,2004,1,REG,CLE,20,BAL,3,0
2004-09-12,2004,1,REG,HOU,20,SD,27,0
2004-09-12,2004,1,REG,NO,7,SEA,21,0
2004-09-12,2004,1,REG,NYJ,31,CIN,24,0
2004-09-12,2004,1,REG,PIT,24,OAK,21,0
2004-09-12,2004,1,REG,STL,17,ARI,10,0
2004-09-12,2004,1,REG,WAS,16,TB,10,0
2004-09-12,2004,1,REG,MIN,35,DAL,17,0
2004-09-12,2004,1,REG,PHI,31,NYG,17,0
2004-09-12,2004,1,REG,SF,19,ATL,21,0
2004-09-12,2004,1,REG,DEN,34,KC,24,0
2004-09-13,2004,1,REG,CAR,14,GB,24,0
2004-09-19,2004,2,REG,ATL,34,STL,17,0
2004-09-19,2004,2,REG,BAL,30,PIT,13,0
2004-09-19,2004,2,REG,DET,28,HOU,16,0
2004-09-19,2004,2,REG,GB,10,CHI,21,0
2004-09-19,2004,2,REG,JAX,7,DEN,6,0
2004-09-19,2004,2,REG,KC,17,CAR,28,0
2004-09-19,2004,2,REG,NO,30,SF,27,0
2004-09-19,2004,2,REG,NYG,20,WAS,14,0
2004-09-19,2004,2,REG,TEN,17,IND,31,0
2004-09-19,2004,2,REG,TB,6,SEA,10,0
2004-09-19,2004,2,REG,ARI,12,NE,23,0
2004-09-19,2004,2,REG,DAL,19,CLE,12,0
2004-09-19,2004,2,REG,OAK,13,BUF,10,0
2004-09-19,2004,2,REG,SD,28,NYJ,34,0
2004-09-19,2004,2,REG,CIN,16,MIA,13,0
2004-09-20,2004,2,REG,PHI,27,MIN,16,0
2004-09-26,2004,3,REG,ATL,6,ARI,3,0
2004-09-26,2004,3,REG,CIN,9,BAL,23,0
2004-09-26,2004,3,REG,DET,13,PHI,30,0
2004-09-26,2004,3,REG,KC,21,HOU,24,0
2004-09-26,2004,3,REG,MIN,27,CHI,22,0
2004-09-26,2004,3,REG,NYG,27,CLE,10,0
2004-09-26,2004,3,REG,STL,25,NO,28,0
2004-09-26,2004,3,REG,TEN,12,JAX,15,0
2004-09-26,2004,3,REG,DEN,23,SD,13,0
2004-09-26,2004,3,REG,IND,45,GB,31,0
2004-09-26,2004,3,REG,SEA,34,SF,0,0
2004-09-26,2004,3,REG,MIA,3,PIT,13,0
2004-09-26,2004,3,REG,OAK,30,TB,20,0
2004-09-27,2004,3,REG,WAS,18,DAL,21,0
2004-10-03,2004,4,REG,BUF,17,NE,31,0
2004-10-03,2004,4,REG,CHI,9,PHI,19,0
2004-10-03,2004,4,REG,CLE,17,WAS,13,0
2004-10-03,2004,4,REG,GB,7,NYG,14,0
2004-10-03,2004,4,REG,HOU,30,OAK,17,0
2004-10-03,2004,4,REG,JAX,17,IND,24,0
2004-10-03,2004,4,REG,PIT,28,CIN,17,0
2004-10-03,2004,4,REG,ARI,34,NO,10,0
2004-10-03,2004,4,REG,CAR,10,ATL,27,0
2004-10-03,2004,4,REG,MIA,9,NYJ,17,0
2004-10-03,2004,4,REG,SD,38,TEN,17,0
2004-10-03,2004,4,REG,TB,13,DEN,16,0
2004-10-03,2004,4,REG,SF,14,STL,24,0
2004-10-04,2004,4,REG,BAL,24,KC,27,0
2004-10-10,2004,5,REG,ATL,10,DET,17,0
2004-10-10,2004,5,REG,DAL,10,NYG,26,0
2004-10-10,2004,5,REG,HOU,28,MIN,34,0
2004-10-10,2004,5,REG,IND,35,OAK,14,0
2004-10-10,2004,5,REG,NE,24,MIA,10,0
2004-10-10,2004,5,REG,NO,17,TB,20,0
2004-10-10,2004,5,REG,PIT,34,CLE,23,0
2004-10-10,2004,5,REG,NYJ,16,BUF,14,0
2004-10-10,2004,5,REG,SD,34,JAX,21,0
2004-10-10,2004,5,REG,DEN,20,CAR,17,0
2004-10-10,2004,5,REG,SEA,27,STL,33,0
2004-10-10,2004,5,REG,SF,31,ARI,28,0
2004-10-10,2004,5,REG,WAS,10,BAL,17,0
2004-10-11,2004,5,REG,GB,27,TEN,48,0
2004-10-17,2004,6,REG,ATL,21,SD,20,0
2004-10-17,2004,6,REG,BUF,20,MIA,13,0
2004-10-17,2004,6,REG,CHI,10,WAS,13,0
2004-10-17,2004,6,REG,CLE,34,CIN,17,0
2004-10-17,2004,6,REG,DET,10,GB,38,0
2004-10-17,2004,6,REG,JAX,22,KC,16,0
2004-10-17,2004,6,REG,NE,30,SEA,20,0
2004-10-17,2004,6,REG,NYJ,22,SF,14,0
2004-10-17,2004,6,REG,PHI,30,CAR,8,0
2004-10-17,2004,6,REG,TEN,10,HOU,20,0
2004-10-17,2004,6,REG,DAL,20,PIT,24,0
2004-10-17,2004,6,REG,OAK,3,DEN,31,0
2004-10-17,2004,6,REG,NO,31,MIN,38,0
2004-10-18,2004,6,REG,STL,28,TB,21,0
2004-10-24,2004,7,REG,BAL,20,BUF,6,0
2004-10-24,2004,7,REG,CAR,6,SD,17,0
2004-10-24,2004,7,REG,CLE,31,PHI,34,0
2004-10-24,2004,7,REG,IND,24,JAX,27,0
2004-10-24,2004,7,REG,KC,56,ATL,10,0
2004-10-24,2004,7,REG,MIA,31,STL,14,0
2004-10-24,2004,7,REG,MIN,20,TEN,3,0
2004-10-24,2004,7,REG,NYG,13,DET,28,0
2004-10-24,2004,7,REG,TB,19,CHI,7,0
2004-10-24,2004,7,REG,NE,13,NYJ,7,0
2004-10-24,2004,7,REG,ARI,25,SEA,17,0
2004-10-24,2004,7,REG,GB,41,DAL,20,0
2004-10-24,2004,7,REG,OAK,26,NO,31,0
2004-10-25,2004,7,REG,CIN,23,DEN,10,0
2004-10-31,2004,8,REG,BUF,38,ARI,14,0
2004-10-31,2004,8,REG,DAL,31,DET,21,0
2004-10-31,2004,8,REG,HOU,20,JAX,6,0
2004-10-31,2004,8,REG,KC,45,IND,35,0
2004-10-31,2004,8,REG,MIN,13,NYG,34,0
2004-10-31,2004,8,REG,PHI,15,BAL,10,0
2004-10-31,2004,8,REG,TEN,27,CIN,20,0
2004-10-31,2004,8,REG,WAS,14,GB,28,0
2004-10-31,2004,8,REG,DEN,28,ATL,41,0
2004-10-31,2004,8,REG,SEA,23,CAR,17,0
2004-10-31,2004,8,REG,PIT,34,NE,20,0
2004-10-31,2004,8,REG,SD,42,OAK,14,0
2004-10-31,2004,8,REG,CHI,23,SF,13,0
2004-11-01,2004,8,REG,NYJ,41,MIA,14,0
2004-11-07,2004,9,REG,BUF,22,NYJ,17,0
2004-11-07,2004,9,REG,CAR,24,OAK,27,0
2004-11-07,2004,9,REG,CIN,26,DAL,3,0
2004-11-07,2004,9,REG,DET,10,WAS,17,0
2004-11-07,2004,9,REG,MIA,23,ARI,24,0
2004-11-07,2004,9,REG,PIT,27,PHI,3,0
2004-11-07,2004,9,REG,TB,34,KC,31,0
2004-11-07,2004,9,REG,NYG,21,CHI,28,0
2004-11-07,2004,9,REG,SD,43,NO,17,0
2004-11-07,2004,9,REG,SF,27,SEA,42,0
2004-11-07,2004,9,REG,DEN,31,HOU,13,0
2004-11-07,2004,9,REG,STL,22,NE,40,0
2004-11-07,2004,9,REG,BAL,27,CLE,13,0
2004-11-08,2004,9,REG,IND,31,MIN,28,0
2004-11-14,2004,10,REG,ATL,24,TB,14,0
2004-11-14,2004,10,REG,CLE,10,PIT,24,0
2004-11-14,2004,10,REG,IND,49,HOU,14,0
2004-11-14,2004,10,REG,JAX,23,DET,17,0
2004-11-14,2004,10,REG,NO,27,KC,20,0
2004-11-14,2004,10,REG,NYJ,17,BAL,20,0
2004-11-14,2004,10,REG,STL,23,SEA,12,0
2004-11-14,2004,10,REG,TEN,17,CHI,19,0
2004-11-14,2004,10,REG,WAS,10,CIN,17,0
2004-11-14,2004,10,REG,ARI,17,NYG,14,0
2004-11-14,2004,10,REG,GB,34,MIN,31,0
2004-11-14,2004,10,REG,SF,27,CAR,37,0
2004-11-14,2004,10,REG,NE,29,BUF,6,0
2004-11-15,2004,10,REG,DAL,21,PHI,49,0
2004-11-21,2004,11,REG,BAL,30,DAL,10,0
2004-11-21,2004,11,REG,BUF,37,STL,17,0
2004-11-21,2004,11,REG,CAR,35,ARI,10,0
2004-11-21,2004,11,REG,CHI,10,IND,41,0
2004-11-21,2004,11,REG,CIN,14,PIT,19,0
2004-11-21,2004,11,REG,CLE,7,NYJ,10,0
2004-11-21,2004,11,REG,JAX,15,TEN,18,0
2004-11-21,2004,11,REG,MIN,22,DET,19,0
2004-11-21,2004,11,REG,NO,13,DEN,34,0
2004-11-21,2004,11,REG,TB,35,SF,3,0
2004-11-21,2004,11,REG,OAK,17,SD,23,0
2004-11-21,2004,11,REG,SEA,24,MIA,17,0
2004-11-21,2004,11,REG,NYG,10,ATL,14,0
2004-11-21,2004,11,REG,PHI,28,WAS,6,0
2004-11-21,2004,11,REG,HOU,13,GB,16,0
2004-11-22,2004,11,REG,KC,19,NE,27,0
2004-11-25,2004,12,REG,DET,9,IND,41,0
2004-11-25,2004,12,REG,DAL,21,CHI,7,0
2004-11-28,2004,12,REG,CAR,21,TB,14,0
2004-11-28,2004,12,REG,CIN,58,CLE,48,0
2004-11-28,2004,12,REG,HOU,31,TEN,21,0
2004-11-28,2004,12,REG,KC,31,SD,34,0
2004-11-28,2004,12,REG,MIN,27,JAX,16,0
2004-11-28,2004,12,REG,NYG,6,PHI,27,0
2004-11-28,2004,12,REG,PIT,16,WAS,7,0
2004-11-28,2004,12,REG,ATL,24,NO,21,0
2004-11-28,2004,12,REG,ARI,3,NYJ,13,0
2004-11-28,2004,12,REG,NE,24,BAL,3,0
2004-11-28,2004,12,REG,SEA,9,BUF,38,0
2004-11-28,2004,12,REG,SF,17,MIA,24,0
2004-11-28,2004,12,REG,DEN,24,OAK,25,0
2004-11-29,2004,12,REG,GB,45,STL,17,0
2004-12-05,2004,13,REG,BAL,26,CIN,27,0
2004-12-05,2004,13,REG,CHI,24,MIN,14,0
2004-12-05,2004,13,REG,CLE,15,NE,42,0
2004-12-05,2004,13,REG,DET,26,ARI,12,0
2004-12-05,2004,13,REG,IND,51,TEN,24,0
2004-12-05,2004,13,REG,MIA,32,BUF,42,0
2004-12-05,2004,13,REG,NO,21,CAR,32,0
2004-12-05,2004,13,REG,NYJ,29,HOU,7,0
2004-12-05,2004,13,REG,STL,16,SF,6,0
2004-12-05,2004,13,REG,TB,27,ATL,0,0
2004-12-05,2004,13,REG,OAK,27,KC,34,0
2004-12-05,2004,13,REG,SD,20,DEN,17,0
2004-12-05,2004,13,REG,PHI,47,GB,17,0
2004-12-05,2004,13,REG,WAS,31,NYG,7,0
2004-12-05,2004,13,REG,JAX,16,PIT,17,0
2004-12-06,2004,13,REG,SEA,39,DAL,43,0
2004-12-12,2004,14,REG,ATL,35,OAK,10,0
2004-12-12,2004,14,REG,BAL,37,NYG,14,0
2004-12-12,2004,14,REG,BUF,37,CLE,7,0
2004-12-12,2004,14,REG,DAL,13,NO,27,0
2004-12-12,2004,14,REG,HOU,14,IND,23,0
2004-12-12,2004,14,REG,JAX,22,CHI,3,0
2004-12-12,2004,14,REG,MIN,23,SEA,27,0
2004-12-12,2004,14,REG,NE,35,CIN,28,0
2004-12-12,2004,14,REG,DEN,20,MIA,17,0
2004-12-12,2004,14,REG,PIT,17,NYJ,6,0
2004-12-12,2004,14,REG,ARI,28,SF,31,0
2004-12-12,2004,14,REG,CAR,20,STL,7,0
2004-12-12,2004,14,REG,GB,16,DET,13,0
2004-12-12,2004,14,REG,SD,31,TB,24,0
2004-12-12,2004,14,REG,WAS,14,PHI,17,0
2004-12-13,2004,14,REG,TEN,38,KC,49,0
2004-12-18,2004,15,REG,NYG,30,PIT,33,0
2004-12-18,2004,15,REG,SF,16,WAS,26,0
2004-12-18,2004,15,REG,ATL,34,CAR,31,0
2004-12-19,2004,15,REG,CHI,5,HOU,24,0
2004-12-19,2004,15,REG,CIN,17,BUF,33,0
2004-12-19,2004,15,REG,CLE,0,SD,21,0
2004-12-19,2004,15,REG,DET,27,MIN,28,0
2004-12-19,2004,15,REG,KC,45,DEN,17,0
2004-12-19,2004,15,REG,NYJ,37,SEA,14,0
2004-12-19,2004,15,REG,PHI,12,DAL,7,0
2004-12-19,2004,15,REG,ARI,31,STL,7,0
2004-12-19,2004,15,REG,TB,17,NO,21,0
2004-12-19,2004,15,REG,GB,25,JAX,28,0
2004-12-19,2004,15,REG,OAK,40,TEN,35,0
2004-12-19,2004,15,REG,IND,20,BAL,10,0
2004-12-20,2004,15,REG,MIA,29,NE,28,0
2004-12-24,2004,16,REG,MIN,31,GB,34,0
2004-12-25,2004,16,REG,KC,31,OAK,30,0
2004-12-25,2004,16,REG,TEN,16,DEN,37,0
2004-12-26,2004,16,REG,CIN,23,NYG,22,0
2004-12-26,2004,16,REG,DET,19,CHI,13,0
2004-12-26,2004,16,REG,IND,34,SD,31,0
2004-12-26,2004,16,REG,JAX,0,HOU,21,0
2004-12-26,2004,16,REG,NO,26,ATL,13,0
2004-12-26,2004,16,REG,PIT,20,BAL,7,0
2004-12-26,2004,16,REG,NYJ,7,NE,23,0
2004-12-26,2004,16,REG,SF,7,BUF,41,0
2004-12-26,2004,16,REG,DAL,13,WAS,10,0
2004-12-26,2004,16,REG,SEA,24,ARI,21,0
2004-12-26,2004,16,REG,TB,20,CAR,37,0
2004-12-26,2004,16,REG,MIA,10,CLE,7,0
2004-12-27,2004,16,REG,STL,20,PHI,7,0
2005-01-02,2004,17,REG,BAL,30,MIA,23,0
2005-01-02,2004,17,REG,BUF,24,PIT,29,0
2005-01-02,2004,17,REG,CAR,18,NO,21,0
2005-01-02,2004,17,REG,CHI,14,GB,31,0
2005-01-02,2004,17,REG,HOU,14,CLE,22,0
2005-01-02,2004,17,REG,NE,21,SF,7,0
2005-01-02,2004,17,REG,PHI,10,CIN,38,0
2005-01-02,2004,17,REG,STL,32,NYJ,29,0
2005-01-02,2004,17,REG,TEN,24,DET,19,0
2005-01-02,2004,17,REG,WAS,21,MIN,18,0
2005-01-02,2004,17,REG,ARI,12,TB,7,0
2005-01-02,2004,17,REG,SEA,28,ATL,26,0
2005-01-02,2004,17,REG,DEN,33,IND,14,0
2005-01-02,2004,17,REG,OAK,6,JAX,13,0
2005-01-02,2004,17,REG,SD,24,KC,17,0
2005-01-02,2004,17,REG,NYG,28,DAL,24,0
2005-01-08,2004,18,WC,SEA,20,STL,27,0
2005-01-08,2004,18,WC,SD,17,NYJ,20,0
2005-01-09,2004,18,WC,IND,49,DEN,24,0
2005-01-09,2004,18,WC,GB,17,MIN,31,0
2005-01-15,2004,19,DIV,PIT,20,NYJ,17,0
2005-01-15,2004,19,DIV,ATL,47,STL,17,0
2005-01-16,2004,19,DIV,PHI,27,MIN,14,0
2005-01-16,2004,19,DIV,NE,20,IND,3,0
2005-01-23,2004,20,CON,PHI,27,ATL,10,0
2005-01-23,2004,20,CON,PIT,27,NE,41,0
2005-02-06,2004,21,SB,PHI,21,NE,24,0
2005-09-08,2005,1,REG,NE,30,OAK,20,0
2005-09-11,2005,1,REG,BUF,22,HOU,7,0
2005-09-11,2005,1,REG,CAR,20,NO,23,0
2005-09-11,2005,1,REG,CLE,13,CIN,27,0
2005-09-11,2005,1,REG,JAX,26,SEA,14,0
2005-09-11,2005,1,REG,KC,27,NYJ,7,0
2005-09-11,2005,1,REG,MIA,34,DEN,10,0
2005-09-11,2005,1,REG,MIN,13,TB,24,0
2005-09-11,2005,1,REG,PIT,34,TEN,7,0
2005-09-11,2005,1,REG,WAS,9,CHI,7,0
2005-09-11,2005,1,REG,DET,17,GB,3,0
2005-09-11,2005,1,REG,NYG,42,ARI,19,0
2005-09-11,2005,1,REG,SD,24,DAL,28,0
2005-09-11,2005,1,REG,SF,28,STL,25,0
2005-09-11,2005,1,REG,BAL,7,IND,24,0
2005-09-12,2005,1,REG,ATL,14,PHI,10,0
2005-09-18,2005,2,REG,CAR,27,NE,17,0
2005-09-18,2005,2,REG,CHI,38,DET,6,0
2005-09-18,2005,2,REG,CIN,37,MIN,8,0
2005-09-18,2005,2,REG,HOU,7,PIT,27,0
2005-09-18,2005,2,REG,IND,10,JAX,3,0
2005-09-18,2005,2,REG,PHI,42,SF,3,0
2005-09-18,2005,2,REG,TB,19,BUF,3,0
2005-09-18,2005,2,REG,TEN,25,BAL,10,0
2005-09-18,2005,2,REG,ARI,12,STL,17,0
2005-09-18,2005,2,REG,SEA,21,ATL,18,0
2005-09-18,2005,2,REG,DEN,20,SD,17,0
2005-09-18,2005,2,REG,GB,24,CLE,26,0
2005-09-18,2005,2,REG,NYJ,17,MIA,7,0
2005-09-18,2005,2,REG,OAK,17,KC,23,0
2005-09-19,2005,2,REG,DAL,13,WAS,14,0
2005-09-19,2005,2,REG,NO,10,NYG,27,0
2005-09-25,2005,3,REG,BUF,16,ATL,24,0
2005-09-25,2005,3,REG,CHI,7,CIN,24,0
2005-09-25,2005,3,REG,GB,16,TB,17,0
2005-09-25,2005,3,REG,IND,13,CLE,6,0
2005-09-25,2005,3,REG,MIA,27,CAR,24,0
2005-09-25,2005,3,REG,MIN,33,NO,16,0
2005-09-25,2005,3,REG,NYJ,20,JAX,26,0
2005-09-25,2005,3,REG,PHI,23,OAK,20,0
2005-09-25,2005,3,REG,STL,31,TEN,27,0
2005-09-25,2005,3,REG,SEA,37,ARI,12,0
2005-09-25,2005,3,REG,SF,31,DAL,34,0
2005-09-25,2005,3,REG,PIT,20,NE,23,0
2005-09-25,2005,3,REG,SD,45,NYG,23,0
2005-09-26,2005,3,REG,DEN,30,KC,10,0
2005-10-02,2005,4,REG,CIN,16,HOU,10,0
2005-10-02,2005,4,REG,JAX,7,DEN,20,0
2005-10-02,2005,4,REG,NE,17,SD,41,0
2005-10-02,2005,4,REG,NO,19,BUF,7,0
2005-10-02,2005,4,REG,NYG,44,STL,24,0
2005-10-02,2005,4,REG,TB,17,DET,13,0
2005-10-02,2005,4,REG,TEN,10,IND,31,0
2005-10-02,2005,4,REG,WAS,20,SEA,17,0
2005-10-02,2005,4,REG,BAL,13,NYJ,3,0
2005-10-02,2005,4,REG,ATL,30,MIN,10,0
2005-10-02,2005,4,REG,KC,31,PHI,37,0
2005-10-02,2005,4,REG,OAK,19,DAL,13,0
2005-10-02,2005,4,REG,ARI,31,SF,14,0
2005-10-03,2005,4,REG,CAR,32,GB,29,0
2005-10-09,2005,5,REG,ATL,28,NE,31,0
2005-10-09,2005,5,REG,BUF,20,MIA,14,0
2005-10-09,2005,5,REG,CLE,20,CHI,10,0
2005-10-09,2005,5,REG,DET,35,BAL,17,0
2005-10-09,2005,5,REG,GB,52,NO,3,0
2005-10-09,2005,5,REG,HOU,20,TEN,34,0
2005-10-09,2005,5,REG,NYJ,14,TB,12,0
2005-10-09,2005,5,REG,STL,31,SEA,37,0
2005-10-09,2005,5,REG,SF,3,IND,28,0
2005-10-09,2005,5,REG,ARI,20,CAR,24,0
2005-10-09,2005,5,REG,DAL,33,PHI,10,0
2005-10-09,2005,5,REG,DEN,21,WAS,19,0
2005-10-09,2005,5,REG,JAX,23,CIN,20,0
2005-10-10,2005,5,REG,SD,22,PIT,24,0
2005-10-16,2005,6,REG,BAL,16,CLE,3,0
2005-10-16,2005,6,REG,CHI,28,MIN,3,0
2005-10-16,2005,6,REG,DAL,16,NYG,13,0
2005-10-16,2005,6,REG,DET,20,CAR,21,0
2005-10-16,2005,6,REG,KC,28,WAS,21,0
2005-10-16,2005,6,REG,NO,31,ATL,34,0
2005-10-16,2005,6,REG,PIT,17,JAX,23,0
2005-10-16,2005,6,REG,TB,27,MIA,13,0
2005-10-16,2005,6,REG,TEN,23,CIN,31,0
2005-10-16,2005,6,REG,BUF,27,NYJ,17,0
2005-10-16,2005,6,REG,DEN,28,NE,20,0
2005-10-16,2005,6,REG,OAK,14,SD,27,0
2005-10-16,2005,6,REG,SEA,42,HOU,10,0
2005-10-17,2005,6,REG,IND,45,STL,28,0
2005-10-21,2005,7,REG,MIA,20,KC,30,0
2005-10-23,2005,7,REG,CIN,13,PIT,27,0
2005-10-23,2005,7,REG,CLE,10,DET,13,0
2005-10-23,2005,7,REG,HOU,20,IND,38,0
2005-10-23,2005,7,REG,MIN,23,GB,20,0
2005-10-23,2005,7,REG,PHI,20,SD,17,0
2005-10-23,2005,7,REG,STL,28,NO,17,0
2005-10-23,2005,7,REG,WAS,52,SF,17,0
2005-10-23,2005,7,REG,SEA,13,DAL,10,0
2005-10-23,2005,7,REG,ARI,20,TEN,10,0
2005-10-23,2005,7,REG,CHI,10,BAL,6,0
2005-10-23,2005,7,REG,NYG,24,DEN,23,0
2005-10-23,2005,7,REG,OAK,38,BUF,17,0
2005-10-24,2005,7,REG,ATL,27,NYJ,14,0
2005-10-30,2005,8,REG,CAR,38,MIN,13,0
2005-10-30,2005,8,REG,CIN,21,GB,14,0
2005-10-30,2005,8,REG,DAL,34,ARI,13,0
2005-10-30,2005,8,REG,DET,13,CHI,19,0
2005-10-30,2005,8,REG,HOU,19,CLE,16,0
2005-10-30,2005,8,REG,NYG,36,WAS,0,0
2005-10-30,2005,8,REG,STL,24,JAX,21,0
2005-10-30,2005,8,REG,TEN,25,OAK,34,0
2005-10-30,2005,8,REG,NO,6,MIA,21,0
2005-10-30,2005,8,REG,SD,28,KC,20,0
2005-10-30,2005,8,REG,DEN,49,PHI,21,0
2005-10-30,2005,8,REG,SF,15,TB,10,0
2005-10-30,2005,8,REG,NE,21,BUF,16,0
2005-10-31,2005,8,REG,PIT,20,BAL,19,0
2005-11-06,2005,9,REG,BAL,9,CIN,21,0
2005-11-06,2005,9,REG,CLE,20,TEN,14,0
2005-11-06,2005,9,REG,JAX,21,HOU,14,0
2005-11-06,2005,9,REG,KC,27,OAK,23,0
2005-11-06,2005,9,REG,MIA,10,ATL,17,0
2005-11-06,2005,9,REG,MIN,27,DET,14,0
2005-11-06,2005,9,REG,NYJ,26,SD,31,0
2005-11-06,2005,9,REG,TB,14,CAR,34,0
2005-11-06,2005,9,REG,ARI,19,SEA,33,0
2005-11-06,2005,9,REG,NO,17,CHI,20,0
2005-11-06,2005,9,REG,SF,6,NYG,24,0
2005-11-06,2005,9,REG,GB,10,PIT,20,0
2005-11-06,2005,9,REG,WAS,17,PHI,10,0
2005-11-07,2005,9,REG,NE,21,IND,40,0
2005-11-13,2005,10,REG,BUF,14,KC,3,0
2005-11-13,2005,10,REG,CHI,17,SF,9,0
2005-11-13,2005,10,REG,DET,29,ARI,21,0
2005-11-13,2005,10,REG,IND,31,HOU,17,0
2005-11-13,2005,10,REG,JAX,30,BAL,3,0
2005-11-13,2005,10,REG,MIA,16,NE,23,0
2005-11-13,2005,10,REG,NYG,21,MIN,24,0
2005-11-13,2005,10,REG,CAR,30,NYJ,3,0
2005-11-13,2005,10,REG,OAK,17,DEN,31,0
2005-11-13,2005,10,REG,ATL,25,GB,33,0
2005-11-13,2005,10,REG,SEA,31,STL,16,0
2005-11-13,2005,10,REG,TB,36,WAS,35,0
2005-11-13,2005,10,REG,PIT,34,CLE,21,0
2005-11-14,2005,10,REG,PHI,20,DAL,21,0
2005-11-20,2005,11,REG,ATL,27,TB,30,0
2005-11-20,2005,11,REG,BAL,16,PIT,13,0
2005-11-20,2005,11,REG,CHI,13,CAR,3,0
2005-11-20,2005,11,REG,CLE,22,MIA,0,0
2005-11-20,2005,11,REG,DAL,20,DET,7,0
2005-11-20,2005,11,REG,NE,24,NO,17,0
2005-11-20,2005,11,REG,NYG,27,PHI,17,0
2005-11-20,2005,11,REG,STL,28,ARI,38,0
2005-11-20,2005,11,REG,TEN,28,JAX,31,0
2005-11-20,2005,11,REG,WAS,13,OAK,16,0
2005-11-20,2005,11,REG,SF,25,SEA,27,0
2005-11-20,2005,11,REG,CIN,37,IND,45,0
2005-11-20,2005,11,REG,DEN,27,NYJ,0,0
2005-11-20,2005,11,REG,SD,48,BUF,10,0
2005-11-20,2005,11,REG,HOU,17,KC,45,0
2005-11-21,2005,11,REG,GB,17,MIN,20,0
2005-11-24,2005,12,REG,DET,7,ATL,27,0
2005-11-24,2005,12,REG,DAL,21,DEN,24,0
2005-11-27,2005,12,REG,BUF,9,CAR,13,0
2005-11-27,2005,12,REG,CIN,42,BAL,29,0
2005-11-27,2005,12,REG,HOU,27,STL,33,0
2005-11-27,2005,12,REG,KC,26,NE,16,0
2005-11-27,2005,12,REG,MIN,24,CLE,12,0
2005-11-27,2005,12,REG,TB,10,CHI,13,0
2005-11-27,2005,12,REG,TEN,33,SF,22,0
2005-11-27,2005,12,REG,WAS,17,SD,23,0
2005-11-27,2005,12,REG,ARI,17,JAX,24,0
2005-11-27,2005,12,REG,OAK,21,MIA,33,0
2005-11-27,2005,12,REG,PHI,19,GB,14,0
2005-11-27,2005,12,REG,SEA,24,NYG,21,0
2005-11-27,2005,12,REG,NYJ,19,NO,21,0
2005-11-28,2005,12,REG,IND,26,PIT,7,0
2005-12-04,2005,13,REG,BAL,16,HOU,15,0
2005-12-04,2005,13,REG,CAR,24,ATL,6,0
2005-12-04,2005,13,REG,CHI,19,GB,7,0
2005-12-04,2005,13,REG,CLE,14,JAX,20,0
2005-12-04,2005,13,REG,DET,16,MIN,21,0
2005-12-04,2005,13,REG,IND,35,TEN,3,0
2005-12-04,2005,13,REG,MIA,24,BUF,23,0
2005-12-04,2005,13,REG,NO,3,TB,10,0
2005-12-04,2005,13,REG,NYG,17,DAL,10,0
2005-12-04,2005,13,REG,PIT,31,CIN,38,0
2005-12-04,2005,13,REG,SF,10,ARI,17,0
2005-12-04,2005,13,REG,STL,9,WAS,24,0
2005-12-04,2005,13,REG,KC,31,DEN,27,0
2005-12-04,2005,13,REG,NE,16,NYJ,3,0
2005-12-04,2005,13,REG,SD,34,OAK,10,0
2005-12-05,2005,13,REG,PHI,0,SEA,42,0
2005-12-11,2005,14,REG,BUF,7,NE,35,0
2005-12-11,2005,14,REG,CAR,10,TB,20,0
2005-12-11,2005,14,REG,CIN,23,CLE,20,0
2005-12-11,2005,14,REG,JAX,18,IND,26,0
2005-12-11,2005,14,REG,MIN,27,STL,13,0
2005-12-11,2005,14,REG,NYJ,26,OAK,10,0
2005-12-11,2005,14,REG,PIT,21,CHI,9,0
2005-12-11,2005,14,REG,TEN,13,HOU,10,0
2005-12-11,2005,14,REG,ARI,13,WAS,17,0
2005-12-11,2005,14,REG,PHI,23,NYG,26,0
2005-12-11,2005,14,REG,SEA,41,SF,3,0
2005-12-11,2005,14,REG,DAL,31,KC,28,0
2005-12-11,2005,14,REG,DEN,12,BAL,10,0
2005-12-11,2005,14,REG,SD,21,MIA,23,0
2005-12-11,2005,14,REG,GB,16,DET,13,0
2005-12-12,2005,14,REG,ATL,36,NO,17,0
2005-12-17,2005,15,REG,NE,28,TB,0,0
2005-12-17,2005,15,REG,NYG,27,KC,17,0
2005-12-17,2005,15,REG,BUF,17,DEN,28,0
2005-12-18,2005,15,REG,HOU,30,ARI,19,0
2005-12-18,2005,15,REG,IND,17,SD,26,0
2005-12-18,2005,15,REG,JAX,10,SF,9,0
2005-12-18,2005,15,REG,MIA,24,NYJ,20,0
2005-12-18,2005,15,REG,MIN,3,PIT,18,0
2005-12-18,2005,15,REG,NO,10,CAR,27,0
2005-12-18,2005,15,REG,STL,16,PHI,17,0
2005-12-18,2005,15,REG,TEN,24,SEA,28,0
2005-12-18,2005,15,REG,DET,17,CIN,41,0
2005-12-18,2005,15,REG,OAK,7,CLE,9,0
2005-12-18,2005,15,REG,WAS,35,DAL,7,0
2005-12-18,2005,15,REG,CHI,16,ATL,3,0
2005-12-19,2005,15,REG,BAL,48,GB,3,0
2005-12-24,2005,16,REG,CAR,20,DAL,24,0
2005-12-24,2005,16,REG,CIN,27,BUF,37,0
2005-12-24,2005,16,REG,CLE,0,PIT,41,0
2005-12-24,2005,16,REG,HOU,20,JAX,38,0
2005-12-24,2005,16,REG,KC,20,SD,7,0
2005-12-24,2005,16,REG,MIA,24,TEN,10,0
2005-12-24,2005,16,REG,NO,12,DET,13,0
2005-12-24,2005,16,REG,STL,20,SF,24,0
2005-12-24,2005,16,REG,TB,27,ATL,24,0
2005-12-24,2005,16,REG,WAS,35,NYG,20,0
2005-12-24,2005,16,REG,ARI,27,PHI,21,0
2005-12-24,2005,16,REG,DEN,22,OAK,3,0
2005-12-24,2005,16,REG,SEA,28,IND,13,0
2005-12-25,2005,16,REG,GB,17,CHI,24,0
2005-12-25,2005,16,REG,BAL,30,MIN,23,0
2005-12-26,2005,16,REG,NYJ,21,NE,31,0
2005-12-31,2005,17,REG,SD,7,DEN,23,0
2005-12-31,2005,17,REG,OAK,21,NYG,30,0
2006-01-01,2005,17,REG,ATL,11,CAR,44,0
2006-01-01,2005,17,REG,CLE,20,BAL,16,0
2006-01-01,2005,17,REG,GB,23,SEA,17,0
2006-01-01,2005,17,REG,IND,17,ARI,13,0
2006-01-01,2005,17,REG,KC,37,CIN,3,0
2006-01-01,2005,17,REG,NE,26,MIA,28,0
2006-01-01,2005,17,REG,NYJ,30,BUF,26,0
2006-01-01,2005,17,REG,PIT,35,DET,21,0
2006-01-01,2005,17,REG,TB,27,NO,13,0
2006-01-01,2005,17,REG,JAX,40,TEN,13,0
2006-01-01,2005,17,REG,SF,20,HOU,17,0
2006-01-01,2005,17,REG,MIN,34,CHI,10,0
2006-01-01,2005,17,REG,PHI,20,WAS,31,0
2006-01-01,2005,17,REG,DAL,10,STL,20,0
2006-01-07,2005,18,WC,TB,10,WAS,17,0
2006-01-07,2005,18,WC,NE,28,JAX,3,0
2006-01-08,2005,18,WC,NYG,0,CAR,23,0
2006-01-08,2005,18,WC,CIN,17,PIT,31,0
2006-01-14,2005,19,DIV,SEA,20,WAS,10,0
2006-01-14,2005,19,DIV,DEN,27,NE,13,0
2006-01-15,2005,19,DIV,IND,18,PIT,21,0
2006-01-15,2005,19,DIV,CHI,21,CAR,29,0
2006-01-22,2005,20,CON,DEN,17,PIT,34,0
2006-01-22,2005,20,CON,SEA,34,CAR,14,0
2006-02-05,2005,21,SB,PIT,21,SEA,10,0
2006-09-07,2006,1,REG,PIT,28,MIA,17,0
2006-09-10,2006,1,REG,CAR,6,ATL,20,0
2006-09-10,2006,1,REG,CLE,14,NO,19,0
2006-09-10,2006,1,REG,DET,6,SEA,9,0
2006-09-10,2006,1,REG,HOU,10,PHI,24,0
2006-09-10,2006,1,REG,KC,10,CIN,23,0
2006-09-10,2006,1,REG,NE,19,BUF,17,0
2006-09-10,2006,1,REG,STL,18,DEN,10,0
2006-09-10,2006,1,REG,TB,0,BAL,27,0
2006-09-10,2006,1,REG,TEN,16,NYJ,23,0
2006-09-10,2006,1,REG,ARI,34,SF,27,0
2006-09-10,2006,1,REG,GB,0,CHI,26,0
2006-09-10,2006,1,REG,JAX,24,DAL,17,0
2006-09-10,2006,1,REG,NYG,21,IND,26,0
2006-09-11,2006,1,REG,WAS,16,MIN,19,0
2006-09-11,2006,1,REG,OAK,0,SD,27,0
2006-09-17,2006,2,REG,ATL,14,TB,3,0
2006-09-17,2006,2,REG,BAL,28,OAK,6,0
2006-09-17,2006,2,REG,CHI,34,DET,7,0
2006-09-17,2006,2,REG,CIN,34,CLE,17,0
2006-09-17,2006,2,REG,GB,27,NO,34,0
2006-09-17,2006,2,REG,IND,43,HOU,24,0
2006-09-17,2006,2,REG,MIA,6,BUF,16,0
2006-09-17,2006,2,REG,MIN,16,CAR,13,0
2006-09-17,2006,2,REG,PHI,24,NYG,30,0
2006-09-17,2006,2,REG,SEA,21,ARI,10,0
2006-09-17,2006,2,REG,SF,20,STL,13,0
2006-09-17,2006,2,REG,DEN,9,KC,6,0
2006-09-17,2006,2,REG,NYJ,17,NE,24,0
2006-09-17,2006,2,REG,SD,40,TEN,7,0
2006-09-17,2006,2,REG,DAL,27,WAS,10,0
2006-09-18,2006,2,REG,JAX,9,PIT,0,0
2006-09-24,2006,3,REG,BUF,20,NYJ,28,0
2006-09-24,2006,3,REG,DET,24,GB,31,0
2006-09-24,2006,3,REG,HOU,15,WAS,31,0
2006-09-24,2006,3,REG,IND,21,JAX,14,0
2006-09-24,2006,3,REG,MIA,13,TEN,10,0
2006-09-24,2006,3,REG,MIN,16,CHI,19,0
2006-09-24,2006,3,REG,PIT,20,CIN,28,0
2006-09-24,2006,3,REG,TB,24,CAR,26,0
2006-09-24,2006,3,REG,CLE,14,BAL,15,0
2006-09-24,2006,3,REG,ARI,14,STL,16,0
2006-09-24,2006,3,REG,SEA,42,NYG,30,0
2006-09-24,2006,3,REG,SF,24,PHI,38,0
2006-09-24,2006,3,REG,NE,7,DEN,17,0
2006-09-25,2006,3,REG,NO,23,ATL,3,0
2006-10-01,2006,4,REG,ATL,32,ARI,10,0
2006-10-01,2006,4,REG,BAL,16,SD,13,0
2006-10-01,2006,4,REG,BUF,17,MIN,12,0
2006-10-01,2006,4,REG,CAR,21,NO,18,0
2006-10-01,2006,4,REG,HOU,17,MIA,15,0
2006-10-01,2006,4,REG,KC,41,SF,0,0
2006-10-01,2006,4,REG,NYJ,28,IND,31,0
2006-10-01,2006,4,REG,TEN,14,DAL,45,0
2006-10-01,2006,4,REG,STL,41,DET,34,0
2006-10-01,2006,4,REG,CIN,13,NE,38,0
2006-10-01,2006,4,REG,OAK,21,CLE,24,0
2006-10-01,2006,4,REG,WAS,36,JAX,30,0
2006-10-01,2006,4,REG,CHI,37,SEA,6,0
2006-10-02,2006,4,REG,PHI,31,GB,9,0
2006-10-08,2006,5,REG,CAR,20,CLE,12,0
2006-10-08,2006,5,REG,CHI,40,BUF,7,0
2006-10-08,2006,5,REG,GB,20,STL,23,0
2006-10-08,2006,5,REG,IND,14,TEN,13,0
2006-10-08,2006,5,REG,MIN,26,DET,17,0
2006-10-08,2006,5,REG,NE,20,MIA,10,0
2006-10-08,2006,5,REG,NO,24,TB,21,0
2006-10-08,2006,5,REG,NYG,19,WAS,3,0
2006-10-08,2006,5,REG,ARI,20,KC,23,0
2006-10-08,2006,5,REG,JAX,41,NYJ,0,0
2006-10-08,2006,5,REG,SF,34,OAK,20,0
2006-10-08,2006,5,REG,PHI,38,DAL,24,0
2006-10-08,2006,5,REG,SD,23,PIT,13,0
2006-10-09,2006,5,REG,DEN,13,BAL,3,0
2006-10-15,2006,6,REG,ATL,14,NYG,27,0
2006-10-15,2006,6,REG,BAL,21,CAR,23,0
2006-10-15,2006,6,REG,DAL,34,HOU,6,0
2006-10-15,2006,6,REG,DET,20,BUF,17,0
2006-10-15,2006,6,REG,NO,27,PHI,24,0
2006-10-15,2006,6,REG,STL,28,SEA,30,0
2006-10-15,2006,6,REG,TB,14,CIN,13,0
2006-10-15,2006,6,REG,WAS,22,TEN,25,0
2006-10-15,2006,6,REG,NYJ,20,MIA,17,0
2006-10-15,2006,6,REG,PIT,45,KC,7,0
2006-10-15,2006,6,REG,SF,19,SD,48,0
2006-10-15,2006,6,REG,DEN,13,OAK,3,0
2006-10-16,2006,6,REG,ARI,23,CHI,24,0
2006-10-22,2006,7,REG,ATL,41,PIT,38,0
2006-10-22,2006,7,REG,BUF,6,NE,28,0
2006-10-22,2006,7,REG,CIN,17,CAR,14,0
2006-10-22,2006,7,REG,HOU,27,JAX,7,0
2006-10-22,2006,7,REG,KC,30,SD,27,0
2006-10-22,2006,7,REG,MIA,24,GB,34,0
2006-10-22,2006,7,REG,NYJ,31,DET,24,0
2006-10-22,2006,7,REG,TB,23,PHI,21,0
2006-10-22,2006,7,REG,CLE,7,DEN,17,0
2006-10-22,2006,7,REG,IND,36,WAS,22,0
2006-10-22,2006,7,REG,OAK,22,ARI,9,0
2006-10-22,2006,7,REG,SEA,13,MIN,31,0
2006-10-23,2006,7,REG,DAL,22,NYG,36,0
2006-10-29,2006,8,REG,CHI,41,SF,10,0
2006-10-29,2006,8,REG,CIN,27,ATL,29,0
2006-10-29,2006,8,REG,GB,31,ARI,14,0
2006-10-29,2006,8,REG,KC,35,SEA,28,0
2006-10-29,2006,8,REG,NO,22,BAL,35,0
2006-10-29,2006,8,REG,NYG,17,TB,3,0
2006-10-29,2006,8,REG,PHI,6,JAX,13,0
2006-10-29,2006,8,REG,TEN,28,HOU,22,0
2006-10-29,2006,8,REG,SD,38,STL,24,0
2006-10-29,2006,8,REG,CLE,20,NYJ,13,0
2006-10-29,2006,8,REG,DEN,31,IND,34,0
2006-10-29,2006,8,REG,OAK,20,PIT,13,0
2006-10-29,2006,8,REG,CAR,14,DAL,35,0
2006-10-30,2006,8,REG,MIN,7,NE,31,0
2006-11-05,2006,9,REG,BAL,26,CIN,20,0
2006-11-05,2006,9,REG,BUF,24,GB,10,0
2006-11-05,2006,9,REG,CHI,13,MIA,31,0
2006-11-05,2006,9,REG,DET,30,ATL,14,0
2006-11-05,2006,9,REG,JAX,37,TEN,7,0
2006-11-05,2006,9,REG,NYG,14,HOU,10,0
2006-11-05,2006,9,REG,STL,17,KC,31,0
2006-11-05,2006,9,REG,TB,14,NO,31,0
2006-11-05,2006,9,REG,WAS,22,DAL,19,0
2006-11-05,2006,9,REG,SF,9,MIN,3,0
2006-11-05,2006,9,REG,PIT,20,DEN,31,0
2006-11-05,2006,9,REG,SD,32,CLE,25,0
2006-11-05,2006,9,REG,NE,20,IND,27,0
2006-11-06,2006,9,REG,SEA,16,OAK,0,0
2006-11-12,2006,10,REG,ATL,13,CLE,17,0
2006-11-12,2006,10,REG,CIN,41,SD,49,0
2006-11-12,2006,10,REG,DET,13,SF,19,0
2006-11-12,2006,10,REG,IND,17,BUF,16,0
2006-11-12,2006,10,REG,JAX,10,HOU,13,0
2006-11-12,2006,10,REG,MIA,13,KC,10,0
2006-11-12,2006,10,REG,MIN,17,GB,23,0
2006-11-12,2006,10,REG,NE,14,NYJ,17,0
2006-11-12,2006,10,REG,PHI,27,WAS,3,0
2006-11-12,2006,10,REG,TEN,26,BAL,27,0
2006-11-12,2006,10,REG,OAK,13,DEN,17,0
2006-11-12,2006,10,REG,ARI,10,DAL,27,0
2006-11-12,2006,10,REG,PIT,38,NO,31,0
2006-11-12,2006,10,REG,SEA,24,STL,22,0
2006-11-12,2006,10,REG,NYG,20,CHI,38,0
2006-11-13,2006,10,REG,CAR,24,TB,10,0
2006-11-19,2006,11,REG,BAL,24,ATL,10,0
2006-11-19,2006,11,REG,CAR,15,STL,0,0
2006-11-19,2006,11,REG,CLE,20,PIT,24,0
2006-11-19,2006,11,REG,GB,0,NE,35,0
2006-11-19,2006,11,REG,HOU,21,BUF,24,0
2006-11-19,2006,11,REG,KC,17,OAK,13,0
2006-11-19,2006,11,REG,MIA,24,MIN,20,0
2006-11-19,2006,11,REG,NO,16,CIN,31,0
2006-11-19,2006,11,REG,NYJ,0,CHI,10,0
2006-11-19,2006,11,REG,PHI,13,TEN,31,0
2006-11-19,2006,11,REG,TB,20,WAS,17,0
2006-11-19,2006,11,REG,ARI,17,DET,10,0
2006-11-19,2006,11,REG,SF,20,SEA,14,0
2006-11-19,2006,11,REG,DAL,21,IND,14,0
2006-11-19,2006,11,REG,DEN,27,SD,35,0
2006-11-20,2006,11,REG,JAX,26,NYG,10,0
2006-11-23,2006,12,REG,DET,10,MIA,27,0
2006-11-23,2006,12,REG,DAL,38,TB,10,0
2006-11-23,2006,12,REG,KC,19,DEN,10,0
2006-11-26,2006,12,REG,ATL,13,NO,31,0
2006-11-26,2006,12,REG,BAL,27,PIT,0,0
2006-11-26,2006,12,REG,BUF,27,JAX,24,0
2006-11-26,2006,12,REG,CLE,0,CIN,30,0
2006-11-26,2006,12,REG,MIN,31,ARI,26,0
2006-11-26,2006,12,REG,NYJ,26,HOU,11,0
2006-11-26,2006,12,REG,STL,20,SF,17,0
2006-11-26,2006,12,REG,WAS,17,CAR,13,0
2006-11-26,2006,12,REG,SD,21,OAK,14,0
2006-11-26,2006,12,REG,NE,17,CHI,13,0
2006-11-26,2006,12,REG,TEN,24,NYG,21,0
2006-11-26,2006,12,REG,IND,45,PHI,21,0
2006-11-27,2006,12,REG,SEA,34,GB,24,0
2006-11-30,2006,13,REG,CIN,13,BAL,7,0
2006-12-03,2006,13,REG,BUF,21,SD,24,0
2006-12-03,2006,13,REG,CHI,23,MIN,13,0
2006-12-03,2006,13,REG,CLE,31,KC,28,0
2006-12-03,2006,13,REG,GB,10,NYJ,38,0
2006-12-03,2006,13,REG,NE,28,DET,21,0
2006-12-03,2006,13,REG,NO,34,SF,10,0
2006-12-03,2006,13,REG,STL,20,ARI,34,0
2006-12-03,2006,13,REG,TEN,20,IND,17,0
2006-12-03,2006,13,REG,WAS,14,ATL,24,0
2006-12-03,2006,13,REG,MIA,10,JAX,24,0
2006-12-03,2006,13,REG,OAK,14,HOU,23,0
2006-12-03,2006,13,REG,NYG,20,DAL,23,0
2006-12-03,2006,13,REG,PIT,20,TB,3,0
2006-12-03,2006,13,REG,DEN,20,SEA,23,0
2006-12-04,2006,13,REG,PHI,27,CAR,24,0
2006-12-07,2006,14,REG,PIT,27,CLE,7,0
2006-12-10,2006,14,REG,CAR,13,NYG,27,0
2006-12-10,2006,14,REG,CIN,27,OAK,10,0
2006-12-10,2006,14,REG,DET,20,MIN,30,0
2006-12-10,2006,14,REG,HOU,20,TEN,26,0
2006-12-10,2006,14,REG,JAX,44,IND,17,0
2006-12-10,2006,14,REG,KC,10,BAL,20,0
2006-12-10,2006,14,REG,MIA,21,NE,0,0
2006-12-10,2006,14,REG,TB,6,ATL,17,0
2006-12-10,2006,14,REG,WAS,19,PHI,21,0
2006-12-10,2006,14,REG,ARI,27,SEA,21,0
2006-12-10,2006,14,REG,SF,19,GB,30,0
2006-12-10,2006,14,REG,NYJ,13,BUF,31,0
2006-12-10,2006,14,REG,SD,48,DEN,20,0
2006-12-10,2006,14,REG,DAL,17,NO,42,0
2006-12-11,2006,14,REG,STL,27,CHI,42,0
2006-12-14,2006,15,REG,SEA,14,SF,24,0
2006-12-16,2006,15,REG,ATL,28,DAL,38,0
2006-12-17,2006,15,REG,BAL,27,CLE,17,0
2006-12-17,2006,15,REG,BUF,21,MIA,0,0
2006-12-17,2006,15,REG,CAR,3,PIT,37,0
2006-12-17,2006,15,REG,CHI,34,TB,31,0
2006-12-17,2006,15,REG,GB,17,DET,9,0
2006-12-17,2006,15,REG,MIN,13,NYJ,26,0
2006-12-17,2006,15,REG,NE,40,HOU,7,0
2006-12-17,2006,15,REG,NO,10,WAS,16,0
2006-12-17,2006,15,REG,TEN,24,JAX,17,0
2006-12-17,2006,15,REG,ARI,20,DEN,37,0
2006-12-17,2006,15,REG,NYG,22,PHI,36,0
2006-12-17,2006,15,REG,OAK,0,STL,20,0
2006-12-17,2006,15,REG,SD,20,KC,9,0
2006-12-18,2006,15,REG,IND,34,CIN,16,0
2006-12-21,2006,16,REG,GB,9,MIN,7,0
2006-12-23,2006,16,REG,OAK,9,KC,20,0
2006-12-24,2006,16,REG,ATL,3,CAR,10,0
2006-12-24,2006,16,REG,BUF,29,TEN,30,0
2006-12-24,2006,16,REG,CLE,7,TB,22,0
2006-12-24,2006,16,REG,DET,21,CHI,26,0
2006-12-24,2006,16,REG,HOU,27,IND,24,0
2006-12-24,2006,16,REG,JAX,21,NE,24,0
2006-12-24,2006,16,REG,NYG,7,NO,30,0
2006-12-24,2006,16,REG,PIT,7,BAL,31,0
2006-12-24,2006,16,REG,STL,37,WAS,31,0
2006-12-24,2006,16,REG,SF,20,ARI,26,0
2006-12-24,2006,16,REG,DEN,24,CIN,23,0
2006-12-24,2006,16,REG,SEA,17,SD,20,0
2006-12-25,2006,16,REG,DAL,7,PHI,23,0
2006-12-25,2006,16,REG,MIA,10,NYJ,13,0
2006-12-30,2006,17,REG,WAS,28,NYG,34,0
2006-12-31,2006,17,REG,CIN,17,PIT,23,0
2006-12-31,2006,17,REG,DAL,31,DET,39,0
2006-12-31,2006,17,REG,HOU,14,CLE,6,0
2006-12-31,2006,17,REG,KC,35,JAX,30,0
2006-12-31,2006,17,REG,MIN,21,STL,41,0
2006-12-31,2006,17,REG,NO,21,CAR,31,0
2006-12-31,2006,17,REG,NYJ,23,OAK,3,0
2006-12-31,2006,17,REG,TB,7,SEA,23,0
2006-12-31,2006,17,REG,TEN,23,NE,40,0
2006-12-31,2006,17,REG,BAL,19,BUF,7,0
2006-12-31,2006,17,REG,DEN,23,SF,26,0
2006-12-31,2006,17,REG,IND,27,MIA,22,0
2006-12-31,2006,17,REG,PHI,24,ATL,17,0
2006-12-31,2006,17,REG,SD,27,ARI,20,0
2006-12-31,2006,17,REG,CHI,7,GB,26,0
2007-01-06,2006,18,WC,IND,23,KC,8,0
2007-01-06,2006,18,WC,SEA,21,DAL,20,0
2007-01-07,2006,18,WC,NE,37,NYJ,16,0
2007-01-07,2006,18,WC,PHI,23,NYG,20,0
2007-01-13,2006,19,DIV,BAL,6,IND,15,0
2007-01-13,2006,19,DIV,NO,27,PHI,24,0
2007-01-14,2006,19,DIV,CHI,27,SEA,24,0
2007-01-14,2006,19,DIV,SD,21,NE,24,0
2007-01-21,2006,20,CON,CHI,39,NO,14,0
2007-01-21,2006,20,CON,IND,38,NE,34,0
2007-02-04,2006,21,SB,CHI,17,IND,29,0
2007-09-06,2007,1,REG,IND,41,NO,10,0
2007-09-09,2007,1,REG,BUF,14,DEN,15,0
2007-09-09,2007,1,REG,CLE,7,PIT,34,0
2007-09-09,2007,1,REG,GB,16,PHI,13,0
2007-09-09,2007,1,REG,HOU,20,KC,3,0
2007-09-09,2007,1,REG,JAX,10,TEN,13,0
2007-09-09,2007,1,REG,MIN,24,ATL,3,0
2007-09-09,2007,1,REG,NYJ,14,NE,38,0
2007-09-09,2007,1,REG,STL,13,CAR,27,0
2007-09-09,2007,1,REG,WAS,16,MIA,13,0
2007-09-09,2007,1,REG,OAK,21,DET,36,0
2007-09-09,2007,1,REG,SD,14,CHI,3,0
2007-09-09,2007,1,REG,SEA,20,TB,6,0
2007-09-09,2007,1,REG,DAL,45,NYG,35,0
2007-09-10,2007,1,REG,CIN,27,BAL,20,0
2007-09-10,2007,1,REG,SF,20,ARI,17,0
2007-09-16,2007,2,REG,CAR,21,HOU,34,0
2007-09-16,2007,2,REG,CLE,51,CIN,45,0
2007-09-16,2007,2,REG,JAX,13,ATL,7,0
2007-09-16,2007,2,REG,NYG,13,GB,35,0
2007-09-16,2007,2,REG,PIT,26,BUF,3,0
2007-09-16,2007,2,REG,STL,16,SF,17,0
2007-09-16,2007,2,REG,TB,31,NO,14,0
2007-09-16,2007,2,REG,TEN,20,IND,22,0
2007-09-16,2007,2,REG,ARI,23,SEA,20,0
2007-09-16,2007,2,REG,DET,20,MIN,17,0
2007-09-16,2007,2,REG,MIA,20,DAL,37,0
2007-09-16,2007,2,REG,BAL,20,NYJ,13,0
2007-09-16,2007,2,REG,CHI,20,KC,10,0
2007-09-16,2007,2,REG,DEN,23,OAK,20,0
2007-09-16,2007,2,REG,NE,38,SD,14,0
2007-09-17,2007,2,REG,PHI,12,WAS,20,0
2007-09-23,2007,3,REG,BAL,26,ARI,23,0
2007-09-23,2007,3,REG,GB,31,SD,24,0
2007-09-23,2007,3,REG,HOU,24,IND,30,0
2007-09-23,2007,3,REG,KC,13,MIN,10,0
2007-09-23,2007,3,REG,NE,38,BUF,7,0
2007-09-23,2007,3,REG,NYJ,31,MIA,28,0
2007-09-23,2007,3,REG,PHI,56,DET,21,0
2007-09-23,2007,3,REG,PIT,37,SF,16,0
2007-09-23,2007,3,REG,TB,24,STL,3,0
2007-09-23,2007,3,REG,DEN,14,JAX,23,0
2007-09-23,2007,3,REG,OAK,26,CLE,24,0
2007-09-23,2007,3,REG,SEA,24,CIN,21,0
2007-09-23,2007,3,REG,ATL,20,CAR,27,0
2007-09-23,2007,3,REG,WAS,17,NYG,24,0
2007-09-23,2007,3,REG,CHI,10,DAL,34,0
2007-09-24,2007,3,REG,NO,14,TEN,31,0
2007-09-30,2007,4,REG,ATL,26,HOU,16,0
2007-09-30,2007,4,REG,BUF,17,NYJ,14,0
2007-09-30,2007,4,REG,CLE,27,BAL,13,0
2007-09-30,2007,4,REG,DAL,35,STL,7,0
2007-09-30,2007,4,REG,DET,37,CHI,27,0
2007-09-30,2007,4,REG,MIA,17,OAK,35,0
2007-09-30,2007,4,REG,MIN,16,GB,23,0
2007-09-30,2007,4,REG,CAR,7,TB,20,0
2007-09-30,2007,4,REG,SF,3,SEA,23,0
2007-09-30,2007,4,REG,ARI,21,PIT,14,0
2007-09-30,2007,4,REG,IND,38,DEN,20,0
2007-09-30,2007,4,REG,SD,16,KC,30,0
2007-09-30,2007,4,REG,NYG,16,PHI,3,0
2007-10-01,2007,4,REG,CIN,13,NE,34,0
2007-10-07,2007,5,REG,HOU,22,MIA,19,0
2007-10-07,2007,5,REG,KC,7,JAX,17,0
2007-10-07,2007,5,REG,NE,34,CLE,17,0
2007-10-07,2007,5,REG,NO,13,CAR,16,0
2007-10-07,2007,5,REG,NYG,35,NYJ,24,0
2007-10-07,2007,5,REG,PIT,21,SEA,0,0
2007-10-07,2007,5,REG,STL,31,ARI,34,0
2007-10-07,2007,5,REG,TEN,20,ATL,13,0
2007-10-07,2007,5,REG,WAS,34,DET,3,0
2007-10-07,2007,5,REG,IND,33,TB,14,0
2007-10-07,2007,5,REG,DEN,3,SD,41,0
2007-10-07,2007,5,REG,SF,7,BAL,9,0
2007-10-07,2007,5,REG,GB,20,CHI,27,0
2007-10-08,2007,5,REG,BUF,24,DAL,25,0
2007-10-14,2007,6,REG,BAL,22,STL,3,0
2007-10-14,2007,6,REG,CHI,31,MIN,34,0
2007-10-14,2007,6,REG,CLE,41,MIA,31,0
2007-10-14,2007,6,REG,GB,17,WAS,14,0
2007-10-14,2007,6,REG,JAX,37,HOU,17,0
2007-10-14,2007,6,REG,KC,27,CIN,20,0
2007-10-14,2007,6,REG,NYJ,9,PHI,16,0
2007-10-14,2007,6,REG,TB,13,TEN,10,0
2007-10-14,2007,6,REG,ARI,10,CAR,25,0
2007-10-14,2007,6,REG,DAL,27,NE,48,0
2007-10-14,2007,6,REG,SD,28,OAK,14,0
2007-10-14,2007,6,REG,SEA,17,NO,28,0
2007-10-15,2007,6,REG,ATL,10,NYG,31,0
2007-10-21,2007,7,REG,BUF,19,BAL,14,0
2007-10-21,2007,7,REG,DET,23,TB,16,0
2007-10-21,2007,7,REG,HOU,36,TEN,38,0
2007-10-21,2007,7,REG,MIA,28,NE,49,0
2007-10-21,2007,7,REG,NO,22,ATL,16,0
2007-10-21,2007,7,REG,NYG,33,SF,15,0
2007-10-21,2007,7,REG,WAS,21,ARI,19,0
2007-10-21,2007,7,REG,CIN,38,NYJ,31,0
2007-10-21,2007,7,REG,OAK,10,KC,12,0
2007-10-21,2007,7,REG,DAL,24,MIN,14,0
2007-10-21,2007,7,REG,PHI,16,CHI,19,0
2007-10-21,2007,7,REG,SEA,33,STL,6,0
2007-10-21,2007,7,REG,DEN,31,PIT,28,0
2007-10-22,2007,7,REG,JAX,7,IND,29,0
2007-10-28,2007,8,REG,CAR,7,IND,31,0
2007-10-28,2007,8,REG,CHI,7,DET,16,0
2007-10-28,2007,8,REG,CIN,13,PIT,24,0
2007-10-28,2007,8,REG,MIA,10,NYG,13,0
2007-10-28,2007,8,REG,MIN,16,PHI,23,0
2007-10-28,2007,8,REG,STL,20,CLE,27,0
2007-10-28,2007,8,REG,TEN,13,OAK,9,0
2007-10-28,2007,8,REG,NYJ,3,BUF,13,0
2007-10-28,2007,8,REG,SD,35,HOU,10,0
2007-10-28,2007,8,REG,TB,23,JAX,24,0
2007-10-28,2007,8,REG,NE,52,WAS,7,0
2007-10-28,2007,8,REG,SF,10,NO,31,0
2007-10-29,2007,8,REG,DEN,13,GB,19,0
2007-11-04,2007,9,REG,ATL,20,SF,16,0
2007-11-04,2007,9,REG,BUF,33,CIN,21,0
2007-11-04,2007,9,REG,DET,44,DEN,7,0
2007-11-04,2007,9,REG,KC,22,GB,33,0
2007-11-04,2007,9,REG,MIN,35,SD,17,0
2007-11-04,2007,9,REG,NO,41,JAX,24,0
2007-11-04,2007,9,REG,NYJ,20,WAS,23,0
2007-11-04,2007,9,REG,TB,17,ARI,10,0
2007-11-04,2007,9,REG,TEN,20,CAR,7,0
2007-11-04,2007,9,REG,CLE,33,SEA,30,0
2007-11-04,2007,9,REG,IND,20,NE,24,0
2007-11-04,2007,9,REG,OAK,17,HOU,24,0
2007-11-04,2007,9,REG,PHI,17,DAL,38,0
2007-11-05,2007,9,REG,PIT,38,BAL,7,0
2007-11-11,2007,10,REG,CAR,13,ATL,20,0
2007-11-11,2007,10,REG,GB,34,MIN,0,0
2007-11-11,2007,10,REG,KC,11,DEN,27,0
2007-11-11,2007,10,REG,MIA,10,BUF,13,0
2007-11-11,2007,10,REG,NO,29,STL,37,0
2007-11-11,2007,10,REG,PIT,31,CLE,28,0
2007-11-11,2007,10,REG,TEN,13,JAX,28,0
2007-11-11,2007,10,REG,WAS,25,PHI,33,0
2007-11-11,2007,10,REG,BAL,7,CIN,21,0
2007-11-11,2007,10,REG,ARI,31,DET,21,0
2007-11-11,2007,10,REG,NYG,20,DAL,31,0
2007-11-11,2007,10,REG,OAK,6,CHI,17,0
2007-11-11,2007,10,REG,SD,23,IND,21,0
2007-11-12,2007,10,REG,SEA,24,SF,0,0
2007-11-18,2007,11,REG,ATL,7,TB,31,0
2007-11-18,2007,11,REG,BAL,30,CLE,33,0
2007-11-18,2007,11,REG,CIN,27,ARI,35,0
2007-11-18,2007,11,REG,DET,10,NYG,16,0
2007-11-18,2007,11,REG,GB,31,CAR,17,0
2007-11-18,2007,11,REG,HOU,23,NO,10,0
2007-11-18,2007,11,REG,IND,13,KC,10,0
2007-11-18,2007,11,REG,JAX,24,SD,17,0
2007-11-18,2007,11,REG,MIN,29,OAK,22,0
2007-11-18,2007,11,REG,PHI,17,MIA,7,0
2007-11-18,2007,11,REG,NYJ,19,PIT,16,0
2007-11-18,2007,11,REG,DAL,28,WAS,23,0
2007-11-18,2007,11,REG,SEA,30,CHI,23,0
2007-11-18,2007,11,REG,SF,9,STL,13,0
2007-11-18,2007,11,REG,BUF,10,NE,56,0
2007-11-19,2007,11,REG,DEN,34,TEN,20,0
2007-11-22,2007,12,REG,DET,26,GB,37,0
2007-11-22,2007,12,REG,DAL,34,NYJ,3,0
2007-11-22,2007,12,REG,ATL,13,IND,31,0
2007-11-25,2007,12,REG,CAR,6,NO,31,0
2007-11-25,2007,12,REG,CIN,35,TEN,6,0
2007-11-25,2007,12,REG,CLE,27,HOU,17,0
2007-11-25,2007,12,REG,JAX,36,BUF,14,0
2007-11-25,2007,12,REG,KC,17,OAK,20,0
2007-11-25,2007,12,REG,NYG,17,MIN,41,0
2007-11-25,2007,12,REG,STL,19,SEA,24,0
2007-11-25,2007,12,REG,TB,19,WAS,13,0
2007-11-25,2007,12,REG,ARI,31,SF,37,0
2007-11-25,2007,12,REG,CHI,37,DEN,34,0
2007-11-25,2007,12,REG,SD,32,BAL,14,0
2007-11-25,2007,12,REG,NE,31,PHI,28,0
2007-11-26,2007,12,REG,PIT,3,MIA,0,0
2007-11-29,2007,13,REG,DAL,37,GB,27,0
2007-12-02,2007,13,REG,CAR,31,SF,14,0
2007-12-02,2007,13,REG,IND,28,JAX,25,0
2007-12-02,2007,13,REG,KC,10,SD,24,0
2007-12-02,2007,13,REG,MIA,13,NYJ,40,0
2007-12-02,2007,13,REG,MIN,42,DET,10,0
2007-12-02,2007,13,REG,PHI,24,SEA,28,0
2007-12-02,2007,13,REG,STL,28,ATL,16,0
2007-12-02,2007,13,REG,TEN,28,HOU,20,0
2007-12-02,2007,13,REG,WAS,16,BUF,17,0
2007-12-02,2007,13,REG,ARI,27,CLE,21,0
2007-12-02,2007,13,REG,OAK,34,DEN,20,0
2007-12-02,2007,13,REG,CHI,16,NYG,21,0
2007-12-02,2007,13,REG,NO,23,TB,27,0
2007-12-02,2007,13,REG,PIT,24,CIN,10,0
2007-12-03,2007,13,REG,BAL,24,NE,27,0
2007-12-06,2007,14,REG,WAS,24,CHI,16,0
2007-12-09,2007,14,REG,BUF,38,MIA,17,0
2007-12-09,2007,14,REG,CIN,19,STL,10,0
2007-12-09,2007,14,REG,DET,27,DAL,28,0
2007-12-09,2007,14,REG,GB,38,OAK,7,0
2007-12-09,2007,14,REG,HOU,28,TB,14,0
2007-12-09,2007,14,REG,JAX,37,CAR,6,0
2007-12-09,2007,14,REG,PHI,13,NYG,16,0
2007-12-09,2007,14,REG,TEN,17,SD,23,0
2007-12-09,2007,14,REG,SEA,42,ARI,21,0
2007-12-09,2007,14,REG,SF,7,MIN,27,0
2007-12-09,2007,14,REG,DEN,41,KC,7,0
2007-12-09,2007,14,REG,NE,34,PIT,13,0
2007-12-09,2007,14,REG,NYJ,18,CLE,24,0
2007-12-09,2007,14,REG,BAL,20,IND,44,0
2007-12-10,2007,14,REG,ATL,14,NO,34,0
2007-12-13,2007,15,REG,HOU,31,DEN,13,0
2007-12-15,2007,15,REG,SF,20,CIN,13,0
2007-12-16,2007,15,REG,CAR,13,SEA,10,0
2007-12-16,2007,15,REG,CLE,8,BUF,0,0
2007-12-16,2007,15,REG,KC,17,TEN,26,0
2007-12-16,2007,15,REG,MIA,22,BAL,16,0
2007-12-16,2007,15,REG,NE,20,NYJ,10,0
2007-12-16,2007,15,REG,NO,31,ARI,24,0
2007-12-16,2007,15,REG,PIT,22,JAX,29,0
2007-12-16,2007,15,REG,STL,14,GB,33,0
2007-12-16,2007,15,REG,TB,37,ATL,3,0
2007-12-16,2007,15,REG,OAK,14,IND,21,0
2007-12-16,2007,15,REG,DAL,6,PHI,10,0
2007-12-16,2007,15,REG,SD,51,DET,14,0
2007-12-16,2007,15,REG,NYG,10,WAS,22,0
2007-12-17,2007,15,REG,MIN,20,CHI,13,0
2007-12-20,2007,16,REG,STL,24,PIT,41,0
2007-12-22,2007,16,REG,CAR,13,DAL,20,0
2007-12-23,2007,16,REG,BUF,21,NYG,38,0
2007-12-23,2007,16,REG,CHI,35,GB,7,0
2007-12-23,2007,16,REG,CIN,19,CLE,14,0
2007-12-23,2007,16,REG,DET,25,KC,20,0
2007-12-23,2007,16,REG,IND,38,HOU,15,0
2007-12-23,2007,16,REG,JAX,49,OAK,11,0
2007-12-23,2007,16,REG,NO,23,PHI,38,0
2007-12-23,2007,16,REG,ARI,30,ATL,27,0
2007-12-23,2007,16,REG,SF,21,TB,19,0
2007-12-23,2007,16,REG,NE,28,MIA,7,0
2007-12-23,2007,16,REG,SEA,27,BAL,6,0
2007-12-23,2007,16,REG,TEN,10,NYJ,6,0
2007-12-23,2007,16,REG,MIN,21,WAS,32,0
2007-12-24,2007,16,REG,SD,23,DEN,3,0
2007-12-29,2007,17,REG,NYG,35,NE,38,0
2007-12-30,2007,17,REG,ATL,44,SEA,41,0
2007-12-30,2007,17,REG,CHI,33,NO,25,0
2007-12-30,2007,17,REG,CLE,20,SF,7,0
2007-12-30,2007,17,REG,GB,34,DET,13,0
2007-12-30,2007,17,REG,HOU,42,JAX,28,0
2007-12-30,2007,17,REG,MIA,25,CIN,38,0
2007-12-30,2007,17,REG,PHI,17,BUF,9,0
2007-12-30,2007,17,REG,TB,23,CAR,31,0
2007-12-30,2007,17,REG,ARI,48,STL,19,0
2007-12-30,2007,17,REG,BAL,27,PIT,21,0
2007-12-30,2007,17,REG,DEN,22,MIN,19,0
2007-12-30,2007,17,REG,NYJ,13,KC,10,0
2007-12-30,2007,17,REG,OAK,17,SD,30,0
2007-12-30,2007,17,REG,WAS,27,DAL,6,0
2007-12-30,2007,17,REG,IND,10,TEN,16,0
2008-01-05,2007,18,WC,SEA,35,WAS,14,0
2008-01-05,2007,18,WC,PIT,29,JAX,31,0
2008-01-06,2007,18,WC,TB,14,NYG,24,0
2008-01-06,2007,18,WC,SD,17,TEN,6,0
2008-01-12,2007,19,DIV,GB,42,SEA,20,0
2008-01-12,2007,19,DIV,NE,31,JAX,20,0
2008-01-13,2007,19,DIV,IND,24,SD,28,0
2008-01-13,2007,19,DIV,DAL,17,NYG,21,0
2008-01-20,2007,20,CON,NE,21,SD,12,0
2008-01-20,2007,20,CON,GB,20,NYG,23,0
2008-02-03,2007,21,SB,NE,14,NYG,17,0
2008-09-04,2008,1,REG,NYG,16,WAS,7,0
2008-09-07,2008,1,REG,ATL,34,DET,21,0
2008-09-07,2008,1,REG,BAL,17,CIN,10,0
2008-09-07,2008,1,REG,BUF,34,SEA,10,0
2008-09-07,2008,1,REG,MIA,14,NYJ,20,0
2008-09-07,2008,1,REG,NE,17,KC,10,0
2008-09-07,2008,1,REG,NO,24,TB,20,0
2008-09-07,2008,1,REG,PHI,38,STL,3,0
2008-09-07,2008,1,REG,PIT,38,HOU,17,0
2008-09-07,2008,1,REG,TEN,17,JAX,10,0
2008-09-07,2008,1,REG,CLE,10,DAL,28,0
2008-09-07,2008,1,REG,SD,24,CAR,26,0
2008-09-07,2008,1,REG,SF,13,ARI,23,0
2008-09-07,2008,1,REG,IND,13,CHI,29,0
2008-09-08,2008,1,REG,GB,24,MIN,19,0
2008-09-08,2008,1,REG,OAK,14,DEN,41,0
2008-09-14,2008,2,REG,CAR,20,CHI,17,0
2008-09-14,2008,2,REG,CIN,7,TEN,24,0
2008-09-14,2008,2,REG,DET,25,GB,48,0
2008-09-14,2008,2,REG,JAX,16,BUF,20,0
2008-09-14,2008,2,REG,KC,8,OAK,23,0
2008-09-14,2008,2,REG,MIN,15,IND,18,0
2008-09-14,2008,2,REG,STL,13,NYG,41,0
2008-09-14,2008,2,REG,WAS,29,NO,24,0
2008-09-14,2008,2,REG,SEA,30,SF,33,0
2008-09-14,2008,2,REG,TB,24,ATL,9,0
2008-09-14,2008,2,REG,ARI,31,MIA,10,0
2008-09-14,2008,2,REG,DEN,39,SD,38,0
2008-09-14,2008,2,REG,NYJ,10,NE,19,0
2008-09-14,2008,2,REG,CLE,6,PIT,10,0
2008-09-15,2008,2,REG,DAL,41,PHI,37,0
2008-09-21,2008,3,REG,ATL,38,KC,14,0
2008-09-21,2008,3,REG,BUF,24,OAK,23,0
2008-09-21,2008,3,REG,CHI,24,TB,27,0
2008-09-21,2008,3,REG,MIN,20,CAR,10,0
2008-09-21,2008,3,REG,NE,13,MIA,38,0
2008-09-21,2008,3,REG,NYG,26,CIN,23,0
2008-09-21,2008,3,REG,TEN,31,HOU,12,0
2008-09-21,2008,3,REG,WAS,24,ARI,17,0
2008-09-21,2008,3,REG,DEN,34,NO,32,0
2008-09-21,2008,3,REG,SEA,37,STL,13,0
2008-09-21,2008,3,REG,SF,31,DET,13,0
2008-09-21,2008,3,REG,BAL,28,CLE,10,0
2008-09-21,2008,3,REG,IND,21,JAX,23,0
2008-09-21,2008,3,REG,PHI,15,PIT,6,0
2008-09-21,2008,3,REG,GB,16,DAL,27,0
2008-09-22,2008,3,REG,SD,48,NYJ,29,0
2008-09-28,2008,4,REG,CAR,24,ATL,9,0
2008-09-28,2008,4,REG,CIN,12,CLE,20,0
2008-09-28,2008,4,REG,JAX,30,HOU,27,0
2008-09-28,2008,4,REG,KC,33,DEN,19,0
2008-09-28,2008,4,REG,NO,31,SF,17,0
2008-09-28,2008,4,REG,NYJ,56,ARI,35,0
2008-09-28,2008,4,REG,TB,30,GB,21,0
2008-09-28,2008,4,REG,TEN,30,MIN,17,0
2008-09-28,2008,4,REG,OAK,18,SD,28,0
2008-09-28,2008,4,REG,STL,14,BUF,31,0
2008-09-28,2008,4,REG,DAL,24,WAS,26,0
2008-09-28,2008,4,REG,CHI,24,PHI,20,0
2008-09-29,2008,4,REG,PIT,23,BAL,20,0
2008-10-05,2008,5,REG,BAL,10,TEN,13,0
2008-10-05,2008,5,REG,CAR,34,KC,0,0
2008-10-05,2008,5,REG,DET,7,CHI,34,0
2008-10-05,2008,5,REG,GB,24,ATL,27,0
2008-10-05,2008,5,REG,HOU,27,IND,31,0
2008-10-05,2008,5,REG,MIA,17,SD,10,0
2008-10-05,2008,5,REG,NYG,44,SEA,6,0
2008-10-05,2008,5,REG,PHI,17,WAS,23,0
2008-10-05,2008,5,REG,DEN,16,TB,13,0
2008-10-05,2008,5,REG,ARI,41,BUF,17,0
2008-10-05,2008,5,REG,DAL,31,CIN,22,0
2008-10-05,2008,5,REG,SF,21,NE,30,0
2008-10-05,2008,5,REG,JAX,21,PIT,26,0
2008-10-06,2008,5,REG,NO,27,MIN,30,0
2008-10-12,2008,6,REG,ATL,22,CHI,20,0
2008-10-12,2008,6,REG,HOU,29,MIA,28,0
2008-10-12,2008,6,REG,IND,31,BAL,3,0
2008-10-12,2008,6,REG,MIN,12,DET,10,0
2008-10-12,2008,6,REG,NO,34,OAK,3,0
2008-10-12,2008,6,REG,NYJ,26,CIN,14,0
2008-10-12,2008,6,REG,TB,27,CAR,3,0
2008-10-12,2008,6,REG,WAS,17,STL,19,0
2008-10-12,2008,6,REG,DEN,17,JAX,24,0
2008-10-12,2008,6,REG,ARI,30,DAL,24,0
2008-10-12,2008,6,REG,SEA,17,GB,27,0
2008-10-12,2008,6,REG,SF,26,PHI,40,0
2008-10-12,2008,6,REG,SD,30,NE,10,0
2008-10-13,2008,6,REG,CLE,35,NYG,14,0
2008-10-19,2008,7,REG,BUF,23,SD,14,0
2008-10-19,2008,7,REG,CAR,30,NO,7,0
2008-10-19,2008,7,REG,CHI,48,MIN,41,0
2008-10-19,2008,7,REG,CIN,10,PIT,38,0
2008-10-19,2008,7,REG,KC,10,TEN,34,0
2008-10-19,2008,7,REG,MIA,13,BAL,27,0
2008-10-19,2008,7,REG,NYG,29,SF,17,0
2008-10-19,2008,7,REG,STL,34,DAL,14,0
2008-10-19,2008,7,REG,HOU,28,DET,21,0
2008-10-19,2008,7,REG,GB,34,IND,14,0
2008-10-19,2008,7,REG,OAK,16,NYJ,13,0
2008-10-19,2008,7,REG,WAS,14,CLE,11,0
2008-10-19,2008,7,REG,TB,20,SEA,10,0
2008-10-20,2008,7,REG,NE,41,DEN,7,0
2008-10-26,2008,8,REG,BAL,29,OAK,10,0
2008-10-26,2008,8,REG,CAR,27,ARI,23,0
2008-10-26,2008,8,REG,DAL,13,TB,9,0
2008-10-26,2008,8,REG,DET,17,WAS,25,0
2008-10-26,2008,8,REG,MIA,25,BUF,16,0
2008-10-26,2008,8,REG,NE,23,STL,16,0
2008-10-26,2008,8,REG,NO,37,SD,32,0
2008-10-26,2008,8,REG,NYJ,28,KC,24,0
2008-10-26,2008,8,REG,PHI,27,ATL,14,0
2008-10-26,2008,8,REG,HOU,35,CIN,6,0
2008-10-26,2008,8,REG,JAX,17,CLE,23,0
2008-10-26,2008,8,REG,PIT,14,NYG,21,0
2008-10-26,2008,8,REG,SF,13,SEA,34,0
2008-10-27,2008,8,REG,TEN,31,IND,21,0
2008-11-02,2008,9,REG,BUF,17,NYJ,26,0
2008-11-02,2008,9,REG,CHI,27,DET,23,0
2008-11-02,2008,9,REG,CIN,21,JAX,19,0
2008-11-02,2008,9,REG,CLE,27,BAL,37,0
2008-11-02,2008,9,REG,KC,27,TB,30,0
2008-11-02,2008,9,REG,MIN,28,HOU,21,0
2008-11-02,2008,9,REG,STL,13,ARI,34,0
2008-11-02,2008,9,REG,TEN,19,GB,16,0
2008-11-02,2008,9,REG,DEN,17,MIA,26,0
2008-11-02,2008,9,REG,NYG,35,DAL,14,0
2008-11-02,2008,9,REG,OAK,0,ATL,24,0
2008-11-02,2008,9,REG,SEA,7,PHI,26,0
2008-11-02,2008,9,REG,IND,18,NE,15,0
2008-11-03,2008,9,REG,WAS,6,PIT,23,0
2008-11-06,2008,10,REG,CLE,30,DEN,34,0
2008-11-09,2008,10,REG,ATL,34,NO,20,0
2008-11-09,2008,10,REG,CHI,14,TEN,21,0
2008-11-09,2008,10,REG,DET,14,JAX,38,0
2008-11-09,2008,10,REG,HOU,13,BAL,41,0
2008-11-09,2008,10,REG,MIA,21,SEA,19,0
2008-11-09,2008,10,REG,MIN,28,GB,27,0
2008-11-09,2008,10,REG,NE,20,BUF,10,0
2008-11-09,2008,10,REG,NYJ,47,STL,3,0
2008-11-09,2008,10,REG,OAK,6,CAR,17,0
2008-11-09,2008,10,REG,PIT,20,IND,24,0
2008-11-09,2008,10,REG,SD,20,KC,19,0
2008-11-09,2008,10,REG,PHI,31,NYG,36,0
2008-11-10,2008,10,REG,ARI,29,SF,24,0
2008-11-13,2008,11,REG,NE,31,NYJ,34,0
2008-11-16,2008,11,REG,ATL,20,DEN,24,0
2008-11-16,2008,11,REG,CAR,31,DET,22,0
2008-11-16,2008,11,REG,CIN,13,PHI,13,0
2008-11-16,2008,11,REG,GB,37,CHI,3,0
2008-11-16,2008,11,REG,IND,33,HOU,27,0
2008-11-16,2008,11,REG,KC,20,NO,30,0
2008-11-16,2008,11,REG,MIA,17,OAK,15,0
2008-11-16,2008,11,REG,NYG,30,BAL,10,0
2008-11-16,2008,11,REG,TB,19,MIN,13,0
2008-11-16,2008,11,REG,SEA,20,ARI,26,0
2008-11-16,2008,11,REG,SF,35,STL,16,0
2008-11-16,2008,11,REG,JAX,14,TEN,24,0
2008-11-16,2008,11,REG,PIT,11,SD,10,0
2008-11-16,2008,11,REG,WAS,10,DAL,14,0
2008-11-17,2008,11,REG,BUF,27,CLE,29,0
2008-11-20,2008,12,REG,PIT,27,CIN,10,0
2008-11-23,2008,12,REG,BAL,36,PHI,7,0
2008-11-23,2008,12,REG,CLE,6,HOU,16,0
2008-11-23,2008,12,REG,DAL,35,SF,22,0
2008-11-23,2008,12,REG,DET,20,TB,38,0
2008-11-23,2008,12,REG,JAX,12,MIN,30,0
2008-11-23,2008,12,REG,KC,31,BUF,54,0
2008-11-23,2008,12,REG,MIA,28,NE,48,0
2008-11-23,2008,12,REG,STL,3,CHI,27,0
2008-11-23,2008,12,REG,TEN,13,NYJ,34,0
2008-11-23,2008,12,REG,DEN,10,OAK,31,0
2008-11-23,2008,12,REG,ARI,29,NYG,37,0
2008-11-23,2008,12,REG,ATL,45,CAR,28,0
2008-11-23,2008,12,REG,SEA,17,WAS,20,0
2008-11-23,2008,12,REG,SD,20,IND,23,0
2008-11-24,2008,12,REG,NO,51,GB,29,0
2008-11-27,2008,13,REG,DET,10,TEN,47,0
2008-11-27,2008,13,REG,DAL,34,SEA,9,0
2008-11-27,2008,13,REG,PHI,48,ARI,20,0
2008-11-30,2008,13,REG,BUF,3,SF,10,0
2008-11-30,2008,13,REG,CIN,3,BAL,34,0
2008-11-30,2008,13,REG,CLE,6,IND,10,0
2008-11-30,2008,13,REG,GB,31,CAR,35,0
2008-11-30,2008,13,REG,STL,12,MIA,16,0
2008-11-30,2008,13,REG,TB,23,NO,20,0
2008-11-30,2008,13,REG,WAS,7,NYG,23,0
2008-11-30,2008,13,REG,SD,16,ATL,22,0
2008-11-30,2008,13,REG,NE,10,PIT,33,0
2008-11-30,2008,13,REG,NYJ,17,DEN,34,0
2008-11-30,2008,13,REG,OAK,13,KC,20,0
2008-11-30,2008,13,REG,MIN,34,CHI,14,0
2008-12-01,2008,13,REG,HOU,30,JAX,17,0
2008-12-04,2008,14,REG,SD,34,OAK,7,0
2008-12-07,2008,14,REG,CHI,23,JAX,10,0
2008-12-07,2008,14,REG,DET,16,MIN,20,0
2008-12-07,2008,14,REG,GB,21,HOU,24,0
2008-12-07,2008,14,REG,IND,35,CIN,3,0
2008-12-07,2008,14,REG,NO,29,ATL,25,0
2008-12-07,2008,14,REG,NYG,14,PHI,20,0
2008-12-07,2008,14,REG,TEN,28,CLE,9,0
2008-12-07,2008,14,REG,BUF,3,MIA,16,0
2008-12-07,2008,14,REG,DEN,24,KC,17,0
2008-12-07,2008,14,REG,SEA,21,NE,24,0
2008-12-07,2008,14,REG,SF,24,NYJ,14,0
2008-12-07,2008,14,REG,ARI,34,STL,10,0
2008-12-07,2008,14,REG,PIT,20,DAL,13,0
2008-12-07,2008,14,REG,BAL,24,WAS,10,0
2008-12-08,2008,14,REG,CAR,38,TB,23,0
2008-12-11,2008,15,REG,CHI,27,NO,24,0
2008-12-14,2008,15,REG,ATL,13,TB,10,0
2008-12-14,2008,15,REG,CIN,20,WAS,13,0
2008-12-14,2008,15,REG,HOU,13,TEN,12,0
2008-12-14,2008,15,REG,IND,31,DET,21,0
2008-12-14,2008,15,REG,JAX,20,GB,16,0
2008-12-14,2008,15,REG,KC,21,SD,22,0
2008-12-14,2008,15,REG,MIA,14,SF,9,0
2008-12-14,2008,15,REG,NYJ,31,BUF,27,0
2008-12-14,2008,15,REG,STL,20,SEA,23,0
2008-12-14,2008,15,REG,ARI,14,MIN,35,0
2008-12-14,2008,15,REG,BAL,9,PIT,13,0
2008-12-14,2008,15,REG,CAR,30,DEN,10,0
2008-12-14,2008,15,REG,OAK,26,NE,49,0
2008-12-14,2008,15,REG,DAL,20,NYG,8,0
2008-12-15,2008,15,REG,PHI,30,CLE,10,0
2008-12-18,2008,16,REG,JAX,24,IND,31,0
2008-12-20,2008,16,REG,DAL,24,BAL,33,0
2008-12-21,2008,16,REG,CLE,0,CIN,14,0
2008-12-21,2008,16,REG,DET,7,NO,42,0
2008-12-21,2008,16,REG,KC,31,MIA,38,0
2008-12-21,2008,16,REG,NE,47,ARI,7,0
2008-12-21,2008,16,REG,STL,16,SF,17,0
2008-12-21,2008,16,REG,TB,24,SD,41,0
2008-12-21,2008,16,REG,TEN,31,PIT,14,0
2008-12-21,2008,16,REG,DEN,23,BUF,30,0
2008-12-21,2008,16,REG,OAK,27,HOU,16,0
2008-12-21,2008,16,REG,SEA,13,NYJ,3,0
2008-12-21,2008,16,REG,MIN,17,ATL,24,0
2008-12-21,2008,16,REG,WAS,10,PHI,3,0
2008-12-21,2008,16,REG,NYG,34,CAR,28,0
2008-12-22,2008,16,REG,CHI,20,GB,17,0
2008-12-28,2008,17,REG,ATL,31,STL,27,0
2008-12-28,2008,17,REG,BUF,0,NE,13,0
2008-12-28,2008,17,REG,CIN,16,KC,6,0
2008-12-28,2008,17,REG,GB,31,DET,21,0
2008-12-28,2008,17,REG,HOU,31,CHI,24,0
2008-12-28,2008,17,REG,IND,23,TEN,0,0
2008-12-28,2008,17,REG,MIN,20,NYG,19,0
2008-12-28,2008,17,REG,NO,31,CAR,33,0
2008-12-28,2008,17,REG,PIT,31,CLE,0,0
2008-12-28,2008,17,REG,TB,24,OAK,31,0
2008-12-28,2008,17,REG,ARI,34,SEA,21,0
2008-12-28,2008,17,REG,BAL,27,JAX,7,0
2008-12-28,2008,17,REG,NYJ,17,MIA,24,0
2008-12-28,2008,17,REG,PHI,44,DAL,6,0
2008-12-28,2008,17,REG,SF,27,WAS,24,0
2008-12-28,2008,17,REG,SD,52,DEN,21,0
2009-01-03,2008,18,WC,ARI,30,ATL,24,0
2009-01-03,2008,18,WC,SD,23,IND,17,0
2009-01-04,2008,18,WC,MIA,9,BAL,27,0
2009-01-04,2008,18,WC,MIN,14,PHI,26,0
2009-01-10,2008,19,DIV,TEN,10,BAL,13,0
2009-01-10,2008,19,DIV,CAR,13,ARI,33,0
2009-01-11,2008,19,DIV,NYG,11,PHI,23,0
2009-01-11,2008,19,DIV,PIT,35,SD,24,0
2009-01-18,2008,20,CON,ARI,32,PHI,25,0
2009-01-18,2008,20,CON,PIT,23,BAL,14,0
2009-02-01,2008,21,SB,ARI,23,PIT,27,0
2009-09-10,2009,1,REG,PIT,13,TEN,10,0
2009-09-13,2009,1,REG,ATL,19,MIA,7,0
2009-09-13,2009,1,REG,BAL,38,KC,24,0
2009-09-13,2009,1,REG,CAR,10,PHI,38,0
2009-09-13,2009,1,REG,CIN,7,DEN,12,0
2009-09-13,2009,1,REG,CLE,20,MIN,34,0
2009-09-13,2009,1,REG,HOU,7,NYJ,24,0
2009-09-13,2009,1,REG,IND,14,JAX,12,0
2009-09-13,2009,1,REG,NO,45,DET,27,0
2009-09-13,2009,1,REG,TB,21,DAL,34,0
2009-09-13,2009,1,REG,ARI,16,SF,20,0
2009-09-13,2009,1,REG,NYG,23,WAS,17,0
2009-09-13,2009,1,REG,SEA,28,STL,0,0
2009-09-13,2009,1,REG,GB,21,CHI,15,0
2009-09-14,2009,1,REG,NE,25,BUF,24,0
2009-09-14,2009,1,REG,OAK,20,SD,24,0
2009-09-20,2009,2,REG,ATL,28,CAR,20,0
2009-09-20,2009,2,REG,DET,13,MIN,27,0
2009-09-20,2009,2,REG,GB,24,CIN,31,0
2009-09-20,2009,2,REG,JAX,17,ARI,31,0
2009-09-20,2009,2,REG,KC,10,OAK,13,0
2009-09-20,2009,2,REG,NYJ,16,NE,9,0
2009-09-20,2009,2,REG,PHI,22,NO,48,0
2009-09-20,2009,2,REG,TEN,31,HOU,34,0
2009-09-20,2009,2,REG,WAS,9,STL,7,0
2009-09-20,2009,2,REG,BUF,33,TB,20,0
2009-09-20,2009,2,REG,SF,23,SEA,10,0
2009-09-20,2009,2,REG,CHI,17,PIT,14,0
2009-09-20,2009,2,REG,DEN,27,CLE,6,0
2009-09-20,2009,2,REG,SD,26,BAL,31,0
2009-09-20,2009,2,REG,DAL,31,NYG,33,0
2009-09-21,2009,2,REG,MIA,23,IND,27,0
2009-09-27,2009,3,REG,BAL,34,CLE,3,0
2009-09-27,2009,3,REG,DET,19,WAS,14,0
2009-09-27,2009,3,REG,HOU,24,JAX,31,0
2009-09-27,2009,3,REG,MIN,27,SF,24,0
2009-09-27,2009,3,REG,NE,26,ATL,10,0
2009-09-27,2009,3,REG,NYJ,24,TEN,17,0
2009-09-27,2009,3,REG,PHI,34,KC,14,0
2009-09-27,2009,3,REG,STL,17,GB,36,0
2009-09-27,2009,3,REG,TB,0,NYG,24,0
2009-09-27,2009,3,REG,BUF,7,NO,27,0
2009-09-27,2009,3,REG,SEA,19,CHI,25,0
2009-09-27,2009,3,REG,CIN,23,PIT,20,0
2009-09-27,2009,3,REG,OAK,3,DEN,23,0
2009-09-27,2009,3,REG,SD,23,MIA,13,0
2009-09-27,2009,3,REG,ARI,10,IND,31,0
2009-09-28,2009,3,REG,DAL,21,CAR,7,0
2009-10-04,2009,4,REG,CHI,48,DET,24,0
2009-10-04,2009,4,REG,CLE,20,CIN,23,0
2009-10-04,2009,4,REG,HOU,29,OAK,6,0
2009-10-04,2009,4,REG,IND,34,SEA,17,0
2009-10-04,2009,4,REG,JAX,37,TEN,17,0
2009-10-04,2009,4,REG,KC,16,NYG,27,0
2009-10-04,2009,4,REG,NE,27,BAL,21,0
2009-10-04,2009,4,REG,WAS,16,TB,13,0
2009-10-04,2009,4,REG,MIA,38,BUF,10,0
2009-10-04,2009,4,REG,NO,24,NYJ,10,0
2009-10-04,2009,4,REG,DEN,17,DAL,10,0
2009-10-04,2009,4,REG,SF,35,STL,0,0
2009-10-04,2009,4,REG,PIT,38,SD,28,0
2009-10-05,2009,4,REG,MIN,30,GB,23,0
2009-10-11,2009,5,REG,BAL,14,CIN,17,0
2009-10-11,2009,5,REG,BUF,3,CLE,6,0
2009-10-11,2009,5,REG,CAR,20,WAS,17,0
2009-10-11,2009,5,REG,DET,20,PIT,28,0
2009-10-11,2009,5,REG,KC,20,DAL,26,0
2009-10-11,2009,5,REG,NYG,44,OAK,7,0
2009-10-11,2009,5,REG,PHI,33,TB,14,0
2009-10-11,2009,5,REG,STL,10,MIN,38,0
2009-10-11,2009,5,REG,SF,10,ATL,45,0
2009-10-11,2009,5,REG,ARI,28,HOU,21,0
2009-10-11,2009,5,REG,DEN,20,NE,17,0
2009-10-11,2009,5,REG,SEA,41,JAX,0,0
2009-10-11,2009,5,REG,TEN,9,IND,31,0
2009-10-12,2009,5,REG,MIA,31,NYJ,27,0
2009-10-18,2009,6,REG,CIN,17,HOU,28,0
2009-10-18,2009,6,REG,GB,26,DET,0,0
2009-10-18,2009,6,REG,JAX,23,STL,20,0
2009-10-18,2009,6,REG,MIN,33,BAL,31,0
2009-10-18,2009,6,REG,NO,48,NYG,27,0
2009-10-18,2009,6,REG,PIT,27,CLE,14,0
2009-10-18,2009,6,REG,TB,21,CAR,28,0
2009-10-18,2009,6,REG,WAS,6,KC,14,0
2009-10-18,2009,6,REG,OAK,13,PHI,9,0
2009-10-18,2009,6,REG,SEA,3,ARI,27,0
2009-10-18,2009,6,REG,NE,59,TEN,0,0
2009-10-18,2009,6,REG,NYJ,13,BUF,16,0
2009-10-18,2009,6,REG,ATL,21,CHI,14,0
2009-10-19,2009,6,REG,SD,23,DEN,34,0
2009-10-25,2009,7,REG,CLE,3,GB,31,0
2009-10-25,2009,7,REG,HOU,24,SF,21,0
2009-10-25,2009,7,REG,KC,7,SD,37,0
2009-10-25,2009,7,REG,PIT,27,MIN,17,0
2009-10-25,2009,7,REG,STL,6,IND,42,0
2009-10-25,2009,7,REG,TB,7,NE,35,0
2009-10-25,2009,7,REG,CAR,9,BUF,20,0
2009-10-25,2009,7,REG,OAK,0,NYJ,38,0
2009-10-25,2009,7,REG,CIN,45,CHI,10,0
2009-10-25,2009,7,REG,DAL,37,ATL,21,0
2009-10-25,2009,7,REG,MIA,34,NO,46,0
2009-10-25,2009,7,REG,NYG,17,ARI,24,0
2009-10-26,2009,7,REG,WAS,17,PHI,27,0
2009-11-01,2009,8,REG,BAL,30,DEN,7,0
2009-11-01,2009,8,REG,BUF,10,HOU,31,0
2009-11-01,2009,8,REG,CHI,30,CLE,6,0
2009-11-01,2009,8,REG,DAL,38,SEA,17,0
2009-11-01,2009,8,REG,DET,10,STL,17,0
2009-11-01,2009,8,REG,IND,18,SF,14,0
2009-11-01,2009,8,REG,NYJ,25,MIA,30,0
2009-11-01,2009,8,REG,PHI,40,NYG,17,0
2009-11-01,2009,8,REG,SD,24,OAK,16,0
2009-11-01,2009,8,REG,TEN,30,JAX,13,0
2009-11-01,2009,8,REG,ARI,21,CAR,34,0
2009-11-01,2009,8,REG,GB,26,MIN,38,0
2009-11-02,2009,8,REG,NO,35,ATL,27,0
2009-11-08,2009,9,REG,ATL,31,WAS,17,0
2009-11-08,2009,9,REG,CHI,21,ARI,41,0
2009-11-08,2009,9,REG,CIN,17,BAL,7,0
2009-11-08,2009,9,REG,IND,20,HOU,17,0
2009-11-08,2009,9,REG,JAX,24,KC,21,0
2009-11-08,2009,9,REG,NE,27,MIA,17,0
2009-11-08,2009,9,REG,TB,38,GB,28,0
2009-11-08,2009,9,REG,NO,30,CAR,20,0
2009-11-08,2009,9,REG,SEA,32,DET,20,0
2009-11-08,2009,9,REG,NYG,20,SD,21,0
2009-11-08,2009,9,REG,SF,27,TEN,34,0
2009-11-08,2009,9,REG,PHI,16,DAL,20,0
2009-11-09,2009,9,REG,DEN,10,PIT,28,0
2009-11-12,2009,10,REG,SF,10,CHI,6,0
2009-11-15,2009,10,REG,CAR,28,ATL,19,0
2009-11-15,2009,10,REG,MIA,25,TB,23,0
2009-11-15,2009,10,REG,MIN,27,DET,10,0
2009-11-15,2009,10,REG,NYJ,22,JAX,24,0
2009-11-15,2009,10,REG,PIT,12,CIN,18,0
2009-11-15,2009,10,REG,STL,23,NO,28,0
2009-11-15,2009,10,REG,TEN,41,BUF,17,0
2009-11-15,2009,10,REG,WAS,27,DEN,17,0
2009-11-15,2009,10,REG,OAK,10,KC,16,0
2009-11-15,2009,10,REG,ARI,31,SEA,20,0
2009-11-15,2009,10,REG,GB,17,DAL,7,0
2009-11-15,2009,10,REG,SD,31,PHI,23,0
2009-11-15,2009,10,REG,IND,35,NE,34,0
2009-11-16,2009,10,REG,CLE,0,BAL,16,0
2009-11-19,2009,11,REG,CAR,17,MIA,24,0
2009-11-22,2009,11,REG,BAL,15,IND,17,0
2009-11-22,2009,11,REG,DAL,7,WAS,6,0
2009-11-22,2009,11,REG,DET,38,CLE,37,0
2009-11-22,2009,11,REG,GB,30,SF,24,0
2009-11-22,2009,11,REG,JAX,18,BUF,15,0
2009-11-22,2009,11,REG,KC,27,PIT,24,0
2009-11-22,2009,11,REG,MIN,35,SEA,9,0
2009-11-22,2009,11,REG,NYG,34,ATL,31,0
2009-11-22,2009,11,REG,TB,7,NO,38,0
2009-11-22,2009,11,REG,STL,13,ARI,21,0
2009-11-22,2009,11,REG,DEN,3,SD,32,0
2009-11-22,2009,11,REG,NE,31,NYJ,14,0
2009-11-22,2009,11,REG,OAK,20,CIN,17,0
2009-11-22,2009,11,REG,CHI,20,PHI,24,0
2009-11-23,2009,11,REG,HOU,17,TEN,20,0
2009-11-26,2009,12,REG,DET,12,GB,34,0
2009-11-26,2009,12,REG,DAL,24,OAK,7,0
2009-11-26,2009,12,REG,DEN,26,NYG,6,0
2009-11-29,2009,12,REG,ATL,20,TB,17,0
2009-11-29,2009,12,REG,BUF,31,MIA,14,0
2009-11-29,2009,12,REG,CIN,16,CLE,7,0
2009-11-29,2009,12,REG,HOU,27,IND,35,0
2009-11-29,2009,12,REG,NYJ,17,CAR,6,0
2009-11-29,2009,12,REG,PHI,27,WAS,24,0
2009-11-29,2009,12,REG,STL,17,SEA,27,0
2009-11-29,2009,12,REG,SD,43,KC,14,0
2009-11-29,2009,12,REG,SF,20,JAX,3,0
2009-11-29,2009,12,REG,MIN,36,CHI,10,0
2009-11-29,2009,12,REG,TEN,20,ARI,17,0
2009-11-29,2009,12,REG,BAL,20,PIT,17,0
2009-11-30,2009,12,REG,NO,38,NE,17,0
2009-12-03,2009,13,REG,BUF,13,NYJ,19,0
2009-12-06,2009,13,REG,ATL,7,PHI,34,0
2009-12-06,2009,13,REG,CAR,16,TB,6,0
2009-12-06,2009,13,REG,CHI,17,STL,9,0
2009-12-06,2009,13,REG,CIN,23,DET,13,0
2009-12-06,2009,13,REG,IND,27,TEN,17,0
2009-12-06,2009,13,REG,JAX,23,HOU,18,0
2009-12-06,2009,13,REG,KC,13,DEN,44,0
2009-12-06,2009,13,REG,MIA,22,NE,21,0
2009-12-06,2009,13,REG,PIT,24,OAK,27,0
2009-12-06,2009,13,REG,WAS,30,NO,33,0
2009-12-06,2009,13,REG,CLE,23,SD,30,0
2009-12-06,2009,13,REG,NYG,31,DAL,24,0
2009-12-06,2009,13,REG,SEA,20,SF,17,0
2009-12-06,2009,13,REG,ARI,30,MIN,17,0
2009-12-07,2009,13,REG,GB,27,BAL,14,0
2009-12-10,2009,14,REG,CLE,13,PIT,6,0
2009-12-13,2009,14,REG,ATL,23,NO,26,0
2009-12-13,2009,14,REG,BAL,48,DET,3,0
2009-12-13,2009,14,REG,CHI,14,GB,21,0
2009-12-13,2009,14,REG,HOU,34,SEA,7,0
2009-12-13,2009,14,REG,IND,28,DEN,16,0
2009-12-13,2009,14,REG,JAX,10,MIA,14,0
2009-12-13,2009,14,REG,KC,10,BUF,16,0
2009-12-13,2009,14,REG,MIN,30,CIN,10,0
2009-12-13,2009,14,REG,NE,20,CAR,10,0
2009-12-13,2009,14,REG,TB,3,NYJ,26,0
2009-12-13,2009,14,REG,OAK,13,WAS,34,0
2009-12-13,2009,14,REG,TEN,47,STL,7,0
2009-12-13,2009,14,REG,DAL,17,SD,20,0
2009-12-13,2009,14,REG,NYG,38,PHI,45,0
2009-12-14,2009,14,REG,SF,24,ARI,9,0
2009-12-17,2009,15,REG,JAX,31,IND,35,0
2009-12-19,2009,15,REG,NO,17,DAL,24,0
2009-12-20,2009,15,REG,BUF,10,NE,17,0
2009-12-20,2009,15,REG,DET,24,ARI,31,0
2009-12-20,2009,15,REG,KC,34,CLE,41,0
2009-12-20,2009,15,REG,NYJ,7,ATL,10,0
2009-12-20,2009,15,REG,STL,13,HOU,16,0
2009-12-20,2009,15,REG,TEN,27,MIA,24,0
2009-12-20,2009,15,REG,DEN,19,OAK,20,0
2009-12-20,2009,15,REG,SD,27,CIN,24,0
2009-12-20,2009,15,REG,BAL,31,CHI,7,0
2009-12-20,2009,15,REG,PHI,27,SF,13,0
2009-12-20,2009,15,REG,PIT,37,GB,36,0
2009-12-20,2009,15,REG,SEA,7,TB,24,0
2009-12-20,2009,15,REG,CAR,26,MIN,7,0
2009-12-21,2009,15,REG,WAS,12,NYG,45,0
2009-12-25,2009,16,REG,TEN,17,SD,42,0
2009-12-27,2009,16,REG,ATL,31,BUF,3,0
2009-12-27,2009,16,REG,CIN,17,KC,10,0
2009-12-27,2009,16,REG,CLE,23,OAK,9,0
2009-12-27,2009,16,REG,GB,48,SEA,10,0
2009-12-27,2009,16,REG,MIA,20,HOU,27,0
2009-12-27,2009,16,REG,NE,35,JAX,7,0
2009-12-27,2009,16,REG,NO,17,TB,20,0
2009-12-27,2009,16,REG,NYG,9,CAR,41,0
2009-12-27,2009,16,REG,PIT,23,BAL,20,0
2009-12-27,2009,16,REG,ARI,31,STL,10,0
2009-12-27,2009,16,REG,SF,20,DET,6,0
2009-12-27,2009,16,REG,IND,15,NYJ,29,0
2009-12-27,2009,16,REG,PHI,30,DEN,27,0
2009-12-27,2009,16,REG,WAS,0,DAL,17,0
2009-12-28,2009,16,REG,CHI,36,MIN,30,0
2010-01-03,2009,17,REG,BUF,30,IND,7,0
2010-01-03,2009,17,REG,CAR,23,NO,10,0
2010-01-03,2009,17,REG,CLE,23,JAX,17,0
2010-01-03,2009,17,REG,DET,23,CHI,37,0
2010-01-03,2009,17,REG,HOU,34,NE,27,0
2010-01-03,2009,17,REG,MIA,24,PIT,30,0
2010-01-03,2009,17,REG,MIN,44,NYG,7,0
2010-01-03,2009,17,REG,STL,6,SF,28,0
2010-01-03,2009,17,REG,TB,10,ATL,20,0
2010-01-03,2009,17,REG,ARI,7,GB,33,0
2010-01-03,2009,17,REG,DAL,24,PHI,0,0
2010-01-03,2009,17,REG,DEN,24,KC,44,0
2010-01-03,2009,17,REG,OAK,13,BAL,21,0
2010-01-03,2009,17,REG,SD,23,WAS,20,0
2010-01-03,2009,17,REG,SEA,13,TEN,17,0
2010-01-03,2009,17,REG,NYJ,37,CIN,0,0
2010-01-09,2009,18,WC,CIN,14,NYJ,24,0
2010-01-09,2009,18,WC,DAL,34,PHI,14,0
2010-01-10,2009,18,WC,NE,14,BAL,33,0
2010-01-10,2009,18,WC,ARI,51,GB,45,0
2010-01-16,2009,19,DIV,NO,45,ARI,14,0
2010-01-16,2009,19,DIV,IND,20,BAL,3,0
2010-01-17,2009,19,DIV,MIN,34,DAL,3,0
2010-01-17,2009,19,DIV,SD,14,NYJ,17,0
2010-01-24,2009,20,CON,IND,30,NYJ,17,0
2010-01-24,2009,20,CON,NO,31,MIN,28,0
2010-02-07,2009,21,SB,IND,17,NO,31,0
2010-09-09,2010,1,REG,NO,14,MIN,9,0
2010-09-12,2010,1,REG,BUF,10,MIA,15,0
2010-09-12,2010,1,REG,CHI,19,DET,14,0
2010-09-12,2010,1,REG,HOU,34,IND,24,0
2010-09-12,2010,1,REG,JAX,24,DEN,17,0
2010-09-12,2010,1,REG,NE,38,CIN,24,0
2010-09-12,2010,1,REG,NYG,31,CAR,18,0
2010-09-12,2010,1,REG,PIT,15,ATL,9,0
2010-09-12,2010,1,REG,TB,17,CLE,14,0
2010-09-12,2010,1,REG,TEN,38,OAK,13,0
2010-09-12,2010,1,REG,PHI,20,GB,27,0
2010-09-12,2010,1,REG,SEA,31,SF,6,0
2010-09-12,2010,1,REG,STL,13,ARI,17,0
2010-09-12,2010,1,REG,WAS,13,DAL,7,0
2010-09-13,2010,1,REG,NYJ,9,BAL,10,0
2010-09-13,2010,1,REG,KC,21,SD,14,0
2010-09-19,2010,2,REG,ATL,41,ARI,7,0
2010-09-19,2010,2,REG,CAR,7,TB,20,0
2010-09-19,2010,2,REG,CIN,15,BAL,10,0
2010-09-19,2010,2,REG,CLE,14,KC,16,0
2010-09-19,2010,2,REG,DAL,20,CHI,27,0
2010-09-19,2010,2,REG,DET,32,PHI,35,0
2010-09-19,2010,2,REG,GB,34,BUF,7,0
2010-09-19,2010,2,REG,MIN,10,MIA,14,0
2010-09-19,2010,2,REG,TEN,11,PIT,19,0
2010-09-19,2010,2,REG,DEN,31,SEA,14,0
2010-09-19,2010,2,REG,OAK,16,STL,14,0
2010-09-19,2010,2,REG,NYJ,28,NE,14,0
2010-09-19,2010,2,REG,SD,38,JAX,13,0
2010-09-19,2010,2,REG,WAS,27,HOU,30,0
2010-09-19,2010,2,REG,IND,38,NYG,14,0
2010-09-20,2010,2,REG,SF,22,NO,25,0
2010-09-26,2010,3,REG,BAL,24,CLE,17,0
2010-09-26,2010,3,REG,CAR,7,CIN,20,0
2010-09-26,2010,3,REG,HOU,13,DAL,27,0
2010-09-26,2010,3,REG,KC,31,SF,10,0
2010-09-26,2010,3,REG,MIN,24,DET,10,0
2010-09-26,2010,3,REG,NE,38,BUF,30,0
2010-09-26,2010,3,REG,NO,24,ATL,27,0
2010-09-26,2010,3,REG,NYG,10,TEN,29,0
2010-09-26,2010,3,REG,TB,13,PIT,38,0
2010-09-26,2010,3,REG,JAX,3,PHI,28,0
2010-09-26,2010,3,REG,STL,30,WAS,16,0
2010-09-26,2010,3,REG,ARI,24,OAK,23,0
2010-09-26,2010,3,REG,DEN,13,IND,27,0
2010-09-26,2010,3,REG,SEA,27,SD,20,0
2010-09-26,2010,3,REG,MIA,23,NYJ,31,0
2010-09-27,2010,3,REG,CHI,20,GB,17,0
2010-10-03,2010,4,REG,ATL,16,SF,14,0
2010-10-03,2010,4,REG,BUF,14,NYJ,38,0
2010-10-03,2010,4,REG,CLE,23,CIN,20,0
2010-10-03,2010,4,REG,GB,28,DET,26,0
2010-10-03,2010,4,REG,NO,16,CAR,14,0
2010-10-03,2010,4,REG,PIT,14,BAL,17,0
2010-10-03,2010,4,REG,STL,20,SEA,3,0
2010-10-03,2010,4,REG,TEN,20,DEN,26,0
2010-10-03,2010,4,REG,JAX,31,IND,28,0
2010-10-03,2010,4,REG,OAK,24,HOU,31,0
2010-10-03,2010,4,REG,PHI,12,WAS,17,0
2010-10-03,2010,4,REG,SD,41,ARI,10,0
2010-10-03,2010,4,REG,NYG,17,CHI,3,0
2010-10-04,2010,4,REG,MIA,14,NE,41,0
2010-10-10,2010,5,REG,BAL,31,DEN,17,0
2010-10-10,2010,5,REG,BUF,26,JAX,36,0
2010-10-10,2010,5,REG,CAR,6,CHI,23,0
2010-10-10,2010,5,REG,CIN,21,TB,24,0
2010-10-10,2010,5,REG,CLE,10,ATL,20,0
2010-10-10,2010,5,REG,DET,44,STL,6,0
2010-10-10,2010,5,REG,HOU,10,NYG,34,0
2010-10-10,2010,5,REG,IND,19,KC,9,0
2010-10-10,2010,5,REG,WAS,16,GB,13,0
2010-10-10,2010,5,REG,ARI,30,NO,20,0
2010-10-10,2010,5,REG,DAL,27,TEN,34,0
2010-10-10,2010,5,REG,OAK,35,SD,27,0
2010-10-10,2010,5,REG,SF,24,PHI,27,0
2010-10-11,2010,5,REG,NYJ,29,MIN,20,0
2010-10-17,2010,6,REG,CHI,20,SEA,23,0
2010-10-17,2010,6,REG,GB,20,MIA,23,0
2010-10-17,2010,6,REG,HOU,35,KC,31,0
2010-10-17,2010,6,REG,NE,23,BAL,20,0
2010-10-17,2010,6,REG,NYG,28,DET,20,0
2010-10-17,2010,6,REG,PHI,31,ATL,17,0
2010-10-17,2010,6,REG,PIT,28,CLE,10,0
2010-10-17,2010,6,REG,STL,20,SD,17,0
2010-10-17,2010,6,REG,TB,6,NO,31,0
2010-10-17,2010,6,REG,DEN,20,NYJ,24,0
2010-10-17,2010,6,REG,SF,17,OAK,9,0
2010-10-17,2010,6,REG,MIN,24,DAL,21,0
2010-10-17,2010,6,REG,WAS,24,IND,27,0
2010-10-18,2010,6,REG,JAX,3,TEN,30,0
2010-10-24,2010,7,REG,ATL,39,CIN,32,0
2010-10-24,2010,7,REG,BAL,37,BUF,34,0
2010-10-24,2010,7,REG,CAR,23,SF,20,0
2010-10-24,2010,7,REG,CHI,14,WAS,17,0
2010-10-24,2010,7,REG,KC,42,JAX,20,0
2010-10-24,2010,7,REG,MIA,22,PIT,23,0
2010-10-24,2010,7,REG,NO,17,CLE,30,0
2010-10-24,2010,7,REG,TB,18,STL,17,0
2010-10-24,2010,7,REG,TEN,37,PHI,19,0
2010-10-24,2010,7,REG,SEA,22,ARI,10,0
2010-10-24,2010,7,REG,DEN,14,OAK,59,0
2010-10-24,2010,7,REG,SD,20,NE,23,0
2010-10-24,2010,7,REG,GB,28,MIN,24,0
2010-10-25,2010,7,REG,DAL,35,NYG,41,0
2010-10-31,2010,8,REG,CIN,14,MIA,22,0
2010-10-31,2010,8,REG,DAL,17,JAX,35,0
2010-10-31,2010,8,REG,DET,37,WAS,25,0
2010-10-31,2010,8,REG,KC,13,BUF,10,0
2010-10-31,2010,8,REG,NYJ,0,GB,9,0
2010-10-31,2010,8,REG,SF,24,DEN,16,0
2010-10-31,2010,8,REG,STL,20,CAR,10,0
2010-10-31,2010,8,REG,SD,33,TEN,25,0
2010-10-31,2010,8,REG,ARI,35,TB,38,0
2010-10-31,2010,8,REG,NE,28,MIN,18,0
2010-10-31,2010,8,REG,OAK,33,SEA,3,0
2010-10-31,2010,8,REG,NO,20,PIT,10,0
2010-11-01,2010,8,REG,IND,30,HOU,17,0
2010-11-07,2010,9,REG,ATL,27,TB,21,0
2010-11-07,2010,9,REG,BAL,26,MIA,10,0
2010-11-07,2010,9,REG,BUF,19,CHI,22,0
2010-11-07,2010,9,REG,CAR,3,NO,34,0
2010-11-07,2010,9,REG,CLE,34,NE,14,0
2010-11-07,2010,9,REG,DET,20,NYJ,23,0
2010-11-07,2010,9,REG,HOU,23,SD,29,0
2010-11-07,2010,9,REG,MIN,27,ARI,24,0
2010-11-07,2010,9,REG,SEA,7,NYG,41,0
2010-11-07,2010,9,REG,OAK,23,KC,20,0
2010-11-07,2010,9,REG,PHI,26,IND,24,0
2010-11-07,2010,9,REG,GB,45,DAL,7,0
2010-11-08,2010,9,REG,CIN,21,PIT,27,0
2010-11-11,2010,10,REG,ATL,26,BAL,21,0
2010-11-14,2010,10,REG,BUF,14,DET,12,0
2010-11-14,2010,10,REG,CHI,27,MIN,13,0
2010-11-14,2010,10,REG,CLE,20,NYJ,26,0
2010-11-14,2010,10,REG,IND,23,CIN,17,0
2010-11-14,2010,10,REG,JAX,31,HOU,24,0
2010-11-14,2010,10,REG,MIA,29,TEN,17,0
2010-11-14,2010,10,REG,TB,31,CAR,16,0
2010-11-14,2010,10,REG,DEN,49,KC,29,0
2010-11-14,2010,10,REG,ARI,18,SEA,36,0
2010-11-14,2010,10,REG,NYG,20,DAL,33,0
2010-11-14,2010,10,REG,SF,23,STL,20,0
2010-11-14,2010,10,REG,PIT,26,NE,39,0
2010-11-15,2010,10,REG,WAS,28,PHI,59,0
2010-11-18,2010,11,REG,MIA,0,CHI,16,0
2010-11-21,2010,11,REG,CAR,13,BAL,37,0
2010-11-21,2010,11,REG,CIN,31,BUF,49,0
2010-11-21,2010,11,REG,DAL,35,DET,19,0
2010-11-21,2010,11,REG,JAX,24,CLE,20,0
2010-11-21,2010,11,REG,KC,31,ARI,13,0
2010-11-21,2010,11,REG,MIN,3,GB,31,0
2010-11-21,2010,11,REG,NYJ,30,HOU,27,0
2010-11-21,2010,11,REG,PIT,35,OAK,3,0
2010-11-21,2010,11,REG,TEN,16,WAS,19,0
2010-11-21,2010,11,REG,NO,34,SEA,19,0
2010-11-21,2010,11,REG,SF,0,TB,21,0
2010-11-21,2010,11,REG,STL,17,ATL,34,0
2010-11-21,2010,11,REG,NE,31,IND,28,0
2010-11-21,2010,11,REG,PHI,27,NYG,17,0
2010-11-22,2010,11,REG,SD,35,DEN,14,0
2010-11-25,2010,12,REG,DET,24,NE,45,0
2010-11-25,2010,12,REG,DAL,27,NO,30,0
2010-11-25,2010,12,REG,NYJ,26,CIN,10,0
2010-11-28,2010,12,REG,ATL,20,GB,17,0
2010-11-28,2010,12,REG,BUF,16,PIT,19,0
2010-11-28,2010,12,REG,CLE,24,CAR,23,0
2010-11-28,2010,12,REG,HOU,20,TEN,0,0
2010-11-28,2010,12,REG,NYG,24,JAX,20,0
2010-11-28,2010,12,REG,WAS,13,MIN,17,0
2010-11-28,2010,12,REG,OAK,17,MIA,33,0
2010-11-28,2010,12,REG,SEA,24,KC,42,0
2010-11-28,2010,12,REG,BAL,17,TB,10,0
2010-11-28,2010,12,REG,CHI,31,PHI,26,0
2010-11-28,2010,12,REG,DEN,33,STL,36,0
2010-11-28,2010,12,REG,IND,14,SD,36,0
2010-11-29,2010,12,REG,ARI,6,SF,27,0
2010-12-02,2010,13,REG,PHI,34,HOU,24,0
2010-12-05,2010,13,REG,CIN,30,NO,34,0
2010-12-05,2010,13,REG,DET,20,CHI,24,0
2010-12-05,2010,13,REG,GB,34,SF,16,0
2010-12-05,2010,13,REG,KC,10,DEN,6,0
2010-12-05,2010,13,REG,MIA,10,CLE,13,0
2010-12-05,2010,13,REG,MIN,38,BUF,14,0
2010-12-05,2010,13,REG,NYG,31,WAS,7,0
2010-12-05,2010,13,REG,TEN,6,JAX,17,0
2010-12-05,2010,13,REG,SD,13,OAK,28,0
2010-12-05,2010,13,REG,ARI,6,STL,19,0
2010-12-05,2010,13,REG,IND,35,DAL,38,0
2010-12-05,2010,13,REG,SEA,31,CAR,14,0
2010-12-05,2010,13,REG,TB,24,ATL,28,0
2010-12-05,2010,13,REG,BAL,10,PIT,13,0
2010-12-06,2010,13,REG,NE,45,NYJ,3,0
2010-12-09,2010,14,REG,TEN,28,IND,30,0
2010-12-12,2010,14,REG,BUF,13,CLE,6,0
2010-12-12,2010,14,REG,CAR,10,ATL,31,0
2010-12-12,2010,14,REG,DET,7,GB,3,0
2010-12-12,2010,14,REG,JAX,38,OAK,31,0
2010-12-12,2010,14,REG,PIT,23,CIN,7,0
2010-12-12,2010,14,REG,WAS,16,TB,17,0
2010-12-12,2010,14,REG,NO,31,STL,13,0
2010-12-12,2010,14,REG,SF,40,SEA,21,0
2010-12-12,2010,14,REG,ARI,43,DEN,13,0
2010-12-12,2010,14,REG,CHI,7,NE,36,0
2010-12-12,2010,14,REG,NYJ,6,MIA,10,0
2010-12-12,2010,14,REG,SD,31,KC,0,0
2010-12-12,2010,14,REG,DAL,27,PHI,30,0
2010-12-13,2010,14,REG,MIN,3,NYG,21,0
2010-12-13,2010,14,REG,HOU,28,BAL,34,0
2010-12-16,2010,15,REG,SD,34,SF,7,0
2010-12-19,2010,15,REG,BAL,30,NO,24,0
2010-12-19,2010,15,REG,CAR,19,ARI,12,0
2010-12-19,2010,15,REG,CIN,19,CLE,17,0
2010-12-19,2010,15,REG,DAL,33,WAS,30,0
2010-12-19,2010,15,REG,IND,34,JAX,24,0
2010-12-19,2010,15,REG,MIA,14,BUF,17,0
2010-12-19,2010,15,REG,NYG,31,PHI,38,0
2010-12-19,2010,15,REG,STL,13,KC,27,0
2010-12-19,2010,15,REG,TB,20,DET,23,0
2010-12-19,2010,15,REG,TEN,31,HOU,17,0
2010-12-19,2010,15,REG,SEA,18,ATL,34,0
2010-12-19,2010,15,REG,OAK,39,DEN,23,0
2010-12-19,2010,15,REG,PIT,17,NYJ,22,0
2010-12-19,2010,15,REG,NE,31,GB,27,0
2010-12-20,2010,15,REG,MIN,14,CHI,40,0
2010-12-23,2010,16,REG,PIT,27,CAR,3,0
2010-12-25,2010,16,REG,ARI,27,DAL,26,0
2010-12-26,2010,16,REG,BUF,3,NE,34,0
2010-12-26,2010,16,REG,CHI,38,NYJ,34,0
2010-12-26,2010,16,REG,CLE,10,BAL,20,0
2010-12-26,2010,16,REG,JAX,17,WAS,20,0
2010-12-26,2010,16,REG,KC,34,TEN,14,0
2010-12-26,2010,16,REG,MIA,27,DET,34,0
2010-12-26,2010,16,REG,STL,25,SF,17,0
2010-12-26,2010,16,REG,CIN,34,SD,20,0
2010-12-26,2010,16,REG,DEN,24,HOU,23,0
2010-12-26,2010,16,REG,OAK,26,IND,31,0
2010-12-26,2010,16,REG,GB,45,NYG,17,0
2010-12-26,2010,16,REG,TB,38,SEA,15,0
2010-12-27,2010,16,REG,ATL,14,NO,17,0
2010-12-28,2010,16,REG,PHI,14,MIN,24,0
2011-01-02,2010,17,REG,ATL,31,CAR,10,0
2011-01-02,2010,17,REG,BAL,13,CIN,7,0
2011-01-02,2010,17,REG,CLE,9,PIT,41,0
2011-01-02,2010,17,REG,DET,20,MIN,13,0
2011-01-02,2010,17,REG,KC,10,OAK,31,0
2011-01-02,2010,17,REG,NE,38,MIA,7,0
2011-01-02,2010,17,REG,NO,13,TB,23,0
2011-01-02,2010,17,REG,NYJ,38,BUF,7,0
2011-01-02,2010,17,REG,DEN,28,SD,33,0
2011-01-02,2010,17,REG,GB,10,CHI,3,0
2011-01-02,2010,17,REG,HOU,34,JAX,17,0
2011-01-02,2010,17,REG,IND,23,TEN,20,0
2011-01-02,2010,17,REG,PHI,13,DAL,14,0
2011-01-02,2010,17,REG,SF,38,ARI,7,0
2011-01-02,2010,17,REG,WAS,14,NYG,17,0
2011-01-02,2010,17,REG,SEA,16,STL,6,0
2011-01-08,2010,18,WC,SEA,41,NO,36,0
2011-01-08,2010,18,WC,IND,16,NYJ,17,0
2011-01-09,2010,18,WC,KC,7,BAL,30,0
2011-01-09,2010,18,WC,PHI,16,GB,21,0
2011-01-15,2010,19,DIV,PIT,31,BAL,24,0
2011-01-15,2010,19,DIV,ATL,21,GB,48,0
2011-01-16,2010,19,DIV,CHI,35,SEA,24,0
2011-01-16,2010,19,DIV,NE,21,NYJ,28,0
2011-01-23,2010,20,CON,CHI,14,GB,21,0
2011-01-23,2010,20,CON,PIT,24,NYJ,19,0
2011-02-06,2010,21,SB,GB,31,PIT,25,0
2011-09-08,2011,1,REG,GB,42,NO,34,0
2011-09-11,2011,1,REG,BAL,35,PIT,7,0
2011-09-11,2011,1,REG,CHI,30,ATL,12,0
2011-09-11,2011,1,REG,CLE,17,CIN,27,0
2011-09-11,2011,1,REG,HOU,34,IND,7,0
2011-09-11,2011,1,REG,JAX,16,TEN,14,0
2011-09-11,2011,1,REG,KC,7,BUF,41,0
2011-09-11,2011,1,REG,STL,13,PHI,31,0
2011-09-11,2011,1,REG,TB,20,DET,27,0
2011-09-11,2011,1,REG,ARI,28,CAR,21,0
2011-09-11,2011,1,REG,SD,24,MIN,17,0
2011-09-11,2011,1,REG,SF,33,SEA,17,0
2011-09-11,2011,1,REG,WAS,28,NYG,14,0
2011-09-11,2011,1,REG,NYJ,27,DAL,24,0
2011-09-12,2011,1,REG,MIA,24,NE,38,0
2011-09-12,2011,1,REG,DEN,20,OAK,23,0
2011-09-18,2011,2,REG,BUF,38,OAK,35,0
2011-09-18,2011,2,REG,CAR,23,GB,30,0
2011-09-18,2011,2,REG,DET,48,KC,3,0
2011-09-18,2011,2,REG,IND,19,CLE,27,0
2011-09-18,2011,2,REG,MIN,20,TB,24,0
2011-09-18,2011,2,REG,NO,30,CHI,13,0
2011-09-18,2011,2,REG,NYJ,32,JAX,3,0
2011-09-18,2011,2,REG,PIT,24,SEA,0,0
2011-09-18,2011,2,REG,TEN,26,BAL,13,0
2011-09-18,2011,2,REG,WAS,22,ARI,21,0
2011-09-18,2011,2,REG,SF,24,DAL,27,0
2011-09-18,2011,2,REG,DEN,24,CIN,22,0
2011-09-18,2011,2,REG,MIA,13,HOU,23,0
2011-09-18,2011,2,REG,NE,35,SD,21,0
2011-09-18,2011,2,REG,ATL,35,PHI,31,0
2011-09-19,2011,2,REG,NYG,28,STL,16,0
2011-09-25,2011,3,REG,BUF,34,NE,31,0
2011-09-25,2011,3,REG,CAR,16,JAX,10,0
2011-09-25,2011,3,REG,CIN,8,SF,13,0
2011-09-25,2011,3,REG,CLE,17,MIA,16,0
2011-09-25,2011,3,REG,MIN,23,DET,26,0
2011-09-25,2011,3,REG,NO,40,HOU,33,0
2011-09-25,2011,3,REG,PHI,16,NYG,29,0
2011-09-25,2011,3,REG,TEN,17,DEN,14,0
2011-09-25,2011,3,REG,OAK,34,NYJ,24,0
2011-09-25,2011,3,REG,SD,20,KC,17,0
2011-09-25,2011,3,REG,STL,7,BAL,37,0
2011-09-25,2011,3,REG,CHI,17,GB,27,0
2011-09-25,2011,3,REG,SEA,13,ARI,10,0
2011-09-25,2011,3,REG,TB,16,ATL,13,0
2011-09-25,2011,3,REG,IND,20,PIT,23,0
2011-09-26,2011,3,REG,DAL,18,WAS,16,0
2011-10-02,2011,4,REG,CHI,34,CAR,29,0
2011-10-02,2011,4,REG,CIN,23,BUF,20,0
2011-10-02,2011,4,REG,CLE,13,TEN,31,0
2011-10-02,2011,4,REG,DAL,30,DET,34,0
2011-10-02,2011,4,REG,HOU,17,PIT,10,0
2011-10-02,2011,4,REG,JAX,10,NO,23,0
2011-10-02,2011,4,REG,KC,22,MIN,17,0
2011-10-02,2011,4,REG,PHI,23,SF,24,0
2011-10-02,2011,4,REG,STL,10,WAS,17,0
2011-10-02,2011,4,REG,ARI,27,NYG,31,0
2011-10-02,2011,4,REG,SEA,28,ATL,30,0
2011-10-02,2011,4,REG,GB,49,DEN,23,0
2011-10-02,2011,4,REG,OAK,19,NE,31,0
2011-10-02,2011,4,REG,SD,26,MIA,16,0
2011-10-02,2011,4,REG,BAL,34,NYJ,17,0
2011-10-03,2011,4,REG,TB,24,IND,17,0
2011-10-09,2011,5,REG,BUF,31,PHI,24,0
2011-10-09,2011,5,REG,CAR,27,NO,30,0
2011-10-09,2011,5,REG,HOU,20,OAK,25,0
2011-10-09,2011,5,REG,IND,24,KC,28,0
2011-10-09,2011,5,REG,JAX,20,CIN,30,0
2011-10-09,2011,5,REG,MIN,34,ARI,10,0
2011-10-09,2011,5,REG,NYG,25,SEA,36,0
2011-10-09,2011,5,REG,PIT,38,TEN,17,0
2011-10-09,2011,5,REG,SF,48,TB,3,0
2011-10-09,2011,5,REG,DEN,24,SD,29,0
2011-10-09,2011,5,REG,NE,30,NYJ,21,0
2011-10-09,2011,5,REG,ATL,14,GB,25,0
2011-10-10,2011,5,REG,DET,24,CHI,13,0
2011-10-16,2011,6,REG,ATL,31,CAR,17,0
2011-10-16,2011,6,REG,CIN,27,IND,17,0
2011-10-16,2011,6,REG,DET,19,SF,25,0
2011-10-16,2011,6,REG,GB,24,STL,3,0
2011-10-16,2011,6,REG,NYG,27,BUF,24,0
2011-10-16,2011,6,REG,PIT,17,JAX,13,0
2011-10-16,2011,6,REG,WAS,13,PHI,20,0
2011-10-16,2011,6,REG,BAL,29,HOU,14,0
2011-10-16,2011,6,REG,OAK,24,CLE,17,0
2011-10-16,2011,6,REG,NE,20,DAL,16,0
2011-10-16,2011,6,REG,TB,26,NO,20,0
2011-10-16,2011,6,REG,CHI,39,MIN,10,0
2011-10-17,2011,6,REG,NYJ,24,MIA,6,0
2011-10-23,2011,7,REG,CAR,33,WAS,20,0
2011-10-23,2011,7,REG,CLE,6,SEA,3,0
2011-10-23,2011,7,REG,DET,16,ATL,23,0
2011-10-23,2011,7,REG,MIA,15,DEN,18,0
2011-10-23,2011,7,REG,NYJ,27,SD,21,0
2011-10-23,2011,7,REG,TB,18,CHI,24,0
2011-10-23,2011,7,REG,TEN,7,HOU,41,0
2011-10-23,2011,7,REG,ARI,20,PIT,32,0
2011-10-23,2011,7,REG,OAK,0,KC,28,0
2011-10-23,2011,7,REG,DAL,34,STL,7,0
2011-10-23,2011,7,REG,MIN,27,GB,33,0
2011-10-23,2011,7,REG,NO,62,IND,7,0
2011-10-24,2011,7,REG,JAX,12,BAL,7,0
2011-10-30,2011,8,REG,BAL,30,ARI,27,0
2011-10-30,2011,8,REG,CAR,21,MIN,24,0
2011-10-30,2011,8,REG,HOU,24,JAX,14,0
2011-10-30,2011,8,REG,NYG,20,MIA,17,0
2011-10-30,2011,8,REG,STL,31,NO,21,0
2011-10-30,2011,8,REG,TEN,27,IND,10,0
2011-10-30,2011,8,REG,BUF,23,WAS,0,0
2011-10-30,2011,8,REG,DEN,10,DET,45,0
2011-10-30,2011,8,REG,PIT,25,NE,17,0
2011-10-30,2011,8,REG,SEA,12,CIN,34,0
2011-10-30,2011,8,REG,SF,20,CLE,10,0
2011-10-30,2011,8,REG,PHI,34,DAL,7,0
2011-10-31,2011,8,REG,KC,23,SD,20,0
2011-11-06,2011,9,REG,BUF,11,NYJ,27,0
2011-11-06,2011,9,REG,DAL,23,SEA,13,0
2011-11-06,2011,9,REG,HOU,30,CLE,12,0
2011-11-06,2011,9,REG,IND,7,ATL,31,0
2011-11-06,2011,9,REG,KC,3,MIA,31,0
2011-11-06,2011,9,REG,NO,27,TB,16,0
2011-11-06,2011,9,REG,WAS,11,SF,19,0
2011-11-06,2011,9,REG,OAK,24,DEN,38,0
2011-11-06,2011,9,REG,TEN,17,CIN,24,0
2011-11-06,2011,9,REG,ARI,19,STL,13,0
2011-11-06,2011,9,REG,NE,20,NYG,24,0
2011-11-06,2011,9,REG,SD,38,GB,45,0
2011-11-06,2011,9,REG,PIT,20,BAL,23,0
2011-11-07,2011,9,REG,PHI,24,CHI,30,0
2011-11-10,2011,10,REG,SD,17,OAK,24,0
2011-11-13,2011,10,REG,ATL,23,NO,26,0
2011-11-13,2011,10,REG,CAR,3,TEN,30,0
2011-11-13,2011,10,REG,CIN,17,PIT,24,0
2011-11-13,2011,10,REG,CLE,12,STL,13,0
2011-11-13,2011,10,REG,DAL,44,BUF,7,0
2011-11-13,2011,10,REG,IND,3,JAX,17,0
2011-11-13,2011,10,REG,KC,10,DEN,17,0
2011-11-13,2011,10,REG,MIA,20,WAS,9,0
2011-11-13,2011,10,REG,PHI,17,ARI,21,0
2011-11-13,2011,10,REG,TB,9,HOU,37,0
2011-11-13,2011,10,REG,SEA,22,BAL,17,0
2011-11-13,2011,10,REG,CHI,37,DET,13,0
2011-11-13,2011,10,REG,SF,27,NYG,20,0
2011-11-13,2011,10,REG,NYJ,16,NE,37,0
2011-11-14,2011,10,REG,GB,45,MIN,7,0
2011-11-17,2011,11,REG,DEN,17,NYJ,13,0
2011-11-20,2011,11,REG,BAL,31,CIN,24,0
2011-11-20,2011,11,REG,CLE,14,JAX,10,0
2011-11-20,2011,11,REG,DET,49,CAR,35,0
2011-11-20,2011,11,REG,GB,35,TB,26,0
2011-11-20,2011,11,REG,MIA,35,BUF,8,0
2011-11-20,2011,11,REG,MIN,21,OAK,27,0
2011-11-20,2011,11,REG,WAS,24,DAL,27,0
2011-11-20,2011,11,REG,SF,23,ARI,7,0
2011-11-20,2011,11,REG,STL,7,SEA,24,0
2011-11-20,2011,11,REG,ATL,23,TEN,17,0
2011-11-20,2011,11,REG,CHI,31,SD,20,0
2011-11-20,2011,11,REG,NYG,10,PHI,17,0
2011-11-21,2011,11,REG,NE,34,KC,3,0
2011-11-24,2011,12,REG,DET,15,GB,27,0
2011-11-24,2011,12,REG,DAL,20,MIA,19,0
2011-11-24,2011,12,REG,BAL,16,SF,6,0
2011-11-27,2011,12,REG,ATL,24,MIN,14,0
2011-11-27,2011,12,REG,CIN,23,CLE,20,0
2011-11-27,2011,12,REG,IND,19,CAR,27,0
2011-11-27,2011,12,REG,JAX,13,HOU,20,0
2011-11-27,2011,12,REG,NYJ,28,BUF,24,0
2011-11-27,2011,12,REG,STL,20,ARI,23,0
2011-11-27,2011,12,REG,TEN,23,TB,17,0
2011-11-27,2011,12,REG,OAK,25,CHI,20,0
2011-11-27,2011,12,REG,SEA,17,WAS,23,0
2011-11-27,2011,12,REG,PHI,20,NE,38,0
2011-11-27,2011,12,REG,SD,13,DEN,16,0
2011-11-27,2011,12,REG,KC,9,PIT,13,0
2011-11-28,2011,12,REG,NO,49,NYG,24,0
2011-12-01,2011,13,REG,SEA,31,PHI,14,0
2011-12-04,2011,13,REG,BUF,17,TEN,23,0
2011-12-04,2011,13,REG,CHI,3,KC,10,0
2011-12-04,2011,13,REG,HOU,17,ATL,10,0
2011-12-04,2011,13,REG,MIA,34,OAK,14,0
2011-12-04,2011,13,REG,MIN,32,DEN,35,0
2011-12-04,2011,13,REG,NE,31,IND,24,0
2011-12-04,2011,13,REG,PIT,35,CIN,7,0
2011-12-04,2011,13,REG,TB,19,CAR,38,0
2011-12-04,2011,13,REG,WAS,19,NYJ,34,0
2011-12-04,2011,13,REG,CLE,10,BAL,24,0
2011-12-04,2011,13,REG,ARI,19,DAL,13,0
2011-12-04,2011,13,REG,NYG,35,GB,38,0
2011-12-04,2011,13,REG,SF,26,STL,0,0
2011-12-04,2011,13,REG,NO,31,DET,17,0
2011-12-05,2011,13,REG,JAX,14,SD,38,0
2011-12-08,2011,14,REG,PIT,14,CLE,3,0
2011-12-11,2011,14,REG,BAL,24,IND,10,0
2011-12-11,2011,14,REG,CAR,23,ATL,31,0
2011-12-11,2011,14,REG,CIN,19,HOU,20,0
2011-12-11,2011,14,REG,DET,34,MIN,28,0
2011-12-11,2011,14,REG,JAX,41,TB,14,0
2011-12-11,2011,14,REG,MIA,10,PHI,26,0
2011-12-11,2011,14,REG,NYJ,37,KC,10,0
2011-12-11,2011,14,REG,TEN,17,NO,22,0
2011-12-11,2011,14,REG,WAS,27,NE,34,0
2011-12-11,2011,14,REG,ARI,21,SF,19,0
2011-12-11,2011,14,REG,DEN,13,CHI,10,0
2011-12-11,2011,14,REG,GB,46,OAK,16,0
2011-12-11,2011,14,REG,SD,37,BUF,10,0
2011-12-11,2011,14,REG,DAL,34,NYG,37,0
2011-12-12,2011,14,REG,SEA,30,STL,13,0
2011-12-15,2011,15,REG,ATL,41,JAX,14,0
2011-12-17,2011,15,REG,TB,15,DAL,31,0
2011-12-18,2011,15,REG,BUF,23,MIA,30,0
2011-12-18,2011,15,REG,CHI,14,SEA,38,0
2011-12-18,2011,15,REG,HOU,13,CAR,28,0
2011-12-18,2011,15,REG,IND,27,TEN,13,0
2011-12-18,2011,15,REG,KC,19,GB,14,0
2011-12-18,2011,15,REG,MIN,20,NO,42,0
2011-12-18,2011,15,REG,NYG,10,WAS,23,0
2011-12-18,2011,15,REG,STL,13,CIN,20,0
2011-12-18,2011,15,REG,OAK,27,DET,28,0
2011-12-18,2011,15,REG,ARI,20,CLE,17,0
2011-12-18,2011,15,REG,DEN,23,NE,41,0
2011-12-18,2011,15,REG,PHI,45,NYJ,19,0
2011-12-18,2011,15,REG,SD,34,BAL,14,0
2011-12-19,2011,15,REG,SF,20,PIT,3,0
2011-12-22,2011,16,REG,IND,19,HOU,16,0
2011-12-24,2011,16,REG,BAL,20,CLE,14,0
2011-12-24,2011,16,REG,BUF,40,DEN,14,0
2011-12-24,2011,16,REG,CAR,48,TB,16,0
2011-12-24,2011,16,REG,CIN,23,ARI,16,0
2011-12-24,2011,16,REG,KC,13,OAK,16,0
2011-12-24,2011,16,REG,NE,27,MIA,24,0
2011-12-24,2011,16,REG,NYJ,14,NYG,29,0
2011-12-24,2011,16,REG,PIT,27,STL,0,0
2011-12-24,2011,16,REG,TEN,23,JAX,17,0
2011-12-24,2011,16,REG,WAS,26,MIN,33,0
2011-12-24,2011,16,REG,DET,38,SD,10,0
2011-12-24,2011,16,REG,DAL,7,PHI,20,0
2011-12-24,2011,16,REG,SEA,17,SF,19,0
2011-12-25,2011,16,REG,GB,35,CHI,21,0
2011-12-26,2011,16,REG,NO,45,ATL,16,0
2012-01-01,2011,17,REG,GB,45,DET,41,0
2012-01-01,2011,17,REG,HOU,22,TEN,23,0
2012-01-01,2011,17,REG,JAX,19,IND,13,0
2012-01-01,2011,17,REG,MIA,19,NYJ,17,0
2012-01-01,2011,17,REG,MIN,13,CHI,17,0
2012-01-01,2011,17,REG,NE,49,BUF,21,0
2012-01-01,2011,17,REG,NO,45,CAR,17,0
2012-01-01,2011,17,REG,PHI,34,WAS,10,0
2012-01-01,2011,17,REG,STL,27,SF,34,0
2012-01-01,2011,17,REG,ARI,23,SEA,20,0
2012-01-01,2011,17,REG,ATL,45,TB,24,0
2012-01-01,2011,17,REG,CIN,16,BAL,24,0
2012-01-01,2011,17,REG,CLE,9,PIT,13,0
2012-01-01,2011,17,REG,DEN,3,KC,7,0
2012-01-01,2011,17,REG,OAK,26,SD,38,0
2012-01-01,2011,17,REG,NYG,31,DAL,14,0
2012-01-07,2011,18,WC,HOU,31,CIN,10,0
2012-01-07,2011,18,WC,NO,45,DET,28,0
2012-01-08,2011,18,WC,NYG,24,ATL,2,0
2012-01-08,2011,18,WC,DEN,29,PIT,23,0
2012-01-14,2011,19,DIV,SF,36,NO,32,0
2012-01-14,2011,19,DIV,NE,45,DEN,10,0
2012-01-15,2011,19,DIV,BAL,20,HOU,13,0
2012-01-15,2011,19,DIV,GB,20,NYG,37,0
2012-01-22,2011,20,CON,NE,23,BAL,20,0
2012-01-22,2011,20,CON,SF,17,NYG,20,0
2012-02-05,2011,21,SB,NE,17,NYG,21,0
2012-09-05,2012,1,REG,NYG,17,DAL,24,0
2012-09-09,2012,1,REG,CHI,41,IND,21,0
2012-09-09,2012,1,REG,CLE,16,PHI,17,0
2012-09-09,2012,1,REG,DET,27,STL,23,0
2012-09-09,2012,1,REG,HOU,30,MIA,10,0
2012-09-09,2012,1,REG,KC,24,ATL,40,0
2012-09-09,2012,1,REG,MIN,26,JAX,23,0
2012-09-09,2012,1,REG,NO,32,WAS,40,0
2012-09-09,2012,1,REG,NYJ,48,BUF,28,0
2012-09-09,2012,1,REG,TEN,13,NE,34,0
2012-09-09,2012,1,REG,ARI,20,SEA,16,0
2012-09-09,2012,1,REG,GB,22,SF,30,0
2012-09-09,2012,1,REG,TB,16,CAR,10,0
2012-09-09,2012,1,REG,DEN,31,PIT,19,0
2012-09-10,2012,1,REG,BAL,44,CIN,13,0
2012-09-10,2012,1,REG,OAK,14,SD,22,0
2012-09-13,2012,2,REG,GB,23,CHI,10,0
2012-09-16,2012,2,REG,BUF,35,KC,17,0
2012-09-16,2012,2,REG,CAR,35,NO,27,0
2012-09-16,2012,2,REG,CIN,34,CLE,27,0
2012-09-16,2012,2,REG,IND,23,MIN,20,0
2012-09-16,2012,2,REG,JAX,7,HOU,27,0
2012-09-16,2012,2,REG,MIA,35,OAK,13,0
2012-09-16,2012,2,REG,NE,18,ARI,20,0
2012-09-16,2012,2,REG,NYG,41,TB,34,0
2012-09-16,2012,2,REG,PHI,24,BAL,23,0
2012-09-16,2012,2,REG,SEA,27,DAL,7,0
2012-09-16,2012,2,REG,STL,31,WAS,28,0
2012-09-16,2012,2,REG,PIT,27,NYJ,10,0
2012-09-16,2012,2,REG,SD,38,TEN,10,0
2012-09-16,2012,2,REG,SF,27,DET,19,0
2012-09-17,2012,2,REG,ATL,27,DEN,21,0
2012-09-20,2012,3,REG,CAR,7,NYG,36,0
2012-09-23,2012,3,REG,CHI,23,STL,6,0
2012-09-23,2012,3,REG,CLE,14,BUF,24,0
2012-09-23,2012,3,REG,DAL,16,TB,10,0
2012-09-23,2012,3,REG,IND,17,JAX,22,0
2012-09-23,2012,3,REG,MIA,20,NYJ,23,0
2012-09-23,2012,3,REG,MIN,24,SF,13,0
2012-09-23,2012,3,REG,NO,24,KC,27,0
2012-09-23,2012,3,REG,TEN,44,DET,41,0
2012-09-23,2012,3,REG,WAS,31,CIN,38,0
2012-09-23,2012,3,REG,ARI,27,PHI,6,0
2012-09-23,2012,3,REG,SD,3,ATL,27,0
2012-09-23,2012,3,REG,DEN,25,HOU,31,0
2012-09-23,2012,3,REG,OAK,34,PIT,31,0
2012-09-23,2012,3,REG,BAL,31,NE,30,0
2012-09-24,2012,3,REG,SEA,14,GB,12,0
2012-09-27,2012,4,REG,BAL,23,CLE,16,0
2012-09-30,2012,4,REG,ATL,30,CAR,28,0
2012-09-30,2012,4,REG,BUF,28,NE,52,0
2012-09-30,2012,4,REG,DET,13,MIN,20,0
2012-09-30,2012,4,REG,HOU,38,TEN,14,0
2012-09-30,2012,4,REG,KC,20,SD,37,0
2012-09-30,2012,4,REG,NYJ,0,SF,34,0
2012-09-30,2012,4,REG,STL,19,SEA,13,0
2012-09-30,2012,4,REG,ARI,24,MIA,21,0
2012-09-30,2012,4,REG,DEN,37,OAK,6,0
2012-09-30,2012,4,REG,JAX,10,CIN,27,0
2012-09-30,2012,4,REG,GB,28,NO,27,0
2012-09-30,2012,4,REG,TB,22,WAS,24,0
2012-09-30,2012,4,REG,PHI,19,NYG,17,0
2012-10-01,2012,4,REG,DAL,18,CHI,34,0
2012-10-04,2012,5,REG,STL,17,ARI,3,0
2012-10-07,2012,5,REG,CIN,13,MIA,17,0
2012-10-07,2012,5,REG,IND,30,GB,27,0
2012-10-07,2012,5,REG,KC,6,BAL,9,0
2012-10-07,2012,5,REG,NYG,41,CLE,27,0
2012-10-07,2012,5,REG,PIT,16,PHI,14,0
2012-10-07,2012,5,REG,WAS,17,ATL,24,0
2012-10-07,2012,5,REG,CAR,12,SEA,16,0
2012-10-07,2012,5,REG,JAX,3,CHI,41,0
2012-10-07,2012,5,REG,MIN,30,TEN,7,0
2012-10-07,2012,5,REG,NE,31,DEN,21,0
2012-10-07,2012,5,REG,SF,45,BUF,3,0
2012-10-07,2012,5,REG,NO,31,SD,24,0
2012-10-08,2012,5,REG,NYJ,17,HOU,23,0
2012-10-11,2012,6,REG,TEN,26,PIT,23,0
2012-10-14,2012,6,REG,ATL,23,OAK,20,0
2012-10-14,2012,6,REG,BAL,31,DAL,29,0
2012-10-14,2012,6,REG,CLE,34,CIN,24,0
2012-10-14,2012,6,REG,MIA,17,STL,14,0
2012-10-14,2012,6,REG,NYJ,35,IND,9,0
2012-10-14,2012,6,REG,PHI,23,DET,26,0
2012-10-14,2012,6,REG,TB,38,KC,10,0
2012-10-14,2012,6,REG,ARI,16,BUF,19,0
2012-10-14,2012,6,REG,SEA,24,NE,23,0
2012-10-14,2012,6,REG,SF,3,NYG,26,0
2012-10-14,2012,6,REG,WAS,38,MIN,26,0
2012-10-14,2012,6,REG,HOU,24,GB,42,0
2012-10-15,2012,6,REG,SD,24,DEN,35,0
2012-10-18,2012,7,REG,SF,13,SEA,6,0
2012-10-21,2012,7,REG,BUF,34,TEN,35,0
2012-10-21,2012,7,REG,CAR,14,DAL,19,0
2012-10-21,2012,7,REG,HOU,43,BAL,13,0
2012-10-21,2012,7,REG,IND,17,CLE,13,0
2012-10-21,2012,7,REG,MIN,21,ARI,14,0
2012-10-21,2012,7,REG,NYG,27,WAS,23,0
2012-10-21,2012,7,REG,STL,20,GB,30,0
2012-10-21,2012,7,REG,TB,28,NO,35,0
2012-10-21,2012,7,REG,NE,29,NYJ,26,0
2012-10-21,2012,7,REG,OAK,26,JAX,23,0
2012-10-21,2012,7,REG,CIN,17,PIT,24,0
2012-10-22,2012,7,REG,CHI,13,DET,7,0
2012-10-25,2012,8,REG,MIN,17,TB,36,0
2012-10-28,2012,8,REG,CHI,23,CAR,22,0
2012-10-28,2012,8,REG,CLE,7,SD,6,0
2012-10-28,2012,8,REG,DET,28,SEA,24,0
2012-10-28,2012,8,REG,GB,24,JAX,15,0
2012-10-28,2012,8,REG,NYJ,9,MIA,30,0
2012-10-28,2012,8,REG,PHI,17,ATL,30,0
2012-10-28,2012,8,REG,PIT,27,WAS,12,0
2012-10-28,2012,8,REG,STL,7,NE,45,0
2012-10-28,2012,8,REG,TEN,13,IND,19,0
2012-10-28,2012,8,REG,KC,16,OAK,26,0
2012-10-28,2012,8,REG,DAL,24,NYG,29,0
2012-10-28,2012,8,REG,DEN,34,NO,14,0
2012-10-29,2012,8,REG,ARI,3,SF,24,0
2012-11-01,2012,9,REG,SD,31,KC,13,0
2012-11-04,2012,9,REG,CIN,23,DEN,31,0
2012-11-04,2012,9,REG,CLE,15,BAL,25,0
2012-11-04,2012,9,REG,GB,31,ARI,17,0
2012-11-04,2012,9,REG,HOU,21,BUF,9,0
2012-11-04,2012,9,REG,IND,23,MIA,20,0
2012-11-04,2012,9,REG,JAX,14,DET,31,0
2012-11-04,2012,9,REG,TEN,20,CHI,51,0
2012-11-04,2012,9,REG,WAS,13,CAR,21,0
2012-11-04,2012,9,REG,OAK,32,TB,42,0
2012-11-04,2012,9,REG,SEA,30,MIN,20,0
2012-11-04,2012,9,REG,NYG,20,PIT,24,0
2012-11-04,2012,9,REG,ATL,19,DAL,13,0
2012-11-05,2012,9,REG,NO,28,PHI,13,0
2012-11-08,2012,10,REG,JAX,10,IND,27,0
2012-11-11,2012,10,REG,BAL,55,OAK,20,0
2012-11-11,2012,10,REG,CAR,14,DEN,36,0
2012-11-11,2012,10,REG,CIN,31,NYG,13,0
2012-11-11,2012,10,REG,MIA,3,TEN,37,0
2012-11-11,2012,10,REG,MIN,34,DET,24,0
2012-11-11,2012,10,REG,NE,37,BUF,31,0
2012-11-11,2012,10,REG,NO,31,ATL,27,0
2012-11-11,2012,10,REG,TB,34,SD,24,0
2012-11-11,2012,10,REG,SEA,28,NYJ,7,0
2012-11-11,2012,10,REG,PHI,23,DAL,38,0
2012-11-11,2012,10,REG,SF,24,STL,24,0
2012-11-11,2012,10,REG,CHI,6,HOU,13,0
2012-11-12,2012,10,REG,PIT,16,KC,13,0
2012-11-15,2012,11,REG,BUF,19,MIA,14,0
2012-11-18,2012,11,REG,ATL,23,ARI,19,0
2012-11-18,2012,11,REG,CAR,21,TB,27,0
2012-11-18,2012,11,REG,DAL,23,CLE,20,0
2012-11-18,2012,11,REG,DET,20,GB,24,0
2012-11-18,2012,11,REG,HOU,43,JAX,37,0
2012-11-18,2012,11,REG,KC,6,CIN,28,0
2012-11-18,2012,11,REG,STL,13,NYJ,27,0
2012-11-18,2012,11,REG,WAS,31,PHI,6,0
2012-11-18,2012,11,REG,OAK,17,NO,38,0
2012-11-18,2012,11,REG,DEN,30,SD,23,0
2012-11-18,2012,11,REG,NE,59,IND,24,0
2012-11-18,2012,11,REG,PIT,10,BAL,13,0
2012-11-19,2012,11,REG,SF,32,CHI,7,0
2012-11-22,2012,12,REG,DET,31,HOU,34,0
2012-11-22,2012,12,REG,DAL,31,WAS,38,0
2012-11-22,2012,12,REG,NYJ,19,NE,49,0
2012-11-25,2012,12,REG,CHI,28,MIN,10,0
2012-11-25,2012,12,REG,CIN,34,OAK,10,0
2012-11-25,2012,12,REG,CLE,20,PIT,14,0
2012-11-25,2012,12,REG,IND,20,BUF,13,0
2012-11-25,2012,12,REG,JAX,24,TEN,19,0
2012-11-25,2012,12,REG,KC,9,DEN,17,0
2012-11-25,2012,12,REG,MIA,24,SEA,21,0
2012-11-25,2012,12,REG,TB,23,ATL,24,0
2012-11-25,2012,12,REG,SD,13,BAL,16,0
2012-11-25,2012,12,REG,ARI,17,STL,31,0
2012-11-25,2012,12,REG,NO,21,SF,31,0
2012-11-25,2012,12,REG,NYG,38,GB,10,0
2012-11-26,2012,12,REG,PHI,22,CAR,30,0
2012-11-29,2012,13,REG,ATL,23,NO,13,0
2012-12-02,2012,13,REG,BUF,34,JAX,18,0
2012-12-02,2012,13,REG,CHI,17,SEA,23,0
2012-12-02,2012,13,REG,DET,33,IND,35,0
2012-12-02,2012,13,REG,GB,23,MIN,14,0
2012-12-02,2012,13,REG,KC,27,CAR,21,0
2012-12-02,2012,13,REG,MIA,16,NE,23,0
2012-12-02,2012,13,REG,NYJ,7,ARI,6,0
2012-12-02,2012,13,REG,STL,16,SF,13,0
2012-12-02,2012,13,REG,TEN,10,HOU,24,0
2012-12-02,2012,13,REG,DEN,31,TB,23,0
2012-12-02,2012,13,REG,BAL,20,PIT,23,0
2012-12-02,2012,13,REG,OAK,17,CLE,20,0
2012-12-02,2012,13,REG,SD,13,CIN,20,0
2012-12-02,2012,13,REG,DAL,38,PHI,33,0
2012-12-03,2012,13,REG,WAS,17,NYG,16,0
2012-12-06,2012,14,REG,OAK,13,DEN,26,0
2012-12-09,2012,14,REG,BUF,12,STL,15,0
2012-12-09,2012,14,REG,CAR,30,ATL,20,0
2012-12-09,2012,14,REG,CIN,19,DAL,20,0
2012-12-09,2012,14,REG,CLE,30,KC,7,0
2012-12-09,2012,14,REG,IND,27,TEN,23,0
2012-12-09,2012,14,REG,JAX,10,NYJ,17,0
2012-12-09,2012,14,REG,MIN,21,CHI,14,0
2012-12-09,2012,14,REG,PIT,24,SD,34,0
2012-12-09,2012,14,REG,TB,21,PHI,23,0
2012-12-09,2012,14,REG,WAS,31,BAL,28,0
2012-12-09,2012,14,REG,SF,27,MIA,13,0
2012-12-09,2012,14,REG,NYG,52,NO,27,0
2012-12-09,2012,14,REG,SEA,58,ARI,0,0
2012-12-09,2012,14,REG,GB,27,DET,20,0
2012-12-10,2012,14,REG,NE,42,HOU,14,0
2012-12-13,2012,15,REG,PHI,13,CIN,34,0
2012-12-16,2012,15,REG,ATL,34,NYG,0,0
2012-12-16,2012,15,REG,BAL,17,DEN,34,0
2012-12-16,2012,15,REG,CHI,13,GB,21,0
2012-12-16,2012,15,REG,CLE,21,WAS,38,0
2012-12-16,2012,15,REG,HOU,29,IND,17,0
2012-12-16,2012,15,REG,MIA,24,JAX,3,0
2012-12-16,2012,15,REG,NO,41,TB,0,0
2012-12-16,2012,15,REG,STL,22,MIN,36,0
2012-12-16,2012,15,REG,ARI,38,DET,10,0
2012-12-16,2012,15,REG,BUF,17,SEA,50,0
2012-12-16,2012,15,REG,SD,7,CAR,31,0
2012-12-16,2012,15,REG,DAL,27,PIT,24,0
2012-12-16,2012,15,REG,OAK,15,KC,0,0
2012-12-16,2012,15,REG,NE,34,SF,41,0
2012-12-17,2012,15,REG,TEN,14,NYJ,10,0
2012-12-22,2012,16,REG,DET,18,ATL,31,0
2012-12-23,2012,16,REG,CAR,17,OAK,6,0
2012-12-23,2012,16,REG,DAL,31,NO,34,0
2012-12-23,2012,16,REG,GB,55,TEN,7,0
2012-12-23,2012,16,REG,HOU,6,MIN,23,0
2012-12-23,2012,16,REG,JAX,16,NE,23,0
2012-12-23,2012,16,REG,KC,13,IND,20,0
2012-12-23,2012,16,REG,MIA,24,BUF,10,0
2012-12-23,2012,16,REG,NYJ,17,SD,27,0
2012-12-23,2012,16,REG,PHI,20,WAS,27,0
2012-12-23,2012,16,REG,PIT,10,CIN,13,0
2012-12-23,2012,16,REG,TB,13,STL,28,0
2012-12-23,2012,16,REG,DEN,34,CLE,12,0
2012-12-23,2012,16,REG,ARI,13,CHI,28,0
2012-12-23,2012,16,REG,BAL,33,NYG,14,0
2012-12-23,2012,16,REG,SEA,42,SF,13,0
2012-12-30,2012,17,REG,ATL,17,TB,22,0
2012-12-30,2012,17,REG,BUF,28,NYJ,9,0
2012-12-30,2012,17,REG,CIN,23,BAL,17,0
2012-12-30,2012,17,REG,DET,24,CHI,26,0
2012-12-30,2012,17,REG,IND,28,HOU,16,0
2012-12-30,2012,17,REG,NO,38,CAR,44,0
2012-12-30,2012,17,REG,NYG,42,PHI,7,0
2012-12-30,2012,17,REG,PIT,24,CLE,10,0
2012-12-30,2012,17,REG,TEN,38,JAX,20,0
2012-12-30,2012,17,REG,DEN,38,KC,3,0
2012-12-30,2012,17,REG,MIN,37,GB,34,0
2012-12-30,2012,17,REG,NE,28,MIA,0,0
2012-12-30,2012,17,REG,SD,24,OAK,21,0
2012-12-30,2012,17,REG,SEA,20,STL,13,0
2012-12-30,2012,17,REG,SF,27,ARI,13,0
2012-12-30,2012,17,REG,WAS,28,DAL,18,0
2013-01-05,2012,18,WC,HOU,19,CIN,13,0
2013-01-05,2012,18,WC,GB,24,MIN,10,0
2013-01-06,2012,18,WC,BAL,24,IND,9,0
2013-01-06,2012,18,WC,WAS,14,SEA,24,0
2013-01-12,2012,19,DIV,DEN,35,BAL,38,0
2013-01-12,2012,19,DIV,SF,45,GB,31,0
2013-01-13,2012,19,DIV,ATL,30,SEA,28,0
2013-01-13,2012,19,DIV,NE,41,HOU,28,0
2013-01-20,2012,20,CON,ATL,24,SF,28,0
2013-01-20,2012,20,CON,NE,13,BAL,28,0
2013-02-03,2012,21,SB,SF,31,BAL,34,0
2013-09-05,2013,1,REG,DEN,49,BAL,27,0
2013-09-08,2013,1,REG,BUF,21,NE,23,0
2013-09-08,2013,1,REG,CAR,7,SEA,12,0
2013-09-08,2013,1,REG,CHI,24,CIN,21,0
2013-09-08,2013,1,REG,CLE,10,MIA,23,0
2013-09-08,2013,1,REG,DET,34,MIN,24,0
2013-09-08,2013,1,REG,IND,21,OAK,17,0
2013-09-08,2013,1,REG,JAX,2,KC,28,0
2013-09-08,2013,1,REG,NO,23,ATL,17,0
2013-09-08,2013,1,REG,NYJ,18,TB,17,0
2013-09-08,2013,1,REG,PIT,9,TEN,16,0
2013-09-08,2013,1,REG,SF,34,GB,28,0
2013-09-08,2013,1,REG,STL,27,ARI,24,0
2013-09-08,2013,1,REG,DAL,36,NYG,31,0
2013-09-09,2013,1,REG,WAS,27,PHI,33,0
2013-09-09,2013,1,REG,SD,28,HOU,31,0
2013-09-12,2013,2,REG,NE,13,NYJ,10,0
2013-09-15,2013,2,REG,ATL,31,STL,24,0
2013-09-15,2013,2,REG,BAL,14,CLE,6,0
2013-09-15,2013,2,REG,BUF,24,CAR,23,0
2013-09-15,2013,2,REG,CHI,31,MIN,30,0
2013-09-15,2013,2,REG,GB,38,WAS,20,0
2013-09-15,2013,2,REG,HOU,30,TEN,24,0
2013-09-15,2013,2,REG,IND,20,MIA,24,0
2013-09-15,2013,2,REG,KC,17,DAL,16,0
2013-09-15,2013,2,REG,PHI,30,SD,33,0
2013-09-15,2013,2,REG,ARI,25,DET,21,0
2013-09-15,2013,2,REG,TB,14,NO,16,0
2013-09-15,2013,2,REG,NYG,23,DEN,41,0
2013-09-15,2013,2,REG,OAK,19,JAX,9,0
2013-09-15,2013,2,REG,SEA,29,SF,3,0
2013-09-16,2013,2,REG,CIN,20,PIT,10,0
2013-09-19,2013,3,REG,PHI,16,KC,26,0
2013-09-22,2013,3,REG,BAL,30,HOU,9,0
2013-09-22,2013,3,REG,CAR,38,NYG,0,0
2013-09-22,2013,3,REG,CIN,34,GB,30,0
2013-09-22,2013,3,REG,DAL,31,STL,7,0
2013-09-22,2013,3,REG,MIN,27,CLE,31,0
2013-09-22,2013,3,REG,NE,23,TB,3,0
2013-09-22,2013,3,REG,NO,31,ARI,7,0
2013-09-22,2013,3,REG,TEN,20,SD,17,0
2013-09-22,2013,3,REG,WAS,20,DET,27,0
2013-09-22,2013,3,REG,MIA,27,ATL,23,0
2013-09-22,2013,3,REG,NYJ,27,BUF,20,0
2013-09-22,2013,3,REG,SEA,45,JAX,17,0
2013-09-22,2013,3,REG,SF,7,IND,27,0
2013-09-22,2013,3,REG,PIT,23,CHI,40,0
2013-09-23,2013,3,REG,DEN,37,OAK,21,0
2013-09-26,2013,4,REG,STL,11,SF,35,0
2013-09-29,2013,4,REG,BUF,23,BAL,20,0
2013-09-29,2013,4,REG,CLE,17,CIN,6,0
2013-09-29,2013,4,REG,DET,40,CHI,32,0
2013-09-29,2013,4,REG,HOU,20,SEA,23,0
2013-09-29,2013,4,REG,JAX,3,IND,37,0
2013-09-29,2013,4,REG,KC,31,NYG,7,0
2013-09-29,2013,4,REG,MIN,34,PIT,27,0
2013-09-29,2013,4,REG,TB,10,ARI,13,0
2013-09-29,2013,4,REG,TEN,38,NYJ,13,0
2013-09-29,2013,4,REG,DEN,52,PHI,20,0
2013-09-29,2013,4,REG,OAK,14,WAS,24,0
2013-09-29,2013,4,REG,SD,30,DAL,21,0
2013-09-29,2013,4,REG,ATL,23,NE,30,0
2013-09-30,2013,4,REG,NO,38,MIA,17,0
2013-10-03,2013,5,REG,CLE,37,BUF,24,0
2013-10-06,2013,5,REG,CHI,18,NO,26,0
2013-10-06,2013,5,REG,CIN,13,NE,6,0
2013-10-06,2013,5,REG,GB,22,DET,9,0
2013-10-06,2013,5,REG,IND,34,SEA,28,0
2013-10-06,2013,5,REG,MIA,23,BAL,26,0
2013-10-06,2013,5,REG,NYG,21,PHI,36,0
2013-10-06,2013,5,REG,STL,34,JAX,20,0
2013-10-06,2013,5,REG,TEN,17,KC,26,0
2013-10-06,2013,5,REG,ARI,22,CAR,6,0
2013-10-06,2013,5,REG,DAL,48,DEN,51,0
2013-10-06,2013,5,REG,SF,34,HOU,3,0
2013-10-06,2013,5,REG,OAK,27,SD,17,0
2013-10-07,2013,5,REG,ATL,28,NYJ,30,0
2013-10-10,2013,6,REG,CHI,27,NYG,21,0
2013-10-13,2013,6,REG,BAL,17,GB,19,0
2013-10-13,2013,6,REG,BUF,24,CIN,27,0
2013-10-13,2013,6,REG,CLE,17,DET,31,0
2013-10-13,2013,6,REG,HOU,13,STL,38,0
2013-10-13,2013,6,REG,KC,24,OAK,7,0
2013-10-13,2013,6,REG,MIN,10,CAR,35,0
2013-10-13,2013,6,REG,NYJ,6,PIT,19,0
2013-10-13,2013,6,REG,TB,20,PHI,31,0
2013-10-13,2013,6,REG,DEN,35,JAX,19,0
2013-10-13,2013,6,REG,SEA,20,TEN,13,0
2013-10-13,2013,6,REG,NE,30,NO,27,0
2013-10-13,2013,6,REG,SF,32,ARI,20,0
2013-10-13,2013,6,REG,DAL,31,WAS,16,0
2013-10-14,2013,6,REG,SD,19,IND,9,0
2013-10-17,2013,7,REG,ARI,22,SEA,34,0
2013-10-20,2013,7,REG,ATL,31,TB,23,0
2013-10-20,2013,7,REG,CAR,30,STL,15,0
2013-10-20,2013,7,REG,DET,24,CIN,27,0
2013-10-20,2013,7,REG,JAX,6,SD,24,0
2013-10-20,2013,7,REG,MIA,21,BUF,23,0
2013-10-20,2013,7,REG,NYJ,30,NE,27,0
2013-10-20,2013,7,REG,PHI,3,DAL,17,0
2013-10-20,2013,7,REG,WAS,45,CHI,41,0
2013-10-20,2013,7,REG,TEN,17,SF,31,0
2013-10-20,2013,7,REG,GB,31,CLE,13,0
2013-10-20,2013,7,REG,KC,17,HOU,16,0
2013-10-20,2013,7,REG,PIT,19,BAL,16,0
2013-10-20,2013,7,REG,IND,39,DEN,33,0
2013-10-21,2013,7,REG,NYG,23,MIN,7,0
2013-10-24,2013,8,REG,TB,13,CAR,31,0
2013-10-27,2013,8,REG,DET,31,DAL,30,0
2013-10-27,2013,8,REG,JAX,10,SF,42,0
2013-10-27,2013,8,REG,KC,23,CLE,17,0
2013-10-27,2013,8,REG,NE,27,MIA,17,0
2013-10-27,2013,8,REG,NO,35,BUF,17,0
2013-10-27,2013,8,REG,PHI,7,NYG,15,0
2013-10-27,2013,8,REG,CIN,49,NYJ,9,0
2013-10-27,2013,8,REG,OAK,21,PIT,18,0
2013-10-27,2013,8,REG,ARI,27,ATL,13,0
2013-10-27,2013,8,REG,DEN,45,WAS,21,0
2013-10-27,2013,8,REG,MIN,31,GB,44,0
2013-10-28,2013,8,REG,STL,9,SEA,14,0
2013-10-31,2013,9,REG,MIA,22,CIN,20,0
2013-11-03,2013,9,REG,BUF,13,KC,23,0
2013-11-03,2013,9,REG,CAR,34,ATL,10,0
2013-11-03,2013,9,REG,DAL,27,MIN,23,0
2013-11-03,2013,9,REG,NYJ,26,NO,20,0
2013-11-03,2013,9,REG,STL,21,TEN,28,0
2013-11-03,2013,9,REG,WAS,30,SD,24,0
2013-11-03,2013,9,REG,OAK,20,PHI,49,0
2013-11-03,2013,9,REG,SEA,27,TB,24,0
2013-11-03,2013,9,REG,CLE,24,BAL,18,0
2013-11-03,2013,9,REG,NE,55,PIT,31,0
2013-11-03,2013,9,REG,HOU,24,IND,27,0
2013-11-04,2013,9,REG,GB,20,CHI,27,0
2013-11-07,2013,10,REG,MIN,34,WAS,27,0
2013-11-10,2013,10,REG,ATL,10,SEA,33,0
2013-11-10,2013,10,REG,BAL,20,CIN,17,0
2013-11-10,2013,10,REG,CHI,19,DET,21,0
2013-11-10,2013,10,REG,GB,13,PHI,27,0
2013-11-10,2013,10,REG,IND,8,STL,38,0
2013-11-10,2013,10,REG,NYG,24,OAK,20,0
2013-11-10,2013,10,REG,PIT,23,BUF,10,0
2013-11-10,2013,10,REG,TEN,27,JAX,29,0
2013-11-10,2013,10,REG,SF,9,CAR,10,0
2013-11-10,2013,10,REG,ARI,27,HOU,24,0
2013-11-10,2013,10,REG,SD,20,DEN,28,0
2013-11-10,2013,10,REG,NO,49,DAL,17,0
2013-11-11,2013,10,REG,TB,22,MIA,19,0
2013-11-14,2013,11,REG,TEN,27,IND,30,0
2013-11-17,2013,11,REG,BUF,37,NYJ,14,0
2013-11-17,2013,11,REG,CHI,23,BAL,20,0
2013-11-17,2013,11,REG,CIN,41,CLE,20,0
2013-11-17,2013,11,REG,HOU,23,OAK,28,0
2013-11-17,2013,11,REG,JAX,14,ARI,27,0
2013-11-17,2013,11,REG,PHI,24,WAS,16,0
2013-11-17,2013,11,REG,PIT,37,DET,27,0
2013-11-17,2013,11,REG,TB,41,ATL,28,0
2013-11-17,2013,11,REG,MIA,20,SD,16,0
2013-11-17,2013,11,REG,NO,23,SF,20,0
2013-11-17,2013,11,REG,NYG,27,GB,13,0
2013-11-17,2013,11,REG,SEA,41,MIN,20,0
2013-11-17,2013,11,REG,DEN,27,KC,17,0
2013-11-18,2013,11,REG,CAR,24,NE,20,0
2013-11-21,2013,12,REG,ATL,13,NO,17,0
2013-11-24,2013,12,REG,BAL,19,NYJ,3,0
2013-11-24,2013,12,REG,CLE,11,PIT,27,0
2013-11-24,2013,12,REG,DET,21,TB,24,0
2013-11-24,2013,12,REG,GB,26,MIN,26,0
2013-11-24,2013,12,REG,HOU,6,JAX,13,0
2013-11-24,2013,12,REG,KC,38,SD,41,0
2013-11-24,2013,12,REG,MIA,16,CAR,20,0
2013-11-24,2013,12,REG,STL,42,CHI,21,0
2013-11-24,2013,12,REG,ARI,40,IND,11,0
2013-11-24,2013,12,REG,OAK,19,TEN,23,0
2013-11-24,2013,12,REG,NYG,21,DAL,24,0
2013-11-24,2013,12,REG,NE,34,DEN,31,0
2013-11-25,2013,12,REG,WAS,6,SF,27,0
2013-11-28,2013,13,REG,DET,40,GB,10,0
2013-11-28,2013,13,REG,DAL,31,OAK,24,0
2013-11-28,2013,13,REG,BAL,22,PIT,20,0
2013-12-01,2013,13,REG,CAR,27,TB,6,0
2013-12-01,2013,13,REG,CLE,28,JAX,32,0
2013-12-01,2013,13,REG,HOU,31,NE,34,0
2013-12-01,2013,13,REG,IND,22,TEN,14,0
2013-12-01,2013,13,REG,MIN,23,CHI,20,0
2013-12-01,2013,13,REG,NYJ,3,MIA,23,0
2013-12-01,2013,13,REG,PHI,24,ARI,21,0
2013-12-01,2013,13,REG,BUF,31,ATL,34,0
2013-12-01,2013,13,REG,SF,23,STL,13,0
2013-12-01,2013,13,REG,KC,28,DEN,35,0
2013-12-01,2013,13,REG,SD,10,CIN,17,0
2013-12-01,2013,13,REG,WAS,17,NYG,24,0
2013-12-02,2013,13,REG,SEA,34,NO,7,0
2013-12-05,2013,14,REG,JAX,27,HOU,20,0
2013-12-08,2013,14,REG,BAL,29,MIN,26,0
2013-12-08,2013,14,REG,CIN,42,IND,28,0
2013-12-08,2013,14,REG,GB,22,ATL,21,0
2013-12-08,2013,14,REG,NE,27,CLE,26,0
2013-12-08,2013,14,REG,NYJ,37,OAK,27,0
2013-12-08,2013,14,REG,PHI,34,DET,20,0
2013-12-08,2013,14,REG,PIT,28,MIA,34,0
2013-12-08,2013,14,REG,TB,27,BUF,6,0
2013-12-08,2013,14,REG,WAS,10,KC,45,0
2013-12-08,2013,14,REG,DEN,51,TEN,28,0
2013-12-08,2013,14,REG,ARI,30,STL,10,0
2013-12-08,2013,14,REG,SD,37,NYG,14,0
2013-12-08,2013,14,REG,SF,19,SEA,17,0
2013-12-08,2013,14,REG,NO,31,CAR,13,0
2013-12-09,2013,14,REG,CHI,45,DAL,28,0
2013-12-12,2013,15,REG,DEN,20,SD,27,0
2013-12-15,2013,15,REG,ATL,27,WAS,26,0
2013-12-15,2013,15,REG,CLE,31,CHI,38,0
2013-12-15,2013,15,REG,IND,25,HOU,3,0
2013-12-15,2013,15,REG,JAX,20,BUF,27,0
2013-12-15,2013,15,REG,MIA,24,NE,20,0
2013-12-15,2013,15,REG,MIN,48,PHI,30,0
2013-12-15,2013,15,REG,NYG,0,SEA,23,0
2013-12-15,2013,15,REG,TB,14,SF,33,0
2013-12-15,2013,15,REG,CAR,30,NYJ,20,0
2013-12-15,2013,15,REG,OAK,31,KC,56,0
2013-12-15,2013,15,REG,DAL,36,GB,37,0
2013-12-15,2013,15,REG,STL,27,NO,16,0
2013-12-15,2013,15,REG,TEN,34,ARI,37,0
2013-12-15,2013,15,REG,PIT,30,CIN,20,0
2013-12-16,2013,15,REG,DET,16,BAL,18,0
2013-12-22,2013,16,REG,BUF,19,MIA,0,0
2013-12-22,2013,16,REG,CAR,17,NO,13,0
2013-12-22,2013,16,REG,CIN,42,MIN,14,0
2013-12-22,2013,16,REG,HOU,13,DEN,37,0
2013-12-22,2013,16,REG,JAX,16,TEN,20,0
2013-12-22,2013,16,REG,KC,7,IND,23,0
2013-12-22,2013,16,REG,NYJ,24,CLE,13,0
2013-12-22,2013,16,REG,STL,23,TB,13,0
2013-12-22,2013,16,REG,WAS,23,DAL,24,0
2013-12-22,2013,16,REG,DET,20,NYG,23,0
2013-12-22,2013,16,REG,SEA,10,ARI,17,0
2013-12-22,2013,16,REG,BAL,7,NE,41,0
2013-12-22,2013,16,REG,GB,31,PIT,38,0
2013-12-22,2013,16,REG,SD,26,OAK,13,0
2013-12-22,2013,16,REG,PHI,54,CHI,11,0
2013-12-23,2013,16,REG,SF,34,ATL,24,0
2013-12-29,2013,17,REG,ATL,20,CAR,21,0
2013-12-29,2013,17,REG,CIN,34,BAL,17,0
2013-12-29,2013,17,REG,IND,30,JAX,10,0
2013-12-29,2013,17,REG,MIA,7,NYJ,20,0
2013-12-29,2013,17,REG,MIN,14,DET,13,0
2013-12-29,2013,17,REG,NYG,20,WAS,6,0
2013-12-29,2013,17,REG,PIT,20,CLE,7,0
2013-12-29,2013,17,REG,TEN,16,HOU,10,0
2013-12-29,2013,17,REG,ARI,20,SF,23,0
2013-12-29,2013,17,REG,CHI,28,GB,33,0
2013-12-29,2013,17,REG,NE,34,BUF,20,0
2013-12-29,2013,17,REG,NO,42,TB,17,0
2013-12-29,2013,17,REG,OAK,14,DEN,34,0
2013-12-29,2013,17,REG,SD,27,KC,24,0
2013-12-29,2013,17,REG,SEA,27,STL,9,0
2013-12-29,2013,17,REG,DAL,22,PHI,24,0
2014-01-04,2013,18,WC,IND,45,KC,44,0
2014-01-04,2013,18,WC,PHI,24,NO,26,0
2014-01-05,2013,18,WC,CIN,10,SD,27,0
2014-01-05,2013,18,WC,GB,20,SF,23,0
2014-01-11,2013,19,DIV,SEA,23,NO,15,0
2014-01-11,2013,19,DIV,NE,43,IND,22,0
2014-01-12,2013,19,DIV,CAR,10,SF,23,0
2014-01-12,2013,19,DIV,DEN,24,SD,17,0
2014-01-19,2013,20,CON,DEN,26,NE,16,0
2014-01-19,2013,20,CON,SEA,23,SF,17,0
2014-02-02,2013,21,SB,DEN,8,SEA,43,0
2014-09-04,2014,1,REG,SEA,36,GB,16,0
2014-09-07,2014,1,REG,ATL,37,NO,34,0
2014-09-07,2014,1,REG,BAL,16,CIN,23,0
2014-09-07,2014,1,REG,CHI,20,BUF,23,0
2014-09-07,2014,1,REG,HOU,17,WAS,6,0
2014-09-07,2014,1,REG,KC,10,TEN,26,0
2014-09-07,2014,1,REG,MIA,33,NE,20,0
2014-09-07,2014,1,REG,NYJ,19,OAK,14,0
2014-09-07,2014,1,REG,PHI,34,JAX,17,0
2014-09-07,2014,1,REG,PIT,30,CLE,27,0
2014-09-07,2014,1,REG,STL,6,MIN,34,0
2014-09-07,2014,1,REG,DAL,17,SF,28,0
2014-09-07,2014,1,REG,TB,14,CAR,20,0
2014-09-07,2014,1,REG,DEN,31,IND,24,0
2014-09-08,2014,1,REG,DET,35,NYG,14,0
2014-09-08,2014,1,REG,ARI,18,SD,17,0
2014-09-11,2014,2,REG,BAL,26,PIT,6,0
2014-09-14,2014,2,REG,BUF,29,MIA,10,0
2014-09-14,2014,2,REG,CAR,24,DET,7,0
2014-09-14,2014,2,REG,CIN,24,ATL,10,0
2014-09-14,2014,2,REG,CLE,26,NO,24,0
2014-09-14,2014,2,REG,MIN,7,NE,30,0
2014-09-14,2014,2,REG,NYG,14,ARI,25,0
2014-09-14,2014,2,REG,TEN,10,DAL,26,0
2014-09-14,2014,2,REG,WAS,41,JAX,10,0
2014-09-14,2014,2,REG,SD,30,SEA,21,0
2014-09-14,2014,2,REG,TB,17,STL,19,0
2014-09-14,2014,2,REG,DEN,24,KC,17,0
2014-09-14,2014,2,REG,GB,31,NYJ,24,0
2014-09-14,2014,2,REG,OAK,14,HOU,30,0
2014-09-14,2014,2,REG,SF,20,CHI,28,0
2014-09-15,2014,2,REG,IND,27,PHI,30,0
2014-09-18,2014,3,REG,ATL,56,TB,14,0
2014-09-21,2014,3,REG,BUF,10,SD,22,0
2014-09-21,2014,3,REG,CIN,33,TEN,7,0
2014-09-21,2014,3,REG,CLE,21,BAL,23,0
2014-09-21,2014,3,REG,DET,19,GB,7,0
2014-09-21,2014,3,REG,JAX,17,IND,44,0
2014-09-21,2014,3,REG,NE,16,OAK,9,0
2014-09-21,2014,3,REG,NO,20,MIN,9,0
2014-09-21,2014,3,REG,NYG,30,HOU,17,0
2014-09-21,2014,3,REG,PHI,37,WAS,34,0
2014-09-21,2014,3,REG,STL,31,DAL,34,0
2014-09-21,2014,3,REG,ARI,23,SF,14,0
2014-09-21,2014,3,REG,MIA,15,KC,34,0
2014-09-21,2014,3,REG,SEA,26,DEN,20,0
2014-09-21,2014,3,REG,CAR,19,PIT,37,0
2014-09-22,2014,3,REG,NYJ,19,CHI,27,0
2014-09-25,2014,4,REG,WAS,14,NYG,45,0
2014-09-28,2014,4,REG,BAL,38,CAR,10,0
2014-09-28,2014,4,REG,CHI,17,GB,38,0
2014-09-28,2014,4,REG,HOU,23,BUF,17,0
2014-09-28,2014,4,REG,IND,41,TEN,17,0
2014-09-28,2014,4,REG,NYJ,17,DET,24,0
2014-09-28,2014,4,REG,OAK,14,MIA,38,0
2014-09-28,2014,4,REG,PIT,24,TB,27,0
2014-09-28,2014,4,REG,SD,33,JAX,14,0
2014-09-28,2014,4,REG,MIN,41,ATL,28,0
2014-09-28,2014,4,REG,SF,26,PHI,21,0
2014-09-28,2014,4,REG,DAL,38,NO,17,0
2014-09-29,2014,4,REG,KC,41,NE,14,0
2014-10-02,2014,5,REG,GB,42,MIN,10,0
2014-10-05,2014,5,REG,CAR,31,CHI,24,0
2014-10-05,2014,5,REG,DAL,20,HOU,17,0
2014-10-05,2014,5,REG,DET,14,BUF,17,0
2014-10-05,2014,5,REG,IND,20,BAL,13,0
2014-10-05,2014,5,REG,JAX,9,PIT,17,0
2014-10-05,2014,5,REG,NO,37,TB,31,0
2014-10-05,2014,5,REG,NYG,30,ATL,20,0
2014-10-05,2014,5,REG,PHI,34,STL,28,0
2014-10-05,2014,5,REG,TEN,28,CLE,29,0
2014-10-05,2014,5,REG,DEN,41,ARI,20,0
2014-10-05,2014,5,REG,SD,31,NYJ,0,0
2014-10-05,2014,5,REG,SF,22,KC,17,0
2014-10-05,2014,5,REG,NE,43,CIN,17,0
2014-10-06,2014,5,REG,WAS,17,SEA,27,0
2014-10-09,2014,6,REG,HOU,28,IND,33,0
2014-10-12,2014,6,REG,BUF,22,NE,37,0
2014-10-12,2014,6,REG,CIN,37,CAR,37,0
2014-10-12,2014,6,REG,CLE,31,PIT,10,0
2014-10-12,2014,6,REG,MIA,24,GB,27,0
2014-10-12,2014,6,REG,MIN,3,DET,17,0
2014-10-12,2014,6,REG,NYJ,17,DEN,31,0
2014-10-12,2014,6,REG,TB,17,BAL,48,0
2014-10-12,2014,6,REG,TEN,16,JAX,14,0
2014-10-12,2014,6,REG,OAK,28,SD,31,0
2014-10-12,2014,6,REG,ARI,30,WAS,20,0
2014-10-12,2014,6,REG,ATL,13,CHI,27,0
2014-10-12,2014,6,REG,SEA,23,DAL,30,0
2014-10-12,2014,6,REG,PHI,27,NYG,0,0
2014-10-13,2014,6,REG,STL,17,SF,31,0
2014-10-16,2014,7,REG,NE,27,NYJ,25,0
2014-10-19,2014,7,REG,BAL,29,ATL,7,0
2014-10-19,2014,7,REG,BUF,17,MIN,16,0
2014-10-19,2014,7,REG,CHI,14,MIA,27,0
2014-10-19,2014,7,REG,DET,24,NO,23,0
2014-10-19,2014,7,REG,GB,38,CAR,17,0
2014-10-19,2014,7,REG,IND,27,CIN,0,0
2014-10-19,2014,7,REG,JAX,24,CLE,6,0
2014-10-19,2014,7,REG,STL,28,SEA,26,0
2014-10-19,2014,7,REG,WAS,19,TEN,17,0
2014-10-19,2014,7,REG,SD,20,KC,23,0
2014-10-19,2014,7,REG,DAL,31,NYG,21,0
2014-10-19,2014,7,REG,OAK,13,ARI,24,0
2014-10-19,2014,7,REG,DEN,42,SF,17,0
2014-10-20,2014,7,REG,PIT,30,HOU,23,0
2014-10-23,2014,8,REG,DEN,35,SD,21,0
2014-10-26,2014,8,REG,ATL,21,DET,22,0
2014-10-26,2014,8,REG,CAR,9,SEA,13,0
2014-10-26,2014,8,REG,CIN,27,BAL,24,0
2014-10-26,2014,8,REG,JAX,13,MIA,27,0
2014-10-26,2014,8,REG,KC,34,STL,7,0
2014-10-26,2014,8,REG,NE,51,CHI,23,0
2014-10-26,2014,8,REG,NYJ,23,BUF,43,0
2014-10-26,2014,8,REG,TB,13,MIN,19,0
2014-10-26,2014,8,REG,TEN,16,HOU,30,0
2014-10-26,2014,8,REG,ARI,24,PHI,20,0
2014-10-26,2014,8,REG,CLE,23,OAK,13,0
2014-10-26,2014,8,REG,PIT,51,IND,34,0
2014-10-26,2014,8,REG,NO,44,GB,23,0
2014-10-27,2014,8,REG,DAL,17,WAS,20,0
2014-10-30,2014,9,REG,CAR,10,NO,28,0
2014-11-02,2014,9,REG,CIN,33,JAX,23,0
2014-11-02,2014,9,REG,CLE,22,TB,17,0
2014-11-02,2014,9,REG,DAL,17,ARI,28,0
2014-11-02,2014,9,REG,HOU,21,PHI,31,0
2014-11-02,2014,9,REG,KC,24,NYJ,10,0
2014-11-02,2014,9,REG,MIA,37,SD,0,0
2014-11-02,2014,9,REG,MIN,29,WAS,26,0
2014-11-02,2014,9,REG,SF,10,STL,13,0
2014-11-02,2014,9,REG,NE,43,DEN,21,0
2014-11-02,2014,9,REG,SEA,30,OAK,24,0
2014-11-02,2014,9,REG,PIT,43,BAL,23,0
2014-11-03,2014,9,REG,NYG,24,IND,40,0
2014-11-06,2014,10,REG,CIN,3,CLE,24,0
2014-11-09,2014,10,REG,BAL,21,TEN,7,0
2014-11-09,2014,10,REG,BUF,13,KC,17,0
2014-11-09,2014,10,REG,DET,20,MIA,16,0
2014-11-09,2014,10,REG,JAX,17,DAL,31,0
2014-11-09,2014,10,REG,NO,24,SF,27,0
2014-11-09,2014,10,REG,NYJ,20,PIT,13,0
2014-11-09,2014,10,REG,TB,17,ATL,27,0
2014-11-09,2014,10,REG,OAK,17,DEN,41,0
2014-11-09,2014,10,REG,ARI,31,STL,14,0
2014-11-09,2014,10,REG,SEA,38,NYG,17,0
2014-11-09,2014,10,REG,GB,55,CHI,14,0
2014-11-10,2014,10,REG,PHI,45,CAR,21,0
2014-11-13,2014,11,REG,MIA,22,BUF,9,0
2014-11-16,2014,11,REG,CAR,17,ATL,19,0
2014-11-16,2014,11,REG,CHI,21,MIN,13,0
2014-11-16,2014,11,REG,CLE,7,HOU,23,0
2014-11-16,2014,11,REG,KC,24,SEA,20,0
2014-11-16,2014,11,REG,NO,10,CIN,27,0
2014-11-16,2014,11,REG,NYG,10,SF,16,0
2014-11-16,2014,11,REG,STL,22,DEN,7,0
2014-11-16,2014,11,REG,WAS,7,TB,27,0
2014-11-16,2014,11,REG,SD,13,OAK,6,0
2014-11-16,2014,11,REG,ARI,14,DET,6,0
2014-11-16,2014,11,REG,GB,53,PHI,20,0
2014-11-16,2014,11,REG,IND,20,NE,42,0
2014-11-17,2014,11,REG,TEN,24,PIT,27,0
2014-11-20,2014,12,REG,OAK,24,KC,20,0
2014-11-23,2014,12,REG,ATL,24,CLE,26,0
2014-11-23,2014,12,REG,CHI,21,TB,13,0
2014-11-23,2014,12,REG,HOU,13,CIN,22,0
2014-11-23,2014,12,REG,IND,23,JAX,3,0
2014-11-23,2014,12,REG,MIN,21,GB,24,0
2014-11-23,2014,12,REG,NE,34,DET,9,0
2014-11-23,2014,12,REG,PHI,43,TEN,24,0
2014-11-23,2014,12,REG,SD,27,STL,24,0
2014-11-23,2014,12,REG,SEA,19,ARI,3,0
2014-11-23,2014,12,REG,DEN,39,MIA,36,0
2014-11-23,2014,12,REG,SF,17,WAS,13,0
2014-11-23,2014,12,REG,NYG,28,DAL,31,0
2014-11-24,2014,12,REG,BUF,38,NYJ,3,0
2014-11-24,2014,12,REG,NO,27,BAL,34,0
2014-11-27,2014,13,REG,DET,34,CHI,17,0
2014-11-27,2014,13,REG,DAL,10,PHI,33,0
2014-11-27,2014,13,REG,SF,3,SEA,19,0
2014-11-30,2014,13,REG,BAL,33,SD,34,0
2014-11-30,2014,13,REG,BUF,26,CLE,10,0
2014-11-30,2014,13,REG,HOU,45,TEN,21,0
2014-11-30,2014,13,REG,IND,49,WAS,27,0
2014-11-30,2014,13,REG,JAX,25,NYG,24,0
2014-11-30,2014,13,REG,MIN,31,CAR,13,0
2014-11-30,2014,13,REG,PIT,32,NO,35,0
2014-11-30,2014,13,REG,STL,52,OAK,0,0
2014-11-30,2014,13,REG,TB,13,CIN,14,0
2014-11-30,2014,13,REG,ATL,29,ARI,18,0
2014-11-30,2014,13,REG,GB,26,NE,21,0
2014-11-30,2014,13,REG,KC,16,DEN,29,0
2014-12-01,2014,13,REG,NYJ,13,MIA,16,0
2014-12-04,2014,14,REG,CHI,28,DAL,41,0
2014-12-07,2014,14,REG,CIN,21,PIT,42,0
2014-12-07,2014,14,REG,CLE,24,IND,25,0
2014-12-07,2014,14,REG,DET,34,TB,17,0
2014-12-07,2014,14,REG,JAX,13,HOU,27,0
2014-12-07,2014,14,REG,MIA,13,BAL,28,0
2014-12-07,2014,14,REG,MIN,30,NYJ,24,0
2014-12-07,2014,14,REG,NO,10,CAR,41,0
2014-12-07,2014,14,REG,TEN,7,NYG,36,0
2014-12-07,2014,14,REG,WAS,0,STL,24,0
2014-12-07,2014,14,REG,ARI,17,KC,14,0
2014-12-07,2014,14,REG,DEN,24,BUF,17,0
2014-12-07,2014,14,REG,OAK,24,SF,13,0
2014-12-07,2014,14,REG,PHI,14,SEA,24,0
2014-12-07,2014,14,REG,SD,14,NE,23,0
2014-12-08,2014,14,REG,GB,43,ATL,37,0
2014-12-11,2014,15,REG,STL,6,ARI,12,0
2014-12-14,2014,15,REG,ATL,20,PIT,27,0
2014-12-14,2014,15,REG,BAL,20,JAX,12,0
2014-12-14,2014,15,REG,BUF,21,GB,13,0
2014-12-14,2014,15,REG,CAR,19,TB,17,0
2014-12-14,2014,15,REG,CLE,0,CIN,30,0
2014-12-14,2014,15,REG,IND,17,HOU,10,0
2014-12-14,2014,15,REG,KC,31,OAK,13,0
2014-12-14,2014,15,REG,NE,41,MIA,13,0
2014-12-14,2014,15,REG,NYG,24,WAS,13,0
2014-12-14,2014,15,REG,SD,10,DEN,22,0
2014-12-14,2014,15,REG,TEN,11,NYJ,16,0
2014-12-14,2014,15,REG,DET,16,MIN,14,0
2014-12-14,2014,15,REG,SEA,17,SF,7,0
2014-12-14,2014,15,REG,PHI,27,DAL,38,0
2014-12-15,2014,15,REG,CHI,15,NO,31,0
2014-12-18,2014,16,REG,JAX,21,TEN,13,0
2014-12-20,2014,16,REG,WAS,27,PHI,24,0
2014-12-20,2014,16,REG,SF,35,SD,38,0
2014-12-21,2014,16,REG,CAR,17,CLE,13,0
2014-12-21,2014,16,REG,CHI,14,DET,20,0
2014-12-21,2014,16,REG,HOU,25,BAL,13,0
2014-12-21,2014,16,REG,MIA,37,MIN,35,0
2014-12-21,2014,16,REG,NO,14,ATL,30,0
2014-12-21,2014,16,REG,NYJ,16,NE,17,0
2014-12-21,2014,16,REG,PIT,20,KC,12,0
2014-12-21,2014,16,REG,TB,3,GB,20,0
2014-12-21,2014,16,REG,STL,27,NYG,37,0
2014-12-21,2014,16,REG,DAL,42,IND,7,0
2014-12-21,2014,16,REG,OAK,26,BUF,24,0
2014-12-21,2014,16,REG,ARI,6,SEA,35,0
2014-12-22,2014,16,REG,CIN,37,DEN,28,0
2014-12-28,2014,17,REG,BAL,20,CLE,10,0
2014-12-28,2014,17,REG,HOU,23,JAX,17,0
2014-12-28,2014,17,REG,KC,19,SD,7,0
2014-12-28,2014,17,REG,MIA,24,NYJ,37,0
2014-12-28,2014,17,REG,MIN,13,CHI,9,0
2014-12-28,2014,17,REG,NE,9,BUF,17,0
2014-12-28,2014,17,REG,NYG,26,PHI,34,0
2014-12-28,2014,17,REG,TB,20,NO,23,0
2014-12-28,2014,17,REG,TEN,10,IND,27,0
2014-12-28,2014,17,REG,WAS,17,DAL,44,0
2014-12-28,2014,17,REG,ATL,3,CAR,34,0
2014-12-28,2014,17,REG,DEN,47,OAK,14,0
2014-12-28,2014,17,REG,GB,30,DET,20,0
2014-12-28,2014,17,REG,SEA,20,STL,6,0
2014-12-28,2014,17,REG,SF,20,ARI,17,0
2014-12-28,2014,17,REG,PIT,27,CIN,17,0
2015-01-03,2014,18,WC,CAR,27,ARI,16,0
2015-01-03,2014,18,WC,PIT,17,BAL,30,0
2015-01-04,2014,18,WC,IND,26,CIN,10,0
2015-01-04,2014,18,WC,DAL,24,DET,20,0
2015-01-10,2014,19,DIV,NE,35,BAL,31,0
2015-01-10,2014,19,DIV,SEA,31,CAR,17,0
2015-01-11,2014,19,DIV,GB,26,DAL,21,0
2015-01-11,2014,19,DIV,DEN,13,IND,24,0
2015-01-18,2014,20,CON,SEA,28,GB,22,0
2015-01-18,2014,20,CON,NE,45,IND,7,0
2015-02-01,2014,21,SB,SEA,24,NE,28,0
2015-09-10,2015,1,REG,NE,28,PIT,21,0
2015-09-13,2015,1,REG,BUF,27,IND,14,0
2015-09-13,2015,1,REG,CHI,23,GB,31,0
2015-09-13,2015,1,REG,HOU,20,KC,27,0
2015-09-13,2015,1,REG,JAX,9,CAR,20,0
2015-09-13,2015,1,REG,NYJ,31,CLE,10,0
2015-09-13,2015,1,REG,STL,34,SEA,31,0
2015-09-13,2015,1,REG,WAS,10,MIA,17,0
2015-09-13,2015,1,REG,ARI,31,NO,19,0
2015-09-13,2015,1,REG,SD,33,DET,28,0
2015-09-13,2015,1,REG,DEN,19,BAL,13,0
2015-09-13,2015,1,REG,OAK,13,CIN,33,0
2015-09-13,2015,1,REG,TB,14,TEN,42,0
2015-09-13,2015,1,REG,DAL,27,NYG,26,0
2015-09-14,2015,1,REG,ATL,26,PHI,24,0
2015-09-14,2015,1,REG,SF,20,MIN,3,0
2015-09-17,2015,2,REG,KC,24,DEN,31,0
2015-09-20,2015,2,REG,BUF,32,NE,40,0
2015-09-20,2015,2,REG,CAR,24,HOU,17,0
2015-09-20,2015,2,REG,CHI,23,ARI,48,0
2015-09-20,2015,2,REG,CIN,24,SD,19,0
2015-09-20,2015,2,REG,CLE,28,TEN,14,0
2015-09-20,2015,2,REG,MIN,26,DET,16,0
2015-09-20,2015,2,REG,NO,19,TB,26,0
2015-09-20,2015,2,REG,NYG,20,ATL,24,0
2015-09-20,2015,2,REG,PIT,43,SF,18,0
2015-09-20,2015,2,REG,WAS,24,STL,10,0
2015-09-20,2015,2,REG,JAX,23,MIA,20,0
2015-09-20,2015,2,REG,OAK,37,BAL,33,0
2015-09-20,2015,2,REG,PHI,10,DAL,20,0
2015-09-20,2015,2,REG,GB,27,SEA,17,0
2015-09-21,2015,2,REG,IND,7,NYJ,20,0
2015-09-24,2015,3,REG,NYG,32,WAS,21,0
2015-09-27,2015,3,REG,BAL,24,CIN,28,0
2015-09-27,2015,3,REG,CAR,27,NO,22,0
2015-09-27,2015,3,REG,CLE,20,OAK,27,0
2015-09-27,2015,3,REG,DAL,28,ATL,39,0
2015-09-27,2015,3,REG,HOU,19,TB,9,0
2015-09-27,2015,3,REG,MIN,31,SD,14,0
2015-09-27,2015,3,REG,NE,51,JAX,17,0
2015-09-27,2015,3,REG,NYJ,17,PHI,24,0
2015-09-27,2015,3,REG,STL,6,PIT,12,0
2015-09-27,2015,3,REG,TEN,33,IND,35,0
2015-09-27,2015,3,REG,ARI,47,SF,7,0
2015-09-27,2015,3,REG,MIA,14,BUF,41,0
2015-09-27,2015,3,REG,SEA,26,CHI,0,0
2015-09-27,2015,3,REG,DET,12,DEN,24,0
2015-09-28,2015,3,REG,GB,38,KC,28,0
2015-10-01,2015,4,REG,PIT,20,BAL,23,0
2015-10-04,2015,4,REG,MIA,14,NYJ,27,0
2015-10-04,2015,4,REG,ATL,48,HOU,21,0
2015-10-04,2015,4,REG,BUF,10,NYG,24,0
2015-10-04,2015,4,REG,CHI,22,OAK,20,0
2015-10-04,2015,4,REG,CIN,36,KC,21,0
2015-10-04,2015,4,REG,IND,16,JAX,13,0
2015-10-04,2015,4,REG,TB,23,CAR,37,0
2015-10-04,2015,4,REG,WAS,23,PHI,20,0
2015-10-04,2015,4,REG,SD,30,CLE,27,0
2015-10-04,2015,4,REG,ARI,22,STL,24,0
2015-10-04,2015,4,REG,DEN,23,MIN,20,0
2015-10-04,2015,4,REG,SF,3,GB,17,0
2015-10-04,2015,4,REG,NO,26,DAL,20,0
2015-10-05,2015,4,REG,SEA,13,DET,10,0
2015-10-08,2015,5,REG,HOU,20,IND,27,0
2015-10-11,2015,5,REG,ATL,25,WAS,19,0
2015-10-11,2015,5,REG,BAL,30,CLE,33,0
2015-10-11,2015,5,REG,CIN,27,SEA,24,0
2015-10-11,2015,5,REG,GB,24,STL,10,0
2015-10-11,2015,5,REG,KC,17,CHI,18,0
2015-10-11,2015,5,REG,PHI,39,NO,17,0
2015-10-11,2015,5,REG,TB,38,JAX,31,0
2015-10-11,2015,5,REG,TEN,13,BUF,14,0
2015-10-11,2015,5,REG,DET,17,ARI,42,0
2015-10-11,2015,5,REG,DAL,6,NE,30,0
2015-10-11,2015,5,REG,OAK,10,DEN,16,0
2015-10-11,2015,5,REG,NYG,30,SF,27,0
2015-10-12,2015,5,REG,SD,20,PIT,24,0
2015-10-15,2015,6,REG,NO,31,ATL,21,0
2015-10-18,2015,6,REG,BUF,21,CIN,34,0
2015-10-18,2015,6,REG,CLE,23,DEN,26,0
2015-10-18,2015,6,REG,DET,37,CHI,34,0
2015-10-18,2015,6,REG,JAX,20,HOU,31,0
2015-10-18,2015,6,REG,MIN,16,KC,10,0
2015-10-18,2015,6,REG,NYJ,34,WAS,20,0
2015-10-18,2015,6,REG,PIT,25,ARI,13,0
2015-10-18,2015,6,REG,TEN,10,MIA,38,0
2015-10-18,2015,6,REG,SEA,23,CAR,27,0
2015-10-18,2015,6,REG,GB,27,SD,20,0
2015-10-18,2015,6,REG,SF,25,BAL,20,0
2015-10-18,2015,6,REG,IND,27,NE,34,0
2015-10-19,2015,6,REG,PHI,27,NYG,7,0
2015-10-22,2015,7,REG,SF,3,SEA,20,0
2015-10-25,2015,7,REG,JAX,34,BUF,31,0
2015-10-25,2015,7,REG,DET,19,MIN,28,0
2015-10-25,2015,7,REG,IND,21,NO,27,0
2015-10-25,2015,7,REG,KC,23,PIT,13,0
2015-10-25,2015,7,REG,MIA,44,HOU,26,0
2015-10-25,2015,7,REG,NE,30,NYJ,23,0
2015-10-25,2015,7,REG,STL,24,CLE,6,0
2015-10-25,2015,7,REG,TEN,7,ATL,10,0
2015-10-25,2015,7,REG,WAS,31,TB,30,0
2015-10-25,2015,7,REG,SD,29,OAK,37,0
2015-10-25,2015,7,REG,NYG,27,DAL,20,0
2015-10-25,2015,7,REG,CAR,27,PHI,16,0
2015-10-26,2015,7,REG,ARI,26,BAL,18,0
2015-10-29,2015,8,REG,NE,36,MIA,7,0
2015-11-01,2015,8,REG,KC,45,DET,10,0
2015-11-01,2015,8,REG,ATL,20,TB,23,0
2015-11-01,2015,8,REG,BAL,29,SD,26,0
2015-11-01,2015,8,REG,CHI,20,MIN,23,0
2015-11-01,2015,8,REG,CLE,20,ARI,34,0
2015-11-01,2015,8,REG,HOU,20,TEN,6,0
2015-11-01,2015,8,REG,NO,52,NYG,49,0
2015-11-01,2015,8,REG,PIT,10,CIN,16,0
2015-11-01,2015,8,REG,STL,27,SF,6,0
2015-11-01,2015,8,REG,OAK,34,NYJ,20,0
2015-11-01,2015,8,REG,DAL,12,SEA,13,0
2015-11-01,2015,8,REG,DEN,29,GB,10,0
2015-11-02,2015,8,REG,CAR,29,IND,26,0
2015-11-05,2015,9,REG,CIN,31,CLE,10,0
2015-11-08,2015,9,REG,BUF,33,MIA,17,0
2015-11-08,2015,9,REG,CAR,37,GB,29,0
2015-11-08,2015,9,REG,MIN,21,STL,18,0
2015-11-08,2015,9,REG,NE,27,WAS,10,0
2015-11-08,2015,9,REG,NO,28,TEN,34,0
2015-11-08,2015,9,REG,NYJ,28,JAX,23,0
2015-11-08,2015,9,REG,PIT,38,OAK,35,0
2015-11-08,2015,9,REG,SF,17,ATL,16,0
2015-11-08,2015,9,REG,TB,18,NYG,32,0
2015-11-08,2015,9,REG,IND,27,DEN,24,0
2015-11-08,2015,9,REG,DAL,27,PHI,33,0
2015-11-09,2015,9,REG,SD,19,CHI,22,0
2015-11-12,2015,10,REG,NYJ,17,BUF,22,0
2015-11-15,2015,10,REG,BAL,20,JAX,22,0
2015-11-15,2015,10,REG,GB,16,DET,18,0
2015-11-15,2015,10,REG,PHI,19,MIA,20,0
2015-11-15,2015,10,REG,PIT,30,CLE,9,0
2015-11-15,2015,10,REG,STL,13,CHI,37,0
2015-11-15,2015,10,REG,TB,10,DAL,6,0
2015-11-15,2015,10,REG,TEN,10,CAR,27,0
2015-11-15,2015,10,REG,WAS,47,NO,14,0
2015-11-15,2015,10,REG,OAK,14,MIN,30,0
2015-11-15,2015,10,REG,DEN,13,KC,29,0
2015-11-15,2015,10,REG,NYG,26,NE,27,0
2015-11-15,2015,10,REG,SEA,32,ARI,39,0
2015-11-16,2015,10,REG,CIN,6,HOU,10,0
2015-11-19,2015,11,REG,JAX,19,TEN,13,0
2015-11-22,2015,11,REG,ATL,21,IND,24,0
2015-11-22,2015,11,REG,BAL,16,STL,13,0
2015-11-22,2015,11,REG,CAR,44,WAS,16,0
2015-11-22,2015,11,REG,CHI,15,DEN,17,0
2015-11-22,2015,11,REG,DET,18,OAK,13,0
2015-11-22,2015,11,REG,HOU,24,NYJ,17,0
2015-11-22,2015,11,REG,MIA,14,DAL,24,0
2015-11-22,2015,11,REG,PHI,17,TB,45,0
2015-11-22,2015,11,REG,SD,3,KC,33,0
2015-11-22,2015,11,REG,MIN,13,GB,30,0
2015-11-22,2015,11,REG,SEA,29,SF,13,0
2015-11-22,2015,11,REG,ARI,34,CIN,31,0
2015-11-23,2015,11,REG,NE,20,BUF,13,0
2015-11-26,2015,12,REG,DET,45,PHI,14,0
2015-11-26,2015,12,REG,DAL,14,CAR,33,0
2015-11-26,2015,12,REG,GB,13,CHI,17,0
2015-11-29,2015,12,REG,ATL,10,MIN,20,0
2015-11-29,2015,12,REG,CIN,31,STL,7,0
2015-11-29,2015,12,REG,HOU,24,NO,6,0
2015-11-29,2015,12,REG,IND,25,TB,12,0
2015-11-29,2015,12,REG,JAX,25,SD,31,0
2015-11-29,2015,12,REG,KC,30,BUF,22,0
2015-11-29,2015,12,REG,NYJ,38,MIA,20,0
2015-11-29,2015,12,REG,TEN,21,OAK,24,0
2015-11-29,2015,12,REG,WAS,20,NYG,14,0
2015-11-29,2015,12,REG,SF,13,ARI,19,0
2015-11-29,2015,12,REG,SEA,39,PIT,30,0
2015-11-29,2015,12,REG,DEN,30,NE,24,0
2015-11-30,2015,12,REG,CLE,27,BAL,33,0
2015-12-03,2015,13,REG,DET,23,GB,27,0
2015-12-06,2015,13,REG,BUF,30,HOU,21,0
2015-12-06,2015,13,REG,CHI,20,SF,26,0
2015-12-06,2015,13,REG,CLE,3,CIN,37,0
2015-12-06,2015,13,REG,MIA,15,BAL,13,0
2015-12-06,2015,13,REG,MIN,7,SEA,38,0
2015-12-06,2015,13,REG,NYG,20,NYJ,23,0
2015-12-06,2015,13,REG,STL,3,ARI,27,0
2015-12-06,2015,13,REG,TB,23,ATL,19,0
2015-12-06,2015,13,REG,TEN,42,JAX,39,0
2015-12-06,2015,13,REG,OAK,20,KC,34,0
2015-12-06,2015,13,REG,SD,3,DEN,17,0
2015-12-06,2015,13,REG,NE,28,PHI,35,0
2015-12-06,2015,13,REG,NO,38,CAR,41,0
2015-12-06,2015,13,REG,PIT,45,IND,10,0
2015-12-07,2015,13,REG,WAS,16,DAL,19,0
2015-12-10,2015,14,REG,ARI,23,MIN,20,0
2015-12-13,2015,14,REG,BAL,6,SEA,35,0
2015-12-13,2015,14,REG,CAR,38,ATL,0,0
2015-12-13,2015,14,REG,CHI,21,WAS,24,0
2015-12-13,2015,14,REG,CIN,20,PIT,33,0
2015-12-13,2015,14,REG,CLE,24,SF,10,0
2015-12-13,2015,14,REG,JAX,51,IND,16,0
2015-12-13,2015,14,REG,KC,10,SD,3,0
2015-12-13,2015,14,REG,NYJ,30,TEN,8,0
2015-12-13,2015,14,REG,PHI,23,BUF,20,0
2015-12-13,2015,14,REG,STL,21,DET,14,0
2015-12-13,2015,14,REG,TB,17,NO,24,0
2015-12-13,2015,14,REG,DEN,12,OAK,15,0
2015-12-13,2015,14,REG,GB,28,DAL,7,0
2015-12-13,2015,14,REG,HOU,6,NE,27,0
2015-12-14,2015,14,REG,MIA,24,NYG,31,0
2015-12-17,2015,15,REG,STL,31,TB,23,0
2015-12-19,2015,15,REG,DAL,16,NYJ,19,0
2015-12-20,2015,15,REG,BAL,14,KC,34,0
2015-12-20,2015,15,REG,IND,10,HOU,16,0
2015-12-20,2015,15,REG,JAX,17,ATL,23,0
2015-12-20,2015,15,REG,MIN,38,CHI,17,0
2015-12-20,2015,15,REG,NE,33,TEN,16,0
2015-12-20,2015,15,REG,NYG,35,CAR,38,0
2015-12-20,2015,15,REG,WAS,35,BUF,25,0
2015-12-20,2015,15,REG,OAK,20,GB,30,0
2015-12-20,2015,15,REG,SEA,30,CLE,13,0
2015-12-20,2015,15,REG,PIT,34,DEN,27,0
2015-12-20,2015,15,REG,SD,30,MIA,14,0
2015-12-20,2015,15,REG,SF,14,CIN,24,0
2015-12-20,2015,15,REG,PHI,17,ARI,40,0
2015-12-21,2015,15,REG,NO,27,DET,35,0
2015-12-24,2015,16,REG,OAK,23,SD,20,0
2015-12-26,2015,16,REG,PHI,24,WAS,38,0
2015-12-27,2015,16,REG,ATL,20,CAR,13,0
2015-12-27,2015,16,REG,BAL,20,PIT,17,0
2015-12-27,2015,16,REG,BUF,16,DAL,6,0
2015-12-27,2015,16,REG,DET,32,SF,17,0
2015-12-27,2015,16,REG,KC,17,CLE,13,0
2015-12-27,2015,16,REG,MIA,12,IND,18,0
2015-12-27,2015,16,REG,NYJ,26,NE,20,0
2015-12-27,2015,16,REG,TB,21,CHI,26,0
2015-12-27,2015,16,REG,TEN,6,HOU,34,0
2015-12-27,2015,16,REG,NO,38,JAX,27,0
2015-12-27,2015,16,REG,ARI,38,GB,8,0
2015-12-27,2015,16,REG,SEA,17,STL,23,0
2015-12-27,2015,16,REG,MIN,49,NYG,17,0
2015-12-28,2015,16,REG,DEN,20,CIN,17,0
2016-01-03,2015,17,REG,ATL,17,NO,20,0
2016-01-03,2015,17,REG,BUF,22,NYJ,17,0
2016-01-03,2015,17,REG,CHI,20,DET,24,0
2016-01-03,2015,17,REG,CIN,24,BAL,16,0
2016-01-03,2015,17,REG,CLE,12,PIT,28,0
2016-01-03,2015,17,REG,DAL,23,WAS,34,0
2016-01-03,2015,17,REG,HOU,30,JAX,6,0
2016-01-03,2015,17,REG,IND,30,TEN,24,0
2016-01-03,2015,17,REG,MIA,20,NE,10,0
2016-01-03,2015,17,REG,NYG,30,PHI,35,0
2016-01-03,2015,17,REG,ARI,6,SEA,36,0
2016-01-03,2015,17,REG,CAR,38,TB,10,0
2016-01-03,2015,17,REG,DEN,27,SD,20,0
2016-01-03,2015,17,REG,KC,23,OAK,17,0
2016-01-03,2015,17,REG,SF,19,STL,16,0
2016-01-03,2015,17,REG,GB,13,MIN,20,0
2016-01-09,2015,18,WC,HOU,0,KC,30,0
2016-01-09,2015,18,WC,CIN,16,PIT,18,0
2016-01-10,2015,18,WC,MIN,9,SEA,10,0
2016-01-10,2015,18,WC,WAS,18,GB,35,0
2016-01-16,2015,19,DIV,NE,27,KC,20,0
2016-01-16,2015,19,DIV,ARI,26,GB,20,0
2016-01-17,2015,19,DIV,CAR,31,SEA,24,0
2016-01-17,2015,19,DIV,DEN,23,PIT,16,0
2016-01-24,2015,20,CON,DEN,20,NE,18,0
2016-01-24,2015,20,CON,CAR,49,ARI,15,0
2016-02-07,2015,21,SB,DEN,24,CAR,10,0
2016-09-08,2016,1,REG,DEN,21,CAR,20,0
2016-09-11,2016,1,REG,ATL,24,TB,31,0
2016-09-11,2016,1,REG,BAL,13,BUF,7,0
2016-09-11,2016,1,REG,HOU,23,CHI,14,0
2016-09-11,2016,1,REG,JAX,23,GB,27,0
2016-09-11,2016,1,REG,KC,33,SD,27,0
2016-09-11,2016,1,REG,NO,34,OAK,35,0
2016-09-11,2016,1,REG,NYJ,22,CIN,23,0
2016-09-11,2016,1,REG,PHI,29,CLE,10,0
2016-09-11,2016,1,REG,TEN,16,MIN,25,0
2016-09-11,2016,1,REG,SEA,12,MIA,10,0
2016-09-11,2016,1,REG,DAL,19,NYG,20,0
2016-09-11,2016,1,REG,IND,35,DET,39,0
2016-09-11,2016,1,REG,ARI,21,NE,23,0
2016-09-12,2016,1,REG,WAS,16,PIT,38,0
2016-09-12,2016,1,REG,SF,28,LA,0,0
2016-09-15,2016,2,REG,BUF,31,NYJ,37,0
2016-09-18,2016,2,REG,ARI,40,TB,7,0
2016-09-18,2016,2,REG,CAR,46,SF,27,0
2016-09-18,2016,2,REG,CLE,20,BAL,25,0
2016-09-18,2016,2,REG,DET,15,TEN,16,0
2016-09-18,2016,2,REG,HOU,19,KC,12,0
2016-09-18,2016,2,REG,NE,31,MIA,24,0
2016-09-18,2016,2,REG,NYG,16,NO,13,0
2016-09-18,2016,2,REG,PIT,24,CIN,16,0
2016-09-18,2016,2,REG,WAS,23,DAL,27,0
2016-09-18,2016,2,REG,LA,9,SEA,3,0
2016-09-18,2016,2,REG,DEN,34,IND,20,0
2016-09-18,2016,2,REG,OAK,28,ATL,35,0
2016-09-18,2016,2,REG,SD,38,JAX,14,0
2016-09-18,2016,2,REG,MIN,17,GB,14,0
2016-09-19,2016,2,REG,CHI,14,PHI,29,0
2016-09-22,2016,3,REG,NE,27,HOU,0,0
2016-09-25,2016,3,REG,BUF,33,ARI,18,0
2016-09-25,2016,3,REG,CAR,10,MIN,22,0
2016-09-25,2016,3,REG,CIN,17,DEN,29,0
2016-09-25,2016,3,REG,GB,34,DET,27,0
2016-09-25,2016,3,REG,JAX,17,BAL,19,0
2016-09-25,2016,3,REG,MIA,30,CLE,24,0
2016-09-25,2016,3,REG,NYG,27,WAS,29,0
2016-09-25,2016,3,REG,TEN,10,OAK,17,0
2016-09-25,2016,3,REG,SEA,37,SF,18,0
2016-09-25,2016,3,REG,TB,32,LA,37,0
2016-09-25,2016,3,REG,IND,26,SD,22,0
2016-09-25,2016,3,REG,KC,24,NYJ,3,0
2016-09-25,2016,3,REG,PHI,34,PIT,3,0
2016-09-25,2016,3,REG,DAL,31,CHI,17,0
2016-09-26,2016,3,REG,NO,32,ATL,45,0
2016-09-29,2016,4,REG,CIN,22,MIA,7,0
2016-10-02,2016,4,REG,JAX,30,IND,27,0
2016-10-02,2016,4,REG,ATL,48,CAR,33,0
2016-10-02,2016,4,REG,BAL,27,OAK,28,0
2016-10-02,2016,4,REG,CHI,17,DET,14,0
2016-10-02,2016,4,REG,HOU,27,TEN,20,0
2016-10-02,2016,4,REG,NE,0,BUF,16,0
2016-10-02,2016,4,REG,NYJ,17,SEA,27,0
2016-10-02,2016,4,REG,WAS,31,CLE,20,0
2016-10-02,2016,4,REG,TB,7,DEN,27,0
2016-10-02,2016,4,REG,ARI,13,LA,17,0
2016-10-02,2016,4,REG,SD,34,NO,35,0
2016-10-02,2016,4,REG,SF,17,DAL,24,0
2016-10-02,2016,4,REG,PIT,43,KC,14,0
2016-10-03,2016,4,REG,MIN,24,NYG,10,0
2016-10-06,2016,5,REG,SF,21,ARI,33,0
2016-10-09,2016,5,REG,BAL,10,WAS,16,0
2016-10-09,2016,5,REG,CLE,13,NE,33,0
2016-10-09,2016,5,REG,DET,24,PHI,23,0
2016-10-09,2016,5,REG,IND,29,CHI,23,0
2016-10-09,2016,5,REG,MIA,17,TEN,30,0
2016-10-09,2016,5,REG,MIN,31,HOU,13,0
2016-10-09,2016,5,REG,PIT,31,NYJ,13,0
2016-10-09,2016,5,REG,DEN,16,ATL,23,0
2016-10-09,2016,5,REG,DAL,28,CIN,14,0
2016-10-09,2016,5,REG,LA,19,BUF,30,0
2016-10-09,2016,5,REG,OAK,34,SD,31,0
2016-10-09,2016,5,REG,GB,23,NYG,16,0
2016-10-10,2016,5,REG,CAR,14,TB,17,0
2016-10-13,2016,6,REG,SD,21,DEN,13,0
2016-10-16,2016,6,REG,BUF,45,SF,16,0
2016-10-16,2016,6,REG,CHI,16,JAX,17,0
2016-10-16,2016,6,REG,DET,31,LA,28,0
2016-10-16,2016,6,REG,MIA,30,PIT,15,0
2016-10-16,2016,6,REG,NE,35,CIN,17,0
2016-10-16,2016,6,REG,NO,41,CAR,38,0
2016-10-16,2016,6,REG,NYG,27,BAL,23,0
2016-10-16,2016,6,REG,TEN,28,CLE,26,0
2016-10-16,2016,6,REG,WAS,27,PHI,20,0
2016-10-16,2016,6,REG,OAK,10,KC,26,0
2016-10-16,2016,6,REG,GB,16,DAL,30,0
2016-10-16,2016,6,REG,SEA,26,ATL,24,0
2016-10-16,2016,6,REG,HOU,26,IND,23,0
2016-10-17,2016,6,REG,ARI,28,NYJ,3,0
2016-10-20,2016,7,REG,GB,26,CHI,10,0
2016-10-23,2016,7,REG,LA,10,NYG,17,0
2016-10-23,2016,7,REG,CIN,31,CLE,17,0
2016-10-23,2016,7,REG,DET,20,WAS,17,0
2016-10-23,2016,7,REG,JAX,16,OAK,33,0
2016-10-23,2016,7,REG,KC,27,NO,21,0
2016-10-23,2016,7,REG,MIA,28,BUF,25,0
2016-10-23,2016,7,REG,NYJ,24,BAL,16,0
2016-10-23,2016,7,REG,PHI,21,MIN,10,0
2016-10-23,2016,7,REG,TEN,26,IND,34,0
2016-10-23,2016,7,REG,ATL,30,SD,33,0
2016-10-23,2016,7,REG,SF,17,TB,34,0
2016-10-23,2016,7,REG,PIT,16,NE,27,0
2016-10-23,2016,7,REG,ARI,6,SEA,6,0
2016-10-24,2016,7,REG,DEN,27,HOU,9,0
2016-10-27,2016,8,REG,TEN,36,JAX,22,0
2016-10-30,2016,8,REG,CIN,27,WAS,27,0
2016-10-30,2016,8,REG,BUF,25,NE,41,0
2016-10-30,2016,8,REG,CAR,30,ARI,20,0
2016-10-30,2016,8,REG,CLE,28,NYJ,31,0
2016-10-30,2016,8,REG,HOU,20,DET,13,0
2016-10-30,2016,8,REG,IND,14,KC,30,0
2016-10-30,2016,8,REG,NO,25,SEA,20,0
2016-10-30,2016,8,REG,TB,24,OAK,30,0
2016-10-30,2016,8,REG,DEN,27,SD,19,0
2016-10-30,2016,8,REG,ATL,33,GB,32,0
2016-10-30,2016,8,REG,DAL,29,PHI,23,0
2016-10-31,2016,8,REG,CHI,20,MIN,10,0
2016-11-03,2016,9,REG,TB,28,ATL,43,0
2016-11-06,2016,9,REG,BAL,21,PIT,14,0
2016-11-06,2016,9,REG,CLE,10,DAL,35,0
2016-11-06,2016,9,REG,KC,19,JAX,14,0
2016-11-06,2016,9,REG,MIA,27,NYJ,23,0
2016-11-06,2016,9,REG,MIN,16,DET,22,0
2016-11-06,2016,9,REG,NYG,28,PHI,23,0
2016-11-06,2016,9,REG,LA,10,CAR,13,0
2016-11-06,2016,9,REG,SF,23,NO,41,0
2016-11-06,2016,9,REG,GB,26,IND,31,0
2016-11-06,2016,9,REG,SD,43,TEN,35,0
2016-11-06,2016,9,REG,OAK,30,DEN,20,0
2016-11-07,2016,9,REG,SEA,31,BUF,25,0
2016-11-10,2016,10,REG,BAL,28,CLE,7,0
2016-11-13,2016,10,REG,CAR,17,KC,20,0
2016-11-13,2016,10,REG,JAX,21,HOU,24,0
2016-11-13,2016,10,REG,NO,23,DEN,25,0
2016-11-13,2016,10,REG,NYJ,6,LA,9,0
2016-11-13,2016,10,REG,PHI,24,ATL,15,0
2016-11-13,2016,10,REG,TB,36,CHI,10,0
2016-11-13,2016,10,REG,TEN,47,GB,25,0
2016-11-13,2016,10,REG,WAS,26,MIN,20,0
2016-11-13,2016,10,REG,SD,24,MIA,31,0
2016-11-13,2016,10,REG,ARI,23,SF,20,0
2016-11-13,2016,10,REG,PIT,30,DAL,35,0
2016-11-13,2016,10,REG,NE,24,SEA,31,0
2016-11-14,2016,10,REG,NYG,21,CIN,20,0
2016-11-17,2016,11,REG,CAR,23,NO,20,0
2016-11-20,2016,11,REG,CIN,12,BUF,16,0
2016-11-20,2016,11,REG,CLE,9,PIT,24,0
2016-11-20,2016,11,REG,DAL,27,BAL,17,0
2016-11-20,2016,11,REG,DET,26,JAX,19,0
2016-11-20,2016,11,REG,IND,24,TEN,17,0
2016-11-20,2016,11,REG,KC,17,TB,19,0
2016-11-20,2016,11,REG,MIN,30,ARI,24,0
2016-11-20,2016,11,REG,NYG,22,CHI,16,0
2016-11-20,2016,11,REG,LA,10,MIA,14,0
2016-11-20,2016,11,REG,SEA,26,PHI,15,0
2016-11-20,2016,11,REG,SF,17,NE,30,0
2016-11-20,2016,11,REG,WAS,42,GB,24,0
2016-11-21,2016,11,REG,OAK,27,HOU,20,0
2016-11-24,2016,12,REG,DET,16,MIN,13,0
2016-11-24,2016,12,REG,DAL,31,WAS,26,0
2016-11-24,2016,12,REG,IND,7,PIT,28,0
2016-11-27,2016,12,REG,ATL,38,ARI,19,0
2016-11-27,2016,12,REG,BAL,19,CIN,14,0
2016-11-27,2016,12,REG,BUF,28,JAX,21,0
2016-11-27,2016,12,REG,CHI,21,TEN,27,0
2016-11-27,2016,12,REG,CLE,13,NYG,27,0
2016-11-27,2016,12,REG,HOU,13,SD,21,0
2016-11-27,2016,12,REG,MIA,31,SF,24,0
2016-11-27,2016,12,REG,NO,49,LA,21,0
2016-11-27,2016,12,REG,TB,14,SEA,5,0
2016-11-27,2016,12,REG,NYJ,17,NE,22,0
2016-11-27,2016,12,REG,OAK,35,CAR,32,0
2016-11-27,2016,12,REG,DEN,27,KC,30,0
2016-11-28,2016,12,REG,PHI,13,GB,27,0
2016-12-01,2016,13,REG,MIN,15,DAL,17,0
2016-12-04,2016,13,REG,ATL,28,KC,29,0
2016-12-04,2016,13,REG,BAL,38,MIA,6,0
2016-12-04,2016,13,REG,CHI,26,SF,6,0
2016-12-04,2016,13,REG,CIN,32,PHI,14,0
2016-12-04,2016,13,REG,GB,21,HOU,13,0
2016-12-04,2016,13,REG,JAX,10,DEN,20,0
2016-12-04,2016,13,REG,NE,26,LA,10,0
2016-12-04,2016,13,REG,NO,13,DET,28,0
2016-12-04,2016,13,REG,OAK,38,BUF,24,0
2016-12-04,2016,13,REG,ARI,31,WAS,23,0
2016-12-04,2016,13,REG,PIT,24,NYG,14,0
2016-12-04,2016,13,REG,SD,21,TB,28,0
2016-12-04,2016,13,REG,SEA,40,CAR,7,0
2016-12-05,2016,13,REG,NYJ,10,IND,41,0
2016-12-08,2016,14,REG,KC,21,OAK,13,0
2016-12-11,2016,14,REG,BUF,20,PIT,27,0
2016-12-11,2016,14,REG,CAR,28,SD,16,0
2016-12-11,2016,14,REG,CLE,10,CIN,23,0
2016-12-11,2016,14,REG,DET,20,CHI,17,0
2016-12-11,2016,14,REG,IND,17,HOU,22,0
2016-12-11,2016,14,REG,JAX,16,MIN,25,0
2016-12-11,2016,14,REG,MIA,26,ARI,23,0
2016-12-11,2016,14,REG,PHI,22,WAS,27,0
2016-12-11,2016,14,REG,TEN,13,DEN,10,0
2016-12-11,2016,14,REG,SF,17,NYJ,23,0
2016-12-11,2016,14,REG,GB,38,SEA,10,0
2016-12-11,2016,14,REG,LA,14,ATL,42,0
2016-12-11,2016,14,REG,TB,16,NO,11,0
2016-12-11,2016,14,REG,NYG,10,DAL,7,0
2016-12-12,2016,14,REG,NE,30,BAL,23,0
2016-12-15,2016,15,REG,SEA,24,LA,3,0
2016-12-17,2016,15,REG,NYJ,13,MIA,34,0
2016-12-18,2016,15,REG,BAL,27,PHI,26,0
2016-12-18,2016,15,REG,BUF,33,CLE,13,0
2016-12-18,2016,15,REG,CHI,27,GB,30,0
2016-12-18,2016,15,REG,CIN,20,PIT,24,0
2016-12-18,2016,15,REG,HOU,21,JAX,20,0
2016-12-18,2016,15,REG,KC,17,TEN,19,0
2016-12-18,2016,15,REG,MIN,6,IND,34,0
2016-12-18,2016,15,REG,NYG,17,DET,6,0
2016-12-18,2016,15,REG,ARI,41,NO,48,0
2016-12-18,2016,15,REG,ATL,41,SF,13,0
2016-12-18,2016,15,REG,DEN,3,NE,16,0
2016-12-18,2016,15,REG,SD,16,OAK,19,0
2016-12-18,2016,15,REG,DAL,26,TB,20,0
2016-12-19,2016,15,REG,WAS,15,CAR,26,0
2016-12-22,2016,16,REG,PHI,24,NYG,19,0
2016-12-24,2016,16,REG,BUF,31,MIA,34,0
2016-12-24,2016,16,REG,CAR,16,ATL,33,0
2016-12-24,2016,16,REG,CHI,21,WAS,41,0
2016-12-24,2016,16,REG,CLE,20,SD,17,0
2016-12-24,2016,16,REG,GB,38,MIN,25,0
2016-12-24,2016,16,REG,JAX,38,TEN,17,0
2016-12-24,2016,16,REG,NE,41,NYJ,3,0
2016-12-24,2016,16,REG,OAK,33,IND,25,0
2016-12-24,2016,16,REG,LA,21,SF,22,0
2016-12-24,2016,16,REG,NO,31,TB,24,0
2016-12-24,2016,16,REG,SEA,31,ARI,34,0
2016-12-24,2016,16,REG,HOU,12,CIN,10,0
2016-12-25,2016,16,REG,PIT,31,BAL,27,0
2016-12-25,2016,16,REG,KC,33,DEN,10,0
2016-12-26,2016,16,REG,DAL,42,DET,21,0
2017-01-01,2016,17,REG,CIN,27,BAL,10,0
2017-01-01,2016,17,REG,IND,24,JAX,20,0
2017-01-01,2016,17,REG,MIA,14,NE,35,0
2017-01-01,2016,17,REG,MIN,38,CHI,10,0
2017-01-01,2016,17,REG,NYJ,30,BUF,10,0
2017-01-01,2016,17,REG,PHI,27,DAL,13,0
2017-01-01,2016,17,REG,PIT,27,CLE,24,0
2017-01-01,2016,17,REG,TB,17,CAR,16,0
2017-01-01,2016,17,REG,TEN,24,HOU,17,0
2017-01-01,2016,17,REG,ATL,38,NO,32,0
2017-01-01,2016,17,REG,DEN,24,OAK,6,0
2017-01-01,2016,17,REG,LA,6,ARI,44,0
2017-01-01,2016,17,REG,SD,27,KC,37,0
2017-01-01,2016,17,REG,SF,23,SEA,25,0
2017-01-01,2016,17,REG,WAS,10,NYG,19,0
2017-01-01,2016,17,REG,DET,24,GB,31,0
2017-01-07,2016,18,WC,HOU,27,OAK,14,0
2017-01-07,2016,18,WC,SEA,26,DET,6,0
2017-01-08,2016,18,WC,PIT,30,MIA,12,0
2017-01-08,2016,18,WC,GB,38,NYG,13,0
2017-01-14,2016,19,DIV,ATL,36,SEA,20,0
2017-01-14,2016,19,DIV,NE,34,HOU,16,0
2017-01-15,2016,19,DIV,DAL,31,GB,34,0
2017-01-15,2016,19,DIV,KC,16,PIT,18,0
2017-01-22,2016,20,CON,ATL,44,GB,21,0
2017-01-22,2016,20,CON,NE,36,PIT,17,0
2017-02-05,2016,21,SB,ATL,28,NE,34,0
2017-09-07,2017,1,REG,NE,27,KC,42,0
2017-09-10,2017,1,REG,BUF,21,NYJ,12,0
2017-09-10,2017,1,REG,CHI,17,ATL,23,0
2017-09-10,2017,1,REG,CIN,0,BAL,20,0
2017-09-10,2017,1,REG,CLE,18,PIT,21,0
2017-09-10,2017,1,REG,DET,35,ARI,23,0
2017-09-10,2017,1,REG,HOU,7,JAX,29,0
2017-09-10,2017,1,REG,TEN,16,OAK,26,0
2017-09-10,2017,1,REG,WAS,17,PHI,30,0
2017-09-10,2017,1,REG,LA,46,IND,9,0
2017-09-10,2017,1,REG,GB,17,SEA,9,0
2017-09-10,2017,1,REG,SF,3,CAR,23,0
2017-09-10,2017,1,REG,DAL,19,NYG,3,0
2017-09-11,2017,1,REG,MIN,29,NO,19,0
2017-09-11,2017,1,REG,DEN,24,LAC,21,0
2017-09-14,2017,2,REG,CIN,9,HOU,13,0
2017-09-17,2017,2,REG,BAL,24,CLE,10,0
2017-09-17,2017,2,REG,CAR,9,BUF,3,0
2017-09-17,2017,2,REG,IND,13,ARI,16,0
2017-09-17,2017,2,REG,JAX,16,TEN,37,0
2017-09-17,2017,2,REG,KC,27,PHI,20,0
2017-09-17,2017,2,REG,NO,20,NE,36,0
2017-09-17,2017,2,REG,PIT,26,MIN,9,0
2017-09-17,2017,2,REG,TB,29,CHI,7,0
2017-09-17,2017,2,REG,LAC,17,MIA,19,0
2017-09-17,2017,2,REG,OAK,45,NYJ,20,0
2017-09-17,2017,2,REG,DEN,42,DAL,17,0
2017-09-17,2017,2,REG,LA,20,WAS,27,0
2017-09-17,2017,2,REG,SEA,12,SF,9,0
2017-09-17,2017,2,REG,ATL,34,GB,23,0
2017-09-18,2017,2,REG,NYG,10,DET,24,0
2017-09-21,2017,3,REG,SF,39,LA,41,0
2017-09-24,2017,3,REG,BUF,26,DEN,16,0
2017-09-24,2017,3,REG,CAR,13,NO,34,0
2017-09-24,2017,3,REG,CHI,23,PIT,17,0
2017-09-24,2017,3,REG,DET,26,ATL,30,0
2017-09-24,2017,3,REG,IND,31,CLE,28,0
2017-09-24,2017,3,REG,MIN,34,TB,17,0
2017-09-24,2017,3,REG,NE,36,HOU,33,0
2017-09-24,2017,3,REG,NYJ,20,MIA,6,0
2017-09-24,2017,3,REG,PHI,27,NYG,24,0
2017-09-24,2017,3,REG,TEN,33,SEA,27,0
2017-09-24,2017,3,REG,GB,27,CIN,24,0
2017-09-24,2017,3,REG,LAC,10,KC,24,0
2017-09-24,2017,3,REG,WAS,27,OAK,10,0
2017-09-24,2017,3,REG,JAX,44,BAL,7,0
2017-09-25,2017,3,REG,ARI,17,DAL,28,0
2017-09-28,2017,4,REG,GB,35,CHI,14,0
2017-10-01,2017,4,REG,ATL,17,BUF,23,0
2017-10-01,2017,4,REG,BAL,9,PIT,26,0
2017-10-01,2017,4,REG,CLE,7,CIN,31,0
2017-10-01,2017,4,REG,DAL,30,LA,35,0
2017-10-01,2017,4,REG,HOU,57,TEN,14,0
2017-10-01,2017,4,REG,MIN,7,DET,14,0
2017-10-01,2017,4,REG,NE,30,CAR,33,0
2017-10-01,2017,4,REG,NYJ,23,JAX,20,0
2017-10-01,2017,4,REG,ARI,18,SF,15,0
2017-10-01,2017,4,REG,LAC,24,PHI,26,0
2017-10-01,2017,4,REG,TB,25,NYG,23,0
2017-10-01,2017,4,REG,DEN,16,OAK,10,0
2017-10-01,2017,4,REG,SEA,46,IND,18,0
2017-10-01,2017,4,REG,MIA,0,NO,20,0
2017-10-02,2017,4,REG,KC,29,WAS,20,0
2017-10-05,2017,5,REG,TB,14,NE,19,0
2017-10-08,2017,5,REG,CIN,20,BUF,16,0
2017-10-08,2017,5,REG,CLE,14,NYJ,17,0
2017-10-08,2017,5,REG,DET,24,CAR,27,0
2017-10-08,2017,5,REG,IND,26,SF,23,0
2017-10-08,2017,5,REG,MIA,16,TEN,10,0
2017-10-08,2017,5,REG,NYG,22,LAC,27,0
2017-10-08,2017,5,REG,PHI,34,ARI,7,0
2017-10-08,2017,5,REG,PIT,9,JAX,30,0
2017-10-08,2017,5,REG,LA,10,SEA,16,0
2017-10-08,2017,5,REG,OAK,17,BAL,30,0
2017-10-08,2017,5,REG,DAL,31,GB,35,0
2017-10-08,2017,5,REG,HOU,34,KC,42,0
2017-10-09,2017,5,REG,CHI,17,MIN,20,0
2017-10-12,2017,6,REG,CAR,23,PHI,28,0
2017-10-15,2017,6,REG,ATL,17,MIA,20,0
2017-10-15,2017,6,REG,BAL,24,CHI,27,0
2017-10-15,2017,6,REG,HOU,33,CLE,17,0
2017-10-15,2017,6,REG,MIN,23,GB,10,0
2017-10-15,2017,6,REG,NO,52,DET,38,0
2017-10-15,2017,6,REG,NYJ,17,NE,24,0
2017-10-15,2017,6,REG,WAS,26,SF,24,0
2017-10-15,2017,6,REG,ARI,38,TB,33,0
2017-10-15,2017,6,REG,JAX,17,LA,27,0
2017-10-15,2017,6,REG,KC,13,PIT,19,0
2017-10-15,2017,6,REG,OAK,16,LAC,17,0
2017-10-15,2017,6,REG,DEN,10,NYG,23,0
2017-10-16,2017,6,REG,TEN,36,IND,22,0
2017-10-19,2017,7,REG,OAK,31,KC,30,0
2017-10-22,2017,7,REG,BUF,30,TB,27,0
2017-10-22,2017,7,REG,CHI,17,CAR,3,0
2017-10-22,2017,7,REG,CLE,9,TEN,12,0
2017-10-22,2017,7,REG,GB,17,NO,26,0
2017-10-22,2017,7,REG,IND,0,JAX,27,0
2017-10-22,2017,7,REG,LA,33,ARI,0,0
2017-10-22,2017,7,REG,MIA,31,NYJ,28,0
2017-10-22,2017,7,REG,MIN,24,BAL,16,0
2017-10-22,2017,7,REG,SF,10,DAL,40,0
2017-10-22,2017,7,REG,LAC,21,DEN,0,0
2017-10-22,2017,7,REG,NYG,7,SEA,24,0
2017-10-22,2017,7,REG,PIT,29,CIN,14,0
2017-10-22,2017,7,REG,NE,23,ATL,7,0
2017-10-23,2017,7,REG,PHI,34,WAS,24,0
2017-10-26,2017,8,REG,BAL,40,MIA,0,0
2017-10-29,2017,8,REG,BUF,34,OAK,14,0
2017-10-29,2017,8,REG,CIN,24,IND,23,0
2017-10-29,2017,8,REG,NE,21,LAC,13,0
2017-10-29,2017,8,REG,NO,20,CHI,12,0
2017-10-29,2017,8,REG,NYJ,20,ATL,25,0
2017-10-29,2017,8,REG,PHI,33,SF,10,0
2017-10-29,2017,8,REG,TB,3,CAR,17,0
2017-10-29,2017,8,REG,SEA,41,HOU,38,0
2017-10-29,2017,8,REG,WAS,19,DAL,33,0
2017-10-29,2017,8,REG,DET,15,PIT,20,0
2017-10-29,2017,8,REG,CLE,16,MIN,33,0
2017-10-30,2017,8,REG,KC,29,DEN,19,0
2017-11-02,2017,9,REG,NYJ,34,BUF,21,0
2017-11-05,2017,9,REG,CAR,20,ATL,17,0
2017-11-05,2017,9,REG,HOU,14,IND,20,0
2017-11-05,2017,9,REG,JAX,23,CIN,7,0
2017-11-05,2017,9,REG,NO,30,TB,10,0
2017-11-05,2017,9,REG,NYG,17,LA,51,0
2017-11-05,2017,9,REG,PHI,51,DEN,23,0
2017-11-05,2017,9,REG,TEN,23,BAL,20,0
2017-11-05,2017,9,REG,SEA,14,WAS,17,0
2017-11-05,2017,9,REG,SF,10,ARI,20,0
2017-11-05,2017,9,REG,DAL,28,KC,17,0
2017-11-05,2017,9,REG,MIA,24,OAK,27,0
2017-11-06,2017,9,REG,GB,17,DET,30,0
2017-11-09,2017,10,REG,ARI,16,SEA,22,0
2017-11-12,2017,10,REG,BUF,10,NO,47,0
2017-11-12,2017,10,REG,CHI,16,GB,23,0
2017-11-12,2017,10,REG,DET,38,CLE,24,0
2017-11-12,2017,10,REG,IND,17,PIT,20,0
2017-11-12,2017,10,REG,JAX,20,LAC,17,0
2017-11-12,2017,10,REG,TB,15,NYJ,10,0
2017-11-12,2017,10,REG,TEN,24,CIN,20,0
2017-11-12,2017,10,REG,WAS,30,MIN,38,0
2017-11-12,2017,10,REG,LA,33,HOU,7,0
2017-11-12,2017,10,REG,ATL,27,DAL,7,0
2017-11-12,2017,10,REG,SF,31,NYG,21,0
2017-11-12,2017,10,REG,DEN,16,NE,41,0
2017-11-13,2017,10,REG,CAR,45,MIA,21,0
2017-11-16,2017,11,REG,PIT,40,TEN,17,0
2017-11-19,2017,11,REG,CHI,24,DET,27,0
2017-11-19,2017,11,REG,CLE,7,JAX,19,0
2017-11-19,2017,11,REG,GB,0,BAL,23,0
2017-11-19,2017,11,REG,HOU,31,ARI,21,0
2017-11-19,2017,11,REG,MIA,20,TB,30,0
2017-11-19,2017,11,REG,MIN,24,LA,7,0
2017-11-19,2017,11,REG,NO,34,WAS,31,0
2017-11-19,2017,11,REG,NYG,12,KC,9,0
2017-11-19,2017,11,REG,LAC,54,BUF,24,0
2017-11-19,2017,11,REG,DEN,17,CIN,20,0
2017-11-19,2017,11,REG,OAK,8,NE,33,0
2017-11-19,2017,11,REG,DAL,9,PHI,37,0
2017-11-20,2017,11,REG,SEA,31,ATL,34,0
2017-11-23,2017,12,REG,DET,23,MIN,30,0
2017-11-23,2017,12,REG,DAL,6,LAC,28,0
2017-11-23,2017,12,REG,WAS,20,NYG,10,0
2017-11-26,2017,12,REG,ATL,34,TB,20,0
2017-11-26,2017,12,REG,CIN,30,CLE,16,0
2017-11-26,2017,12,REG,IND,16,TEN,20,0
2017-11-26,2017,12,REG,KC,10,BUF,16,0
2017-11-26,2017,12,REG,NE,35,MIA,17,0
2017-11-26,2017,12,REG,NYJ,27,CAR,35,0
2017-11-26,2017,12,REG,PHI,31,CHI,3,0
2017-11-26,2017,12,REG,SF,13,SEA,24,0
2017-11-26,2017,12,REG,ARI,27,JAX,24,0
2017-11-26,2017,12,REG,LA,26,NO,20,0
2017-11-26,2017,12,REG,OAK,21,DEN,14,0
2017-11-26,2017,12,REG,PIT,31,GB,28,0
2017-11-27,2017,12,REG,BAL,23,HOU,16,0
2017-11-30,2017,13,REG,DAL,38,WAS,14,0
2017-12-03,2017,13,REG,ATL,9,MIN,14,0
2017-12-03,2017,13,REG,BAL,44,DET,20,0
2017-12-03,2017,13,REG,BUF,3,NE,23,0
2017-12-03,2017,13,REG,CHI,14,SF,15,0
2017-12-03,2017,13,REG,GB,26,TB,20,0
2017-12-03,2017,13,REG,JAX,30,IND,10,0
2017-12-03,2017,13,REG,MIA,35,DEN,9,0
2017-12-03,2017,13,REG,NYJ,38,KC,31,0
2017-12-03,2017,13,REG,TEN,24,HOU,13,0
2017-12-03,2017,13,REG,LAC,19,CLE,10,0
2017-12-03,2017,13,REG,ARI,16,LA,32,0
2017-12-03,2017,13,REG,NO,31,CAR,21,0
2017-12-03,2017,13,REG,OAK,24,NYG,17,0
2017-12-03,2017,13,REG,SEA,24,PHI,10,0
2017-12-04,2017,13,REG,CIN,20,PIT,23,0
2017-12-07,2017,14,REG,ATL,20,NO,17,0
2017-12-10,2017,14,REG,BUF,13,IND,7,0
2017-12-10,2017,14,REG,CAR,31,MIN,24,0
2017-12-10,2017,14,REG,CIN,7,CHI,33,0
2017-12-10,2017,14,REG,CLE,21,GB,27,0
2017-12-10,2017,14,REG,HOU,16,SF,26,0
2017-12-10,2017,14,REG,KC,26,OAK,15,0
2017-12-10,2017,14,REG,NYG,10,DAL,30,0
2017-12-10,2017,14,REG,TB,21,DET,24,0
2017-12-10,2017,14,REG,ARI,12,TEN,7,0
2017-12-10,2017,14,REG,DEN,23,NYJ,0,0
2017-12-10,2017,14,REG,LAC,30,WAS,13,0
2017-12-10,2017,14,REG,JAX,30,SEA,24,0
2017-12-10,2017,14,REG,LA,35,PHI,43,0
2017-12-10,2017,14,REG,PIT,39,BAL,38,0
2017-12-11,2017,14,REG,MIA,27,NE,20,0
2017-12-14,2017,15,REG,IND,13,DEN,25,0
2017-12-16,2017,15,REG,DET,20,CHI,10,0
2017-12-16,2017,15,REG,KC,30,LAC,13,0
2017-12-17,2017,15,REG,BUF,24,MIA,16,0
2017-12-17,2017,15,REG,CAR,31,GB,24,0
2017-12-17,2017,15,REG,CLE,10,BAL,27,0
2017-12-17,2017,15,REG,JAX,45,HOU,7,0
2017-12-17,2017,15,REG,MIN,34,CIN,7,0
2017-12-17,2017,15,REG,NO,31,NYJ,19,0
2017-12-17,2017,15,REG,NYG,29,PHI,34,0
2017-12-17,2017,15,REG,WAS,20,ARI,15,0
2017-12-17,2017,15,REG,SEA,7,LA,42,0
2017-12-17,2017,15,REG,PIT,24,NE,27,0
2017-12-17,2017,15,REG,SF,25,TEN,23,0
2017-12-17,2017,15,REG,OAK,17,DAL,20,0
2017-12-18,2017,15,REG,TB,21,ATL,24,0
2017-12-23,2017,16,REG,BAL,23,IND,16,0
2017-12-23,2017,16,REG,GB,0,MIN,16,0
2017-12-24,2017,16,REG,CAR,22,TB,19,0
2017-12-24,2017,16,REG,CHI,20,CLE,3,0
2017-12-24,2017,16,REG,CIN,26,DET,17,0
2017-12-24,2017,16,REG,KC,29,MIA,13,0
2017-12-24,2017,16,REG,NE,37,BUF,16,0
2017-12-24,2017,16,REG,NO,23,ATL,13,0
2017-12-24,2017,16,REG,NYJ,7,LAC,14,0
2017-12-24,2017,16,REG,TEN,23,LA,27,0
2017-12-24,2017,16,REG,WAS,27,DEN,11,0
2017-12-24,2017,16,REG,SF,44,JAX,33,0
2017-12-24,2017,16,REG,ARI,23,NYG,0,0
2017-12-24,2017,16,REG,DAL,12,SEA,21,0
2017-12-25,2017,16,REG,HOU,6,PIT,34,0
2017-12-25,2017,16,REG,PHI,19,OAK,10,0
2017-12-31,2017,17,REG,DET,35,GB,11,0
2017-12-31,2017,17,REG,IND,22,HOU,13,0
2017-12-31,2017,17,REG,MIN,23,CHI,10,0
2017-12-31,2017,17,REG,NE,26,NYJ,6,0
2017-12-31,2017,17,REG,NYG,18,WAS,10,0
2017-12-31,2017,17,REG,PHI,0,DAL,6,0
2017-12-31,2017,17,REG,PIT,28,CLE,24,0
2017-12-31,2017,17,REG,ATL,22,CAR,10,0
2017-12-31,2017,17,REG,BAL,27,CIN,31,0
2017-12-31,2017,17,REG,DEN,24,KC,27,0
2017-12-31,2017,17,REG,LA,13,SF,34,0
2017-12-31,2017,17,REG,LAC,30,OAK,10,0
2017-12-31,2017,17,REG,MIA,16,BUF,22,0
2017-12-31,2017,17,REG,SEA,24,ARI,26,0
2017-12-31,2017,17,REG,TB,31,NO,24,0
2017-12-31,2017,17,REG,TEN,15,JAX,10,0
2018-01-06,2017,18,WC,KC,21,TEN,22,0
2018-01-06,2017,18,WC,LA,13,ATL,26,0
2018-01-07,2017,18,WC,JAX,10,BUF,3,0
2018-01-07,2017,18,WC,NO,31,CAR,26,0
2018-01-13,2017,19,DIV,PHI,15,ATL,10,0
2018-01-13,2017,19,DIV,NE,35,TEN,14,0
2018-01-14,2017,19,DIV,PIT,42,JAX,45,0
2018-01-14,2017,19,DIV,MIN,29,NO,24,0
2018-01-21,2017,20,CON,NE,24,JAX,20,0
2018-01-21,2017,20,CON,PHI,38,MIN,7,0
2018-02-04,2017,21,SB,NE,33,PHI,41,0
2018-09-06,2018,1,REG,PHI,18,ATL,12,0
2018-09-09,2018,1,REG,BAL,47,BUF,3,0
2018-09-09,2018,1,REG,CLE,21,PIT,21,0
2018-09-09,2018,1,REG,IND,23,CIN,34,0
2018-09-09,2018,1,REG,MIA,27,TEN,20,0
2018-09-09,2018,1,REG,MIN,24,SF,16,0
2018-09-09,2018,1,REG,NE,27,HOU,20,0
2018-09-09,2018,1,REG,NO,40,TB,48,0
2018-09-09,2018,1,REG,NYG,15,JAX,20,0
2018-09-09,2018,1,REG,LAC,28,KC,38,0
2018-09-09,2018,1,REG,ARI,6,WAS,24,0
2018-09-09,2018,1,REG,CAR,16,DAL,8,0
2018-09-09,2018,1,REG,DEN,27,SEA,24,0
2018-09-09,2018,1,REG,GB,24,CHI,23,0
2018-09-10,2018,1,REG,DET,17,NYJ,48,0
2018-09-10,2018,1,REG,OAK,13,LA,33,0
2018-09-13,2018,2,REG,CIN,34,BAL,23,0
2018-09-16,2018,2,REG,ATL,31,CAR,24,0
2018-09-16,2018,2,REG,BUF,20,LAC,31,0
2018-09-16,2018,2,REG,GB,29,MIN,29,0
2018-09-16,2018,2,REG,NO,21,CLE,18,0
2018-09-16,2018,2,REG,NYJ,12,MIA,20,0
2018-09-16,2018,2,REG,PIT,37,KC,42,0
2018-09-16,2018,2,REG,TB,27,PHI,21,0
2018-09-16,2018,2,REG,TEN,20,HOU,17,0
2018-09-16,2018,2,REG,WAS,9,IND,21,0
2018-09-16,2018,2,REG,LA,34,ARI,0,0
2018-09-16,2018,2,REG,SF,30,DET,27,0
2018-09-16,2018,2,REG,DEN,20,OAK,19,0
2018-09-16,2018,2,REG,JAX,31,NE,20,0
2018-09-16,2018,2,REG,DAL,20,NYG,13,0
2018-09-17,2018,2,REG,CHI,24,SEA,17,0
2018-09-20,2018,3,REG,CLE,21,NYJ,17,0
2018-09-23,2018,3,REG,ATL,37,NO,43,0
2018-09-23,2018,3,REG,BAL,27,DEN,14,0
2018-09-23,2018,3,REG,CAR,31,CIN,21,0
2018-09-23,2018,3,REG,HOU,22,NYG,27,0
2018-09-23,2018,3,REG,JAX,6,TEN,9,0
2018-09-23,2018,3,REG,KC,38,SF,27,0
2018-09-23,2018,3,REG,MIA,28,OAK,20,0
2018-09-23,2018,3,REG,MIN,6,BUF,27,0
2018-09-23,2018,3,REG,PHI,20,IND,16,0
2018-09-23,2018,3,REG,WAS,31,GB,17,0
2018-09-23,2018,3,REG,LA,35,LAC,23,0
2018-09-23,2018,3,REG,ARI,14,CHI,16,0
2018-09-23,2018,3,REG,SEA,24,DAL,13,0
2018-09-23,2018,3,REG,DET,26,NE,10,0
2018-09-24,2018,3,REG,TB,27,PIT,30,0
2018-09-27,2018,4,REG,LA,38,MIN,31,0
2018-09-30,2018,4,REG,ATL,36,CIN,37,0
2018-09-30,2018,4,REG,CHI,48,TB,10,0
2018-09-30,2018,4,REG,DAL,26,DET,24,0
2018-09-30,2018,4,REG,GB,22,BUF,0,0
2018-09-30,2018,4,REG,IND,34,HOU,37,0
2018-09-30,2018,4,REG,JAX,31,NYJ,12,0
2018-09-30,2018,4,REG,NE,38,MIA,7,0
2018-09-30,2018,4,REG,TEN,26,PHI,23,0
2018-09-30,2018,4,REG,ARI,17,SEA,20,0
2018-09-30,2018,4,REG,OAK,45,CLE,42,0
2018-09-30,2018,4,REG,LAC,29,SF,27,0
2018-09-30,2018,4,REG,NYG,18,NO,33,0
2018-09-30,2018,4,REG,PIT,14,BAL,26,0
2018-10-01,2018,4,REG,DEN,23,KC,27,0
2018-10-04,2018,5,REG,NE,38,IND,24,0
2018-10-07,2018,5,REG,BUF,13,TEN,12,0
2018-10-07,2018,5,REG,CAR,33,NYG,31,0
2018-10-07,2018,5,REG,CIN,27,MIA,17,0
2018-10-07,2018,5,REG,CLE,12,BAL,9,0
2018-10-07,2018,5,REG,DET,31,GB,23,0
2018-10-07,2018,5,REG,KC,30,JAX,14,0
2018-10-07,2018,5,REG,NYJ,34,DEN,16,0
2018-10-07,2018,5,REG,PIT,41,ATL,17,0
2018-10-07,2018,5,REG,LAC,26,OAK,10,0
2018-10-07,2018,5,REG,PHI,21,MIN,23,0
2018-10-07,2018,5,REG,SEA,31,LA,33,0
2018-10-07,2018,5,REG,SF,18,ARI,28,0
2018-10-07,2018,5,REG,HOU,19,DAL,16,0
2018-10-08,2018,5,REG,NO,43,WAS,19,0
2018-10-11,2018,6,REG,NYG,13,PHI,34,0
2018-10-14,2018,6,REG,ATL,34,TB,29,0
2018-10-14,2018,6,REG,CIN,21,PIT,28,0
2018-10-14,2018,6,REG,CLE,14,LAC,38,0
2018-10-14,2018,6,REG,HOU,20,BUF,13,0
2018-10-14,2018,6,REG,MIA,31,CHI,28,0
2018-10-14,2018,6,REG,MIN,27,ARI,17,0
2018-10-14,2018,6,REG,NYJ,42,IND,34,0
2018-10-14,2018,6,REG,OAK,3,SEA,27,0
2018-10-14,2018,6,REG,WAS,23,CAR,17,0
2018-10-14,2018,6,REG,DEN,20,LA,23,0
2018-10-14,2018,6,REG,DAL,40,JAX,7,0
2018-10-14,2018,6,REG,TEN,0,BAL,21,0
2018-10-14,2018,6,REG,NE,43,KC,40,0
2018-10-15,2018,6,REG,GB,33,SF,30,0
2018-10-18,2018,7,REG,ARI,10,DEN,45,0
2018-10-21,2018,7,REG,CHI,31,NE,38,0
2018-10-21,2018,7,REG,IND,37,BUF,5,0
2018-10-21,2018,7,REG,JAX,7,HOU,20,0
2018-10-21,2018,7,REG,MIA,21,DET,32,0
2018-10-21,2018,7,REG,NYJ,17,MIN,37,0
2018-10-21,2018,7,REG,PHI,17,CAR,21,0
2018-10-21,2018,7,REG,TB,26,CLE,23,0
2018-10-21,2018,7,REG,BAL,23,NO,24,0
2018-10-21,2018,7,REG,SF,10,LA,39,0
2018-10-21,2018,7,REG,WAS,20,DAL,17,0
2018-10-21,2018,7,REG,KC,45,CIN,10,0
2018-10-21,2018,7,REG,LAC,20,TEN,19,0
2018-10-22,2018,7,REG,ATL,23,NYG,20,0
2018-10-25,2018,8,REG,HOU,42,MIA,23,0
2018-10-28,2018,8,REG,CAR,36,BAL,21,0
2018-10-28,2018,8,REG,CHI,24,NYJ,10,0
2018-10-28,2018,8,REG,CIN,37,TB,34,0
2018-10-28,2018,8,REG,DET,14,SEA,28,0
2018-10-28,2018,8,REG,KC,30,DEN,23,0
2018-10-28,2018,8,REG,NYG,13,WAS,20,0
2018-10-28,2018,8,REG,PIT,33,CLE,18,0
2018-10-28,2018,8,REG,OAK,28,IND,42,0
2018-10-28,2018,8,REG,ARI,18,SF,15,0
2018-10-28,2018,8,REG,LA,29,GB,27,0
2018-10-28,2018,8,REG,MIN,20,NO,30,0
2018-10-28,2018,8,REG,JAX,18,PHI,24,0
2018-10-29,2018,8,REG,BUF,6,NE,25,0
2018-11-01,2018,9,REG,SF,34,OAK,3,0
2018-11-04,2018,9,REG,BAL,16,PIT,23,0
2018-11-04,2018,9,REG,BUF,9,CHI,41,0
2018-11-04,2018,9,REG,CAR,42,TB,28,0
2018-11-04,2018,9,REG,CLE,21,KC,37,0
2018-11-04,2018,9,REG,MIA,13,NYJ,6,0
2018-11-04,2018,9,REG,MIN,24,DET,9,0
2018-11-04,2018,9,REG,WAS,14,ATL,38,0
2018-11-04,2018,9,REG,DEN,17,HOU,19,0
2018-11-04,2018,9,REG,SEA,17,LAC,25,0
2018-11-04,2018,9,REG,NO,45,LA,35,0
2018-11-04,2018,9,REG,NE,31,GB,17,0
2018-11-05,2018,9,REG,DAL,14,TEN,28,0
2018-11-08,2018,10,REG,PIT,52,CAR,21,0
2018-11-11,2018,10,REG,CHI,34,DET,22,0
2018-11-11,2018,10,REG,CIN,14,NO,51,0
2018-11-11,2018,10,REG,CLE,28,ATL,16,0
2018-11-11,2018,10,REG,IND,29,JAX,26,0
2018-11-11,2018,10,REG,KC,26,ARI,14,0
2018-11-11,2018,10,REG,NYJ,10,BUF,41,0
2018-11-11,2018,10,REG,TB,3,WAS,16,0
2018-11-11,2018,10,REG,TEN,34,NE,10,0
2018-11-11,2018,10,REG,OAK,6,LAC,20,0
2018-11-11,2018,10,REG,GB,31,MIA,12,0
2018-11-11,2018,10,REG,LA,36,SEA,31,0
2018-11-11,2018,10,REG,PHI,20,DAL,27,0
2018-11-12,2018,10,REG,SF,23,NYG,27,0
2018-11-15,2018,11,REG,SEA,27,GB,24,0
2018-11-18,2018,11,REG,ATL,19,DAL,22,0
2018-11-18,2018,11,REG,BAL,24,CIN,21,0
2018-11-18,2018,11,REG,DET,20,CAR,19,0
2018-11-18,2018,11,REG,IND,38,TEN,10,0
2018-11-18,2018,11,REG,JAX,16,PIT,20,0
2018-11-18,2018,11,REG,NYG,38,TB,35,0
2018-11-18,2018,11,REG,WAS,21,HOU,23,0
2018-11-18,2018,11,REG,ARI,21,OAK,23,0
2018-11-18,2018,11,REG,LAC,22,DEN,23,0
2018-11-18,2018,11,REG,NO,48,PHI,7,0
2018-11-18,2018,11,REG,CHI,25,MIN,20,0
2018-11-19,2018,11,REG,LA,54,KC,51,0
2018-11-22,2018,12,REG,DET,16,CHI,23,0
2018-11-22,2018,12,REG,DAL,31,WAS,23,0
2018-11-22,2018,12,REG,NO,31,ATL,17,0
2018-11-25,2018,12,REG,BAL,34,OAK,17,0
2018-11-25,2018,12,REG,BUF,24,JAX,21,0
2018-11-25,2018,12,REG,CAR,27,SEA,30,0
2018-11-25,2018,12,REG,CIN,20,CLE,35,0
2018-11-25,2018,12,REG,NYJ,13,NE,27,0
2018-11-25,2018,12,REG,PHI,25,NYG,22,0
2018-11-25,2018,12,REG,TB,27,SF,9,0
2018-11-25,2018,12,REG,LAC,45,ARI,10,0
2018-11-25,2018,12,REG,DEN,24,PIT,17,0
2018-11-25,2018,12,REG,IND,27,MIA,24,0
2018-11-25,2018,12,REG,MIN,24,GB,17,0
2018-11-26,2018,12,REG,HOU,34,TEN,17,0
2018-11-29,2018,13,REG,DAL,13,NO,10,0
2018-12-02,2018,13,REG,ATL,16,BAL,26,0
2018-12-02,2018,13,REG,CIN,10,DEN,24,0
2018-12-02,2018,13,REG,DET,16,LA,30,0
2018-12-02,2018,13,REG,GB,17,ARI,20,0
2018-12-02,2018,13,REG,HOU,29,CLE,13,0
2018-12-02,2018,13,REG,JAX,6,IND,0,0
2018-12-02,2018,13,REG,MIA,21,BUF,17,0
2018-12-02,2018,13,REG,NYG,30,CHI,27,0
2018-12-02,2018,13,REG,TB,24,CAR,17,0
2018-12-02,2018,13,REG,OAK,33,KC,40,0
2018-12-02,2018,13,REG,TEN,26,NYJ,22,0
2018-12-02,2018,13,REG,NE,24,MIN,10,0
2018-12-02,2018,13,REG,SEA,43,SF,16,0
2018-12-02,2018,13,REG,PIT,30,LAC,33,0
2018-12-03,2018,13,REG,PHI,28,WAS,13,0
2018-12-06,2018,14,REG,TEN,30,JAX,9,0
2018-12-09,2018,14,REG,BUF,23,NYJ,27,0
2018-12-09,2018,14,REG,CLE,26,CAR,20,0
2018-12-09,2018,14,REG,GB,34,ATL,20,0
2018-12-09,2018,14,REG,HOU,21,IND,24,0
2018-12-09,2018,14,REG,KC,27,BAL,24,0
2018-12-09,2018,14,REG,MIA,34,NE,33,0
2018-12-09,2018,14,REG,TB,14,NO,28,0
2018-12-09,2018,14,REG,WAS,16,NYG,40,0
2018-12-09,2018,14,REG,LAC,26,CIN,21,0
2018-12-09,2018,14,REG,SF,20,DEN,14,0
2018-12-09,2018,14,REG,ARI,3,DET,17,0
2018-12-09,2018,14,REG,DAL,29,PHI,23,0
2018-12-09,2018,14,REG,OAK,24,PIT,21,0
2018-12-09,2018,14,REG,CHI,15,LA,6,0
2018-12-10,2018,14,REG,SEA,21,MIN,7,0
2018-12-13,2018,15,REG,KC,28,LAC,29,0
2018-12-15,2018,15,REG,NYJ,22,HOU,29,0
2018-12-15,2018,15,REG,DEN,16,CLE,17,0
2018-12-16,2018,15,REG,ATL,40,ARI,14,0
2018-12-16,2018,15,REG,BAL,20,TB,12,0
2018-12-16,2018,15,REG,BUF,14,DET,13,0
2018-12-16,2018,15,REG,CHI,24,GB,17,0
2018-12-16,2018,15,REG,CIN,30,OAK,16,0
2018-12-16,2018,15,REG,IND,23,DAL,0,0
2018-12-16,2018,15,REG,JAX,13,WAS,16,0
2018-12-16,2018,15,REG,MIN,41,MIA,17,0
2018-12-16,2018,15,REG,NYG,0,TEN,17,0
2018-12-16,2018,15,REG,SF,26,SEA,23,0
2018-12-16,2018,15,REG,PIT,17,NE,10,0
2018-12-16,2018,15,REG,LA,23,PHI,30,0
2018-12-17,2018,15,REG,CAR,9,NO,12,0
2018-12-22,2018,16,REG,TEN,25,WAS,16,0
2018-12-22,2018,16,REG,LAC,10,BAL,22,0
2018-12-23,2018,16,REG,CAR,10,ATL,24,0
2018-12-23,2018,16,REG,CLE,26,CIN,18,0
2018-12-23,2018,16,REG,DAL,27,TB,20,0
2018-12-23,2018,16,REG,DET,9,MIN,27,0
2018-12-23,2018,16,REG,IND,28,NYG,27,0
2018-12-23,2018,16,REG,MIA,7,JAX,17,0
2018-12-23,2018,16,REG,NE,24,BUF,12,0
2018-12-23,2018,16,REG,NYJ,38,GB,44,0
2018-12-23,2018,16,REG,PHI,32,HOU,30,0
2018-12-23,2018,16,REG,ARI,9,LA,31,0
2018-12-23,2018,16,REG,SF,9,CHI,14,0
2018-12-23,2018,16,REG,NO,31,PIT,28,0
2018-12-23,2018,16,REG,SEA,38,KC,31,0
2018-12-24,2018,16,REG,OAK,27,DEN,14,0
2018-12-30,2018,17,REG,BUF,42,MIA,17,0
2018-12-30,2018,17,REG,GB,0,DET,31,0
2018-12-30,2018,17,REG,HOU,20,JAX,3,0
2018-12-30,2018,17,REG,NE,38,NYJ,3,0
2018-12-30,2018,17,REG,NO,14,CAR,33,0
2018-12-30,2018,17,REG,NYG,35,DAL,36,0
2018-12-30,2018,17,REG,TB,32,ATL,34,0
2018-12-30,2018,17,REG,BAL,26,CLE,24,0
2018-12-30,2018,17,REG,DEN,9,LAC,23,0
2018-12-30,2018,17,REG,KC,35,OAK,3,0
2018-12-30,2018,17,REG,LA,48,SF,32,0
2018-12-30,2018,17,REG,MIN,10,CHI,24,0
2018-12-30,2018,17,REG,PIT,16,CIN,13,0
2018-12-30,2018,17,REG,SEA,27,ARI,24,0
2018-12-30,2018,17,REG,WAS,0,PHI,24,0
2018-12-30,2018,17,REG,TEN,17,IND,33,0
2019-01-05,2018,18,WC,HOU,7,IND,21,0
2019-01-05,2018,18,WC,DAL,24,SEA,22,0
2019-01-06,2018,18,WC,BAL,17,LAC,23,0
2019-01-06,2018,18,WC,CHI,15,PHI,16,0
2019-01-12,2018,19,DIV,KC,31,IND,13,0
2019-01-12,2018,19,DIV,LA,30,DAL,22,0
2019-01-13,2018,19,DIV,NE,41,LAC,28,0
2019-01-13,2018,19,DIV,NO,20,PHI,14,0
2019-01-20,2018,20,CON,NO,23,LA,26,0
2019-01-20,2018,20,CON,KC,31,NE,37,0
2019-02-03,2018,21,SB,LA,3,NE,13,0
2019-09-05,2019,1,REG,CHI,3,GB,10,0
2019-09-08,2019,1,REG,CAR,27,LA,30,0
2019-09-08,2019,1,REG,CLE,13,TEN,43,0
2019-09-08,2019,1,REG,JAX,26,KC,40,0
2019-09-08,2019,1,REG,MIA,10,BAL,59,0
2019-09-08,2019,1,REG,MIN,28,ATL,12,0
2019-09-08,2019,1,REG,NYJ,16,BUF,17,0
2019-09-08,2019,1,REG,PHI,32,WAS,27,0
2019-09-08,2019,1,REG,LAC,30,IND,24,0
2019-09-08,2019,1,REG,SEA,21,CIN,20,0
2019-09-08,2019,1,REG,ARI,27,DET,27,0
2019-09-08,2019,1,REG,DAL,35,NYG,17,0
2019-09-08,2019,1,REG,TB,17,SF,31,0
2019-09-08,2019,1,REG,NE,33,PIT,3,0
2019-09-09,2019,1,REG,NO,30,HOU,28,0
2019-09-09,2019,1,REG,OAK,24,DEN,16,0
2019-09-12,2019,2,REG,CAR,14,TB,20,0
2019-09-15,2019,2,REG,BAL,23,ARI,17,0
2019-09-15,2019,2,REG,CIN,17,SF,41,0
2019-09-15,2019,2,REG,DET,13,LAC,10,0
2019-09-15,2019,2,REG,GB,21,MIN,16,0
2019-09-15,2019,2,REG,HOU,13,JAX,12,0
2019-09-15,2019,2,REG,MIA,0,NE,43,0
2019-09-15,2019,2,REG,NYG,14,BUF,28,0
2019-09-15,2019,2,REG,PIT,26,SEA,28,0
2019-09-15,2019,2,REG,TEN,17,IND,19,0
2019-09-15,2019,2,REG,WAS,21,DAL,31,0
2019-09-15,2019,2,REG,OAK,10,KC,28,0
2019-09-15,2019,2,REG,DEN,14,CHI,16,0
2019-09-15,2019,2,REG,LA,27,NO,9,0
2019-09-15,2019,2,REG,ATL,24,PHI,20,0
2019-09-16,2019,2,REG,NYJ,3,CLE,23,0
2019-09-19,2019,3,REG,JAX,20,TEN,7,0
2019-09-22,2019,3,REG,BUF,21,CIN,17,0
2019-09-22,2019,3,REG,DAL,31,MIA,6,0
2019-09-22,2019,3,REG,GB,27,DEN,16,0
2019-09-22,2019,3,REG,IND,27,ATL,24,0
2019-09-22,2019,3,REG,KC,33,BAL,28,0
2019-09-22,2019,3,REG,MIN,34,OAK,14,0
2019-09-22,2019,3,REG,NE,30,NYJ,14,0
2019-09-22,2019,3,REG,PHI,24,DET,27,0
2019-09-22,2019,3,REG,ARI,20,CAR,38,0
2019-09-22,2019,3,REG,TB,31,NYG,32,0
2019-09-22,2019,3,REG,LAC,20,HOU,27,0
2019-09-22,2019,3,REG,SEA,27,NO,33,0
2019-09-22,2019,3,REG,SF,24,PIT,20,0
2019-09-22,2019,3,REG,CLE,13,LA,20,0
2019-09-23,2019,3,REG,WAS,15,CHI,31,0
2019-09-26,2019,4,REG,GB,27,PHI,34,0
2019-09-29,2019,4,REG,ATL,10,TEN,24,0
2019-09-29,2019,4,REG,BAL,25,CLE,40,0
2019-09-29,2019,4,REG,BUF,10,NE,16,0
2019-09-29,2019,4,REG,DET,30,KC,34,0
2019-09-29,2019,4,REG,HOU,10,CAR,16,0
2019-09-29,2019,4,REG,IND,24,OAK,31,0
2019-09-29,2019,4,REG,MIA,10,LAC,30,0
2019-09-29,2019,4,REG,NYG,24,WAS,3,0
2019-09-29,2019,4,REG,ARI,10,SEA,27,0
2019-09-29,2019,4,REG,LA,40,TB,55,0
2019-09-29,2019,4,REG,CHI,16,MIN,6,0
2019-09-29,2019,4,REG,DEN,24,JAX,26,0
2019-09-29,2019,4,REG,NO,12,DAL,10,0
2019-09-30,2019,4,REG,PIT,27,CIN,3,0
2019-10-03,2019,5,REG,SEA,30,LA,29,0
2019-10-06,2019,5,REG,CAR,34,JAX,27,0
2019-10-06,2019,5,REG,CIN,23,ARI,26,0
2019-10-06,2019,5,REG,HOU,53,ATL,32,0
2019-10-06,2019,5,REG,NO,31,TB,24,0
2019-10-06,2019,5,REG,NYG,10,MIN,28,0
2019-10-06,2019,5,REG,OAK,24,CHI,21,0
2019-10-06,2019,5,REG,PHI,31,NYJ,6,0
2019-10-06,2019,5,REG,PIT,23,BAL,26,0
2019-10-06,2019,5,REG,TEN,7,BUF,14,0
2019-10-06,2019,5,REG,WAS,7,NE,33,0
2019-10-06,2019,5,REG,LAC,13,DEN,20,0
2019-10-06,2019,5,REG,DAL,24,GB,34,0
2019-10-06,2019,5,REG,KC,13,IND,19,0
2019-10-07,2019,5,REG,SF,31,CLE,3,0
2019-10-10,2019,6,REG,NE,35,NYG,14,0
2019-10-13,2019,6,REG,TB,26,CAR,37,0
2019-10-13,2019,6,REG,BAL,23,CIN,17,0
2019-10-13,2019,6,REG,CLE,28,SEA,32,0
2019-10-13,2019,6,REG,JAX,6,NO,13,0
2019-10-13,2019,6,REG,KC,24,HOU,31,0
2019-10-13,2019,6,REG,MIA,16,WAS,17,0
2019-10-13,2019,6,REG,MIN,38,PHI,20,0
2019-10-13,2019,6,REG,ARI,34,ATL,33,0
2019-10-13,2019,6,REG,LA,7,SF,20,0
2019-10-13,2019,6,REG,DEN,16,TEN,0,0
2019-10-13,2019,6,REG,NYJ,24,DAL,22,0
2019-10-13,2019,6,REG,LAC,17,PIT,24,0
2019-10-14,2019,6,REG,GB,23,DET,22,0
2019-10-17,2019,7,REG,DEN,6,KC,30,0
2019-10-20,2019,7,REG,ATL,10,LA,37,0
2019-10-20,2019,7,REG,BUF,31,MIA,21,0
2019-10-20,2019,7,REG,CIN,17,JAX,27,0
2019-10-20,2019,7,REG,DET,30,MIN,42,0
2019-10-20,2019,7,REG,GB,42,OAK,24,0
2019-10-20,2019,7,REG,IND,30,HOU,23,0
2019-10-20,2019,7,REG,NYG,21,ARI,27,0
2019-10-20,2019,7,REG,WAS,0,SF,9,0
2019-10-20,2019,7,REG,TEN,23,LAC,20,0
2019-10-20,2019,7,REG,CHI,25,NO,36,0
2019-10-20,2019,7,REG,SEA,16,BAL,30,0
2019-10-20,2019,7,REG,DAL,37,PHI,10,0
2019-10-21,2019,7,REG,NYJ,0,NE,33,0
2019-10-24,2019,8,REG,MIN,19,WAS,9,0
2019-10-27,2019,8,REG,ATL,20,SEA,27,0
2019-10-27,2019,8,REG,BUF,13,PHI,31,0
2019-10-27,2019,8,REG,CHI,16,LAC,17,0
2019-10-27,2019,8,REG,DET,31,NYG,26,0
2019-10-27,2019,8,REG,IND,15,DEN,13,0
2019-10-27,2019,8,REG,JAX,29,NYJ,15,0
2019-10-27,2019,8,REG,LA,24,CIN,10,0
2019-10-27,2019,8,REG,NO,31,ARI,9,0
2019-10-27,2019,8,REG,TEN,27,TB,23,0
2019-10-27,2019,8,REG,SF,51,CAR,13,0
2019-10-27,2019,8,REG,HOU,27,OAK,24,0
2019-10-27,2019,8,REG,NE,27,CLE,13,0
2019-10-27,2019,8,REG,KC,24,GB,31,0
2019-10-28,2019,8,REG,PIT,27,MIA,14,0
2019-10-31,2019,9,REG,ARI,25,SF,28,0
2019-11-03,2019,9,REG,JAX,3,HOU,26,0
2019-11-03,2019,9,REG,BUF,24,WAS,9,0
2019-11-03,2019,9,REG,CAR,30,TEN,20,0
2019-11-03,2019,9,REG,KC,26,MIN,23,0
2019-11-03,2019,9,REG,MIA,26,NYJ,18,0
2019-11-03,2019,9,REG,PHI,22,CHI,14,0
2019-11-03,2019,9,REG,PIT,26,IND,24,0
2019-11-03,2019,9,REG,OAK,31,DET,24,0
2019-11-03,2019,9,REG,SEA,40,TB,34,0
2019-11-03,2019,9,REG,DEN,24,CLE,19,0
2019-11-03,2019,9,REG,LAC,26,GB,11,0
2019-11-03,2019,9,REG,BAL,37,NE,20,0
2019-11-04,2019,9,REG,NYG,18,DAL,37,0
2019-11-07,2019,10,REG,OAK,26,LAC,24,0
2019-11-10,2019,10,REG,CHI,20,DET,13,0
2019-11-10,2019,10,REG,CIN,13,BAL,49,0
2019-11-10,2019,10,REG,CLE,19,BUF,16,0
2019-11-10,2019,10,REG,NO,9,ATL,26,0
2019-11-10,2019,10,REG,NYJ,34,NYG,27,0
2019-11-10,2019,10,REG,TB,30,ARI,27,0
2019-11-10,2019,10,REG,TEN,35,KC,32,0
2019-11-10,2019,10,REG,IND,12,MIA,16,0
2019-11-10,2019,10,REG,GB,24,CAR,16,0
2019-11-10,2019,10,REG,PIT,17,LA,12,0
2019-11-10,2019,10,REG,DAL,24,MIN,28,0
2019-11-11,2019,10,REG,SF,24,SEA,27,0
2019-11-14,2019,11,REG,CLE,21,PIT,7,0
2019-11-17,2019,11,REG,BAL,41,HOU,7,0
2019-11-17,2019,11,REG,CAR,3,ATL,29,0
2019-11-17,2019,11,REG,DET,27,DAL,35,0
2019-11-17,2019,11,REG,IND,33,JAX,13,0
2019-11-17,2019,11,REG,MIA,20,BUF,37,0
2019-11-17,2019,11,REG,MIN,27,DEN,23,0
2019-11-17,2019,11,REG,TB,17,NO,34,0
2019-11-17,2019,11,REG,WAS,17,NYJ,34,0
2019-11-17,2019,11,REG,SF,36,ARI,26,0
2019-11-17,2019,11,REG,OAK,17,CIN,10,0
2019-11-17,2019,11,REG,PHI,10,NE,17,0
2019-11-17,2019,11,REG,LA,17,CHI,7,0
2019-11-18,2019,11,REG,LAC,17,KC,24,0
2019-11-21,2019,12,REG,HOU,20,IND,17,0
2019-11-24,2019,12,REG,ATL,22,TB,35,0
2019-11-24,2019,12,REG,BUF,20,DEN,3,0
2019-11-24,2019,12,REG,CHI,19,NYG,14,0
2019-11-24,2019,12,REG,CIN,10,PIT,16,0
2019-11-24,2019,12,REG,CLE,41,MIA,24,0
2019-11-24,2019,12,REG,NO,34,CAR,31,0
2019-11-24,2019,12,REG,NYJ,34,OAK,3,0
2019-11-24,2019,12,REG,PHI,9,SEA,17,0
2019-11-24,2019,12,REG,WAS,19,DET,16,0
2019-11-24,2019,12,REG,TEN,42,JAX,20,0
2019-11-24,2019,12,REG,NE,13,DAL,9,0
2019-11-24,2019,12,REG,SF,37,GB,8,0
2019-11-25,2019,12,REG,LA,6,BAL,45,0
2019-11-28,2019,13,REG,DET,20,CHI,24,0
2019-11-28,2019,13,REG,DAL,15,BUF,26,0
2019-11-28,2019,13,REG,ATL,18,NO,26,0
2019-12-01,2019,13,REG,BAL,20,SF,17,0
2019-12-01,2019,13,REG,CAR,21,WAS,29,0
2019-12-01,2019,13,REG,CIN,22,NYJ,6,0
2019-12-01,2019,13,REG,IND,17,TEN,31,0
2019-12-01,2019,13,REG,JAX,11,TB,28,0
2019-12-01,2019,13,REG,MIA,37,PHI,31,0
2019-12-01,2019,13,REG,NYG,13,GB,31,0
2019-12-01,2019,13,REG,PIT,20,CLE,13,0
2019-12-01,2019,13,REG,ARI,7,LA,34,0
2019-12-01,2019,13,REG,DEN,23,LAC,20,0
2019-12-01,2019,13,REG,KC,40,OAK,9,0
2019-12-01,2019,13,REG,HOU,28,NE,22,0
2019-12-02,2019,13,REG,SEA,37,MIN,30,0
2019-12-05,2019,14,REG,CHI,31,DAL,24,0
2019-12-08,2019,14,REG,ATL,40,CAR,20,0
2019-12-08,2019,14,REG,BUF,17,BAL,24,0
2019-12-08,2019,14,REG,CLE,27,CIN,19,0
2019-12-08,2019,14,REG,GB,20,WAS,15,0
2019-12-08,2019,14,REG,HOU,24,DEN,38,0
2019-12-08,2019,14,REG,MIN,20,DET,7,0
2019-12-08,2019,14,REG,NO,46,SF,48,0
2019-12-08,2019,14,REG,NYJ,22,MIA,21,0
2019-12-08,2019,14,REG,TB,38,IND,35,0
2019-12-08,2019,14,REG,JAX,10,LAC,45,0
2019-12-08,2019,14,REG,ARI,17,PIT,23,0
2019-12-08,2019,14,REG,NE,16,KC,23,0
2019-12-08,2019,14,REG,OAK,21,TEN,42,0
2019-12-08,2019,14,REG,LA,28,SEA,12,0
2019-12-09,2019,14,REG,PHI,23,NYG,17,0
2019-12-12,2019,15,REG,BAL,42,NYJ,21,0
2019-12-15,2019,15,REG,CAR,24,SEA,30,0
2019-12-15,2019,15,REG,CIN,13,NE,34,0
2019-12-15,2019,15,REG,DET,17,TB,38,0
2019-12-15,2019,15,REG,GB,21,CHI,13,0
2019-12-15,2019,15,REG,KC,23,DEN,3,0
2019-12-15,2019,15,REG,NYG,36,MIA,20,0
2019-12-15,2019,15,REG,TEN,21,HOU,24,0
2019-12-15,2019,15,REG,WAS,27,PHI,37,0
2019-12-15,2019,15,REG,ARI,38,CLE,24,0
2019-12-15,2019,15,REG,LAC,10,MIN,39,0
2019-12-15,2019,15,REG,OAK,16,JAX,20,0
2019-12-15,2019,15,REG,DAL,44,LA,21,0
2019-12-15,2019,15,REG,SF,22,ATL,29,0
2019-12-15,2019,15,REG,PIT,10,BUF,17,0
2019-12-16,2019,15,REG,NO,34,IND,7,0
2019-12-21,2019,16,REG,TB,20,HOU,23,0
2019-12-21,2019,16,REG,NE,24,BUF,17,0
2019-12-21,2019,16,REG,SF,34,LA,31,0
2019-12-22,2019,16,REG,ATL,24,JAX,12,0
2019-12-22,2019,16,REG,CLE,15,BAL,31,0
2019-12-22,2019,16,REG,IND,38,CAR,6,0
2019-12-22,2019,16,REG,MIA,38,CIN,35,0
2019-12-22,2019,16,REG,NYJ,16,PIT,10,0
2019-12-22,2019,16,REG,TEN,28,NO,38,0
2019-12-22,2019,16,REG,WAS,35,NYG,41,0
2019-12-22,2019,16,REG,DEN,27,DET,17,0
2019-12-22,2019,16,REG,LAC,17,OAK,24,0
2019-12-22,2019,16,REG,PHI,17,DAL,9,0
2019-12-22,2019,16,REG,SEA,13,ARI,27,0
2019-12-22,2019,16,REG,CHI,3,KC,26,0
2019-12-23,2019,16,REG,MIN,10,GB,23,0
2019-12-29,2019,17,REG,BUF,6,NYJ,13,0
2019-12-29,2019,17,REG,CAR,10,NO,42,0
2019-12-29,2019,17,REG,CIN,33,CLE,23,0
2019-12-29,2019,17,REG,DET,20,GB,23,0
2019-12-29,2019,17,REG,KC,31,LAC,21,0
2019-12-29,2019,17,REG,MIN,19,CHI,21,0
2019-12-29,2019,17,REG,NE,24,MIA,27,0
2019-12-29,2019,17,REG,TB,22,ATL,28,0
2019-12-29,2019,17,REG,BAL,28,PIT,10,0
2019-12-29,2019,17,REG,DAL,47,WAS,16,0
2019-12-29,2019,17,REG,DEN,16,OAK,15,0
2019-12-29,2019,17,REG,HOU,14,TEN,35,0
2019-12-29,2019,17,REG,JAX,38,IND,20,0
2019-12-29,2019,17,REG,LA,31,ARI,24,0
2019-12-29,2019,17,REG,NYG,17,PHI,34,0
2019-12-29,2019,17,REG,SEA,21,SF,26,0
2020-01-04,2019,18,WC,HOU,22,BUF,19,0
2020-01-04,2019,18,WC,NE,13,TEN,20,0
2020-01-05,2019,18,WC,NO,20,MIN,26,0
2020-01-05,2019,18,WC,PHI,9,SEA,17,0
2020-01-11,2019,19,DIV,SF,27,MIN,10,0
2020-01-11,2019,19,DIV,BAL,12,TEN,28,0
2020-01-12,2019,19,DIV,KC,51,HOU,31,0
2020-01-12,2019,19,DIV,GB,28,SEA,23,0
2020-01-19,2019,20,CON,KC,35,TEN,24,0
2020-01-19,2019,20,CON,SF,37,GB,20,0
2020-02-02,2019,21,SB,KC,31,SF,20,0
2020-09-10,2020,1,REG,KC,34,HOU,20,0
2020-09-13,2020,1,REG,ATL,25,SEA,38,0
2020-09-13,2020,1,REG,BAL,38,CLE,6,0
2020-09-13,2020,1,REG,BUF,27,NYJ,17,0
2020-09-13,2020,1,REG,CAR,30,LV,34,0
2020-09-13,2020,1,REG,DET,23,CHI,27,0
2020-09-13,2020,1,REG,JAX,27,IND,20,0
2020-09-13,2020,1,REG,MIN,34,GB,43,0
2020-09-13,2020,1,REG,NE,21,MIA,11,0
2020-09-13,2020,1,REG,WAS,27,PHI,17,0
2020-09-13,2020,1,REG,CIN,13,LAC,16,0
2020-09-13,2020,1,REG,NO,34,TB,23,0
2020-09-13,2020,1,REG,SF,20,ARI,24,0
2020-09-13,2020,1,REG,LA,20,DAL,17,0
2020-09-14,2020,1,REG,NYG,16,PIT,26,0
2020-09-14,2020,1,REG,DEN,14,TEN,16,0
2020-09-17,2020,2,REG,CLE,35,CIN,30,0
2020-09-20,2020,2,REG,CHI,17,NYG,13,0
2020-09-20,2020,2,REG,DAL,40,ATL,39,0
2020-09-20,2020,2,REG,GB,42,DET,21,0
2020-09-20,2020,2,REG,IND,28,MIN,11,0
2020-09-20,2020,2,REG,MIA,28,BUF,31,0
2020-09-20,2020,2,REG,NYJ,13,SF,31,0
2020-09-20,2020,2,REG,PHI,19,LA,37,0
2020-09-20,2020,2,REG,PIT,26,DEN,21,0
2020-09-20,2020,2,REG,TB,31,CAR,17,0
2020-09-20,2020,2,REG,TEN,33,JAX,30,0
2020-09-20,2020,2,REG,ARI,30,WAS,15,0
2020-09-20,2020,2,REG,HOU,16,BAL,33,0
2020-09-20,2020,2,REG,LAC,20,KC,23,0
2020-09-20,2020,2,REG,SEA,35,NE,30,0
2020-09-21,2020,2,REG,LV,34,NO,24,0
2020-09-24,2020,3,REG,JAX,13,MIA,31,0
2020-09-27,2020,3,REG,ATL,26,CHI,30,0
2020-09-27,2020,3,REG,BUF,35,LA,32,0
2020-09-27,2020,3,REG,CLE,34,WAS,20,0
2020-09-27,2020,3,REG,MIN,30,TEN,31,0
2020-09-27,2020,3,REG,NE,36,LV,20,0
2020-09-27,2020,3,REG,NYG,9,SF,36,0
2020-09-27,2020,3,REG,PHI,23,CIN,23,0
2020-09-27,2020,3,REG,PIT,28,HOU,21,0
2020-09-27,2020,3,REG,IND,36,NYJ,7,0
2020-09-27,2020,3,REG,LAC,16,CAR,21,0
2020-09-27,2020,3,REG,ARI,23,DET,26,0
2020-09-27,2020,3,REG,DEN,10,TB,28,0
2020-09-27,2020,3,REG,SEA,38,DAL,31,0
2020-09-27,2020,3,REG,NO,30,GB,37,0
2020-09-28,2020,3,REG,BAL,20,KC,34,0
2020-10-01,2020,4,REG,NYJ,28,DEN,37,0
2020-10-04,2020,4,REG,CAR,31,ARI,21,0
2020-10-04,2020,4,REG,CIN,33,JAX,25,0
2020-10-04,2020,4,REG,DAL,38,CLE,49,0
2020-10-04,2020,4,REG,DET,29,NO,35,0
2020-10-04,2020,4,REG,HOU,23,MIN,31,0
2020-10-04,2020,4,REG,MIA,23,SEA,31,0
2020-10-04,2020,4,REG,TB,38,LAC,31,0
2020-10-04,2020,4,REG,WAS,17,BAL,31,0
2020-10-04,2020,4,REG,LA,17,NYG,9,0
2020-10-04,2020,4,REG,CHI,11,IND,19,0
2020-10-04,2020,4,REG,LV,23,BUF,30,0
2020-10-04,2020,4,REG,SF,20,PHI,25,0
2020-10-05,2020,4,REG,KC,26,NE,10,0
2020-10-05,2020,4,REG,GB,30,ATL,16,0
2020-10-08,2020,5,REG,CHI,20,TB,19,0
2020-10-11,2020,5,REG,ATL,16,CAR,23,0
2020-10-11,2020,5,REG,BAL,27,CIN,3,0
2020-10-11,2020,5,REG,HOU,30,JAX,14,0
2020-10-11,2020,5,REG,KC,32,LV,40,0
2020-10-11,2020,5,REG,NYJ,10,ARI,30,0
2020-10-11,2020,5,REG,PIT,38,PHI,29,0
2020-10-11,2020,5,REG,WAS,10,LA,30,0
2020-10-11,2020,5,REG,SF,17,MIA,43,0
2020-10-11,2020,5,REG,CLE,32,IND,23,0
2020-10-11,2020,5,REG,DAL,37,NYG,34,0
2020-10-11,2020,5,REG,SEA,27,MIN,26,0
2020-10-12,2020,5,REG,NO,30,LAC,27,0
2020-10-13,2020,5,REG,TEN,42,BUF,16,0
2020-10-18,2020,6,REG,CAR,16,CHI,23,0
2020-10-18,2020,6,REG,IND,31,CIN,27,0
2020-10-18,2020,6,REG,JAX,16,DET,34,0
2020-10-18,2020,6,REG,MIN,23,ATL,40,0
2020-10-18,2020,6,REG,NE,12,DEN,18,0
2020-10-18,2020,6,REG,NYG,20,WAS,19,0
2020-10-18,2020,6,REG,PHI,28,BAL,30,0
2020-10-18,2020,6,REG,PIT,38,CLE,7,0
2020-10-18,2020,6,REG,TEN,42,HOU,36,0
2020-10-18,2020,6,REG,MIA,24,NYJ,0,0
2020-10-18,2020,6,REG,TB,38,GB,10,0
2020-10-18,2020,6,REG,SF,24,LA,16,0
2020-10-19,2020,6,REG,BUF,17,KC,26,0
2020-10-19,2020,6,REG,DAL,10,ARI,38,0
2020-10-22,2020,7,REG,PHI,22,NYG,21,0
2020-10-25,2020,7,REG,ATL,22,DET,23,0
2020-10-25,2020,7,REG,CIN,34,CLE,37,0
2020-10-25,2020,7,REG,HOU,20,GB,35,0
2020-10-25,2020,7,REG,NO,27,CAR,24,0
2020-10-25,2020,7,REG,NYJ,10,BUF,18,0
2020-10-25,2020,7,REG,TEN,24,PIT,27,0
2020-10-25,2020,7,REG,WAS,25,DAL,3,0
2020-10-25,2020,7,REG,LV,20,TB,45,0
2020-10-25,2020,7,REG,DEN,16,KC,43,0
2020-10-25,2020,7,REG,LAC,39,JAX,29,0
2020-10-25,2020,7,REG,NE,6,SF,33,0
2020-10-25,2020,7,REG,ARI,37,SEA,34,0
2020-10-26,2020,7,REG,LA,24,CHI,10,0
2020-10-29,2020,8,REG,CAR,17,ATL,25,0
2020-11-01,2020,8,REG,BAL,24,PIT,28,0
2020-11-01,2020,8,REG,BUF,24,NE,21,0
2020-11-01,2020,8,REG,CIN,31,TEN,20,0
2020-11-01,2020,8,REG,CLE,6,LV,16,0
2020-11-01,2020,8,REG,DET,21,IND,41,0
2020-11-01,2020,8,REG,GB,22,MIN,28,0
2020-11-01,2020,8,REG,KC,35,NYJ,9,0
2020-11-01,2020,8,REG,MIA,28,LA,17,0
2020-11-01,2020,8,REG,DEN,31,LAC,30,0
2020-11-01,2020,8,REG,CHI,23,NO,26,0
2020-11-01,2020,8,REG,SEA,37,SF,27,0
2020-11-01,2020,8,REG,PHI,23,DAL,9,0
2020-11-02,2020,8,REG,NYG,23,TB,25,0
2020-11-05,2020,9,REG,SF,17,GB,34,0
2020-11-08,2020,9,REG,ATL,34,DEN,27,0
2020-11-08,2020,9,REG,BUF,44,SEA,34,0
2020-11-08,2020,9,REG,IND,10,BAL,24,0
2020-11-08,2020,9,REG,JAX,25,HOU,27,0
2020-11-08,2020,9,REG,KC,33,CAR,31,0
2020-11-08,2020,9,REG,MIN,34,DET,20,0
2020-11-08,2020,9,REG,TEN,24,CHI,17,0
2020-11-08,2020,9,REG,WAS,20,NYG,23,0
2020-11-08,2020,9,REG,LAC,26,LV,31,0
2020-11-08,2020,9,REG,ARI,31,MIA,34,0
2020-11-08,2020,9,REG,DAL,19,PIT,24,0
2020-11-08,2020,9,REG,TB,3,NO,38,0
2020-11-09,2020,9,REG,NYJ,27,NE,30,0
2020-11-12,2020,10,REG,TEN,17,IND,34,0
2020-11-15,2020,10,REG,CAR,23,TB,46,0
2020-11-15,2020,10,REG,CLE,10,HOU,7,0
2020-11-15,2020,10,REG,DET,30,WAS,27,0
2020-11-15,2020,10,REG,GB,24,JAX,20,0
2020-11-15,2020,10,REG,NYG,27,PHI,17,0
2020-11-15,2020,10,REG,ARI,32,BUF,30,0
2020-11-15,2020,10,REG,LV,37,DEN,12,0
2020-11-15,2020,10,REG,MIA,29,LAC,21,0
2020-11-15,2020,10,REG,LA,23,SEA,16,0
2020-11-15,2020,10,REG,NO,27,SF,13,0
2020-11-15,2020,10,REG,PIT,36,CIN,10,0
2020-11-15,2020,10,REG,NE,23,BAL,17,0
2020-11-16,2020,10,REG,CHI,13,MIN,19,0
2020-11-19,2020,11,REG,SEA,28,ARI,21,0
2020-11-22,2020,11,REG,BAL,24,TEN,30,0
2020-11-22,2020,11,REG,CAR,20,DET,0,0
2020-11-22,2020,11,REG,CLE,22,PHI,17,0
2020-11-22,2020,11,REG,HOU,27,NE,20,0
2020-11-22,2020,11,REG,JAX,3,PIT,27,0
2020-11-22,2020,11,REG,NO,24,ATL,9,0
2020-11-22,2020,11,REG,WAS,20,CIN,9,0
2020-11-22,2020,11,REG,DEN,20,MIA,13,0
2020-11-22,2020,11,REG,LAC,34,NYJ,28,0
2020-11-22,2020,11,REG,IND,34,GB,31,0
2020-11-22,2020,11,REG,MIN,28,DAL,31,0
2020-11-22,2020,11,REG,LV,31,KC,35,0
2020-11-23,2020,11,REG,TB,24,LA,27,0
2020-11-26,2020,12,REG,DET,25,HOU,41,0
2020-11-26,2020,12,REG,DAL,16,WAS,41,0
2020-11-29,2020,12,REG,ATL,43,LV,6,0
2020-11-29,2020,12,REG,BUF,27,LAC,17,0
2020-11-29,2020,12,REG,CIN,17,NYG,19,0
2020-11-29,2020,12,REG,IND,26,TEN,45,0
2020-11-29,2020,12,REG,JAX,25,CLE,27,0
2020-11-29,2020,12,REG,MIN,28,CAR,27,0
2020-11-29,2020,12,REG,NE,20,ARI,17,0
2020-11-29,2020,12,REG,NYJ,3,MIA,20,0
2020-11-29,2020,12,REG,DEN,3,NO,31,0
2020-11-29,2020,12,REG,LA,20,SF,23,0
2020-11-29,2020,12,REG,TB,24,KC,27,0
2020-11-29,2020,12,REG,GB,41,CHI,25,0
2020-11-30,2020,12,REG,PHI,17,SEA,23,0
2020-12-02,2020,12,REG,PIT,19,BAL,14,0
2020-12-06,2020,13,REG,ATL,16,NO,21,0
2020-12-06,2020,13,REG,CHI,30,DET,34,0
2020-12-06,2020,13,REG,HOU,20,IND,26,0
2020-12-06,2020,13,REG,MIA,19,CIN,7,0
2020-12-06,2020,13,REG,MIN,27,JAX,24,0
2020-12-06,2020,13,REG,NYJ,28,LV,31,0
2020-12-06,2020,13,REG,TEN,35,CLE,41,0
2020-12-06,2020,13,REG,ARI,28,LA,38,0
2020-12-06,2020,13,REG,SEA,12,NYG,17,0
2020-12-06,2020,13,REG,GB,30,PHI,16,0
2020-12-06,2020,13,REG,LAC,0,NE,45,0
2020-12-06,2020,13,REG,KC,22,DEN,16,0
2020-12-07,2020,13,REG,PIT,17,WAS,23,0
2020-12-07,2020,13,REG,SF,24,BUF,34,0
2020-12-08,2020,13,REG,BAL,34,DAL,17,0
2020-12-10,2020,14,REG,LA,24,NE,3,0
2020-12-13,2020,14,REG,CAR,27,DEN,32,0
2020-12-13,2020,14,REG,CHI,36,HOU,7,0
2020-12-13,2020,14,REG,CIN,7,DAL,30,0
2020-12-13,2020,14,REG,JAX,10,TEN,31,0
2020-12-13,2020,14,REG,MIA,27,KC,33,0
2020-12-13,2020,14,REG,NYG,7,ARI,26,0
2020-12-13,2020,14,REG,TB,26,MIN,14,0
2020-12-13,2020,14,REG,LV,27,IND,44,0
2020-12-13,2020,14,REG,SEA,40,NYJ,3,0
2020-12-13,2020,14,REG,DET,24,GB,31,0
2020-12-13,2020,14,REG,LAC,20,ATL,17,0
2020-12-13,2020,14,REG,PHI,24,NO,21,0
2020-12-13,2020,14,REG,SF,15,WAS,23,0
2020-12-13,2020,14,REG,BUF,26,PIT,15,0
2020-12-14,2020,14,REG,CLE,42,BAL,47,0
2020-12-17,2020,15,REG,LV,27,LAC,30,0
2020-12-19,2020,15,REG,DEN,19,BUF,48,0
2020-12-19,2020,15,REG,GB,24,CAR,16,0
2020-12-20,2020,15,REG,ATL,27,TB,31,0
2020-12-20,2020,15,REG,BAL,40,JAX,14,0
2020-12-20,2020,15,REG,DAL,41,SF,33,0
2020-12-20,2020,15,REG,IND,27,HOU,20,0
2020-12-20,2020,15,REG,MIA,22,NE,12,0
2020-12-20,2020,15,REG,MIN,27,CHI,33,0
2020-12-20,2020,15,REG,TEN,46,DET,25,0
2020-12-20,2020,15,REG,WAS,15,SEA,20,0
2020-12-20,2020,15,REG,ARI,33,PHI,26,0
2020-12-20,2020,15,REG,LA,20,NYJ,23,0
2020-12-20,2020,15,REG,NO,29,KC,32,0
2020-12-20,2020,15,REG,NYG,6,CLE,20,0
2020-12-21,2020,15,REG,CIN,27,PIT,17,0
2020-12-25,2020,16,REG,NO,52,MIN,33,0
2020-12-26,2020,16,REG,DET,7,TB,47,0
2020-12-26,2020,16,REG,ARI,12,SF,20,0
2020-12-26,2020,16,REG,LV,25,MIA,26,0
2020-12-27,2020,16,REG,BAL,27,NYG,13,0
2020-12-27,2020,16,REG,HOU,31,CIN,37,0
2020-12-27,2020,16,REG,JAX,17,CHI,41,0
2020-12-27,2020,16,REG,KC,17,ATL,14,0
2020-12-27,2020,16,REG,NYJ,23,CLE,16,0
2020-12-27,2020,16,REG,PIT,28,IND,24,0
2020-12-27,2020,16,REG,LAC,19,DEN,16,0
2020-12-27,2020,16,REG,WAS,13,CAR,20,0
2020-12-27,2020,16,REG,DAL,37,PHI,17,0
2020-12-27,2020,16,REG,SEA,20,LA,9,0
2020-12-27,2020,16,REG,GB,40,TEN,14,0
2020-12-28,2020,16,REG,NE,9,BUF,38,0
2021-01-03,2020,17,REG,BUF,56,MIA,26,0
2021-01-03,2020,17,REG,CIN,3,BAL,38,0
2021-01-03,2020,17,REG,CLE,24,PIT,22,0
2021-01-03,2020,17,REG,DET,35,MIN,37,0
2021-01-03,2020,17,REG,NE,28,NYJ,14,0
2021-01-03,2020,17,REG,NYG,23,DAL,19,0
2021-01-03,2020,17,REG,TB,44,ATL,27,0
2021-01-03,2020,17,REG,CAR,7,NO,33,0
2021-01-03,2020,17,REG,CHI,16,GB,35,0
2021-01-03,2020,17,REG,DEN,31,LV,32,0
2021-01-03,2020,17,REG,HOU,38,TEN,41,0
2021-01-03,2020,17,REG,IND,28,JAX,14,0
2021-01-03,2020,17,REG,KC,21,LAC,38,0
2021-01-03,2020,17,REG,LA,18,ARI,7,0
2021-01-03,2020,17,REG,SF,23,SEA,26,0
2021-01-03,2020,17,REG,PHI,14,WAS,20,0
2021-01-09,2020,18,WC,BUF,27,IND,24,0
2021-01-09,2020,18,WC,SEA,20,LA,30,0
2021-01-09,2020,18,WC,WAS,23,TB,31,0
2021-01-10,2020,18,WC,TEN,13,BAL,20,0
2021-01-10,2020,18,WC,NO,21,CHI,9,0
2021-01-10,2020,18,WC,PIT,37,CLE,48,0
2021-01-16,2020,19,DIV,GB,32,LA,18,0
2021-01-16,2020,19,DIV,BUF,17,BAL,3,0
2021-01-17,2020,19,DIV,KC,22,CLE,17,0
2021-01-17,2020,19,DIV,NO,20,TB,30,0
2021-01-24,2020,20,CON,GB,26,TB,31,0
2021-01-24,2020,20,CON,KC,38,BUF,24,0
2021-02-07,2020,21,SB,TB,31,KC,9,0
2021-09-09,2021,1,REG,TB,31,DAL,29,0
2021-09-12,2021,1,REG,ATL,6,PHI,32,0
2021-09-12,2021,1,REG,BUF,16,PIT,23,0
2021-09-12,2021,1,REG,CAR,19,NYJ,14,0
2021-09-12,2021,1,REG,CIN,27,MIN,24,0
2021-09-12,2021,1,REG,DET,33,SF,41,0
2021-09-12,2021,1,REG,HOU,37,JAX,21,0
2021-09-12,2021,1,REG,IND,16,SEA,28,0
2021-09-12,2021,1,REG,TEN,13,ARI,38,0
2021-09-12,2021,1,REG,WAS,16,LAC,20,0
2021-09-12,2021,1,REG,KC,33,CLE,29,0
2021-09-12,2021,1,REG,NE,16,MIA,17,0
2021-09-12,2021,1,REG,NO,38,GB,3,0
2021-09-12,2021,1,REG,NYG,13,DEN,27,0
2021-09-12,2021,1,REG,LA,34,CHI,14,0
2021-09-13,2021,1,REG,LV,33,BAL,27,0
2021-09-16,2021,2,REG,WAS,30,NYG,29,0
2021-09-19,2021,2,REG,CAR,26,NO,7,0
2021-09-19,2021,2,REG,CHI,20,CIN,17,0
2021-09-19,2021,2,REG,CLE,31,HOU,21,0
2021-09-19,2021,2,REG,IND,24,LA,27,0
2021-09-19,2021,2,REG,JAX,13,DEN,23,0
2021-09-19,2021,2,REG,MIA,0,BUF,35,0
2021-09-19,2021,2,REG,NYJ,6,NE,25,0
2021-09-19,2021,2,REG,PHI,11,SF,17,0
2021-09-19,2021,2,REG,PIT,17,LV,26,0
2021-09-19,2021,2,REG,ARI,34,MIN,33,0
2021-09-19,2021,2,REG,TB,48,ATL,25,0
2021-09-19,2021,2,REG,LAC,17,DAL,20,0
2021-09-19,2021,2,REG,SEA,30,TEN,33,0
2021-09-19,2021,2,REG,BAL,36,KC,35,0
2021-09-20,2021,2,REG,GB,35,DET,17,0
2021-09-23,2021,3,REG,HOU,9,CAR,24,0
2021-09-26,2021,3,REG,BUF,43,WAS,21,0
2021-09-26,2021,3,REG,CLE,26,CHI,6,0
2021-09-26,2021,3,REG,DET,17,BAL,19,0
2021-09-26,2021,3,REG,JAX,19,ARI,31,0
2021-09-26,2021,3,REG,KC,24,LAC,30,0
2021-09-26,2021,3,REG,NE,13,NO,28,0
2021-09-26,2021,3,REG,NYG,14,ATL,17,0
2021-09-26,2021,3,REG,PIT,10,CIN,24,0
2021-09-26,2021,3,REG,TEN,25,IND,16,0
2021-09-26,2021,3,REG,DEN,26,NYJ,0,0
2021-09-26,2021,3,REG,LV,31,MIA,28,0
2021-09-26,2021,3,REG,LA,34,TB,24,0
2021-09-26,2021,3,REG,MIN,30,SEA,17,0
2021-09-26,2021,3,REG,SF,28,GB,30,0
2021-09-27,2021,3,REG,DAL,41,PHI,21,0
2021-09-30,2021,4,REG,CIN,24,JAX,21,0
2021-10-03,2021,4,REG,ATL,30,WAS,34,0
2021-10-03,2021,4,REG,BUF,40,HOU,0,0
2021-10-03,2021,4,REG,CHI,24,DET,14,0
2021-10-03,2021,4,REG,DAL,36,CAR,28,0
2021-10-03,2021,4,REG,MIA,17,IND,27,0
2021-10-03,2021,4,REG,MIN,7,CLE,14,0
2021-10-03,2021,4,REG,NO,21,NYG,27,0
2021-10-03,2021,4,REG,NYJ,27,TEN,24,0
2021-10-03,2021,4,REG,PHI,30,KC,42,0
2021-10-03,2021,4,REG,LA,20,ARI,37,0
2021-10-03,2021,4,REG,SF,21,SEA,28,0
2021-10-03,2021,4,REG,DEN,7,BAL,23,0
2021-10-03,2021,4,REG,GB,27,PIT,17,0
2021-10-03,2021,4,REG,NE,17,TB,19,0
2021-10-04,2021,4,REG,LAC,28,LV,14,0
2021-10-07,2021,5,REG,SEA,17,LA,26,0
2021-10-10,2021,5,REG,ATL,27,NYJ,20,0
2021-10-10,2021,5,REG,CAR,18,PHI,21,0
2021-10-10,2021,5,REG,CIN,22,GB,25,0
2021-10-10,2021,5,REG,HOU,22,NE,25,0
2021-10-10,2021,5,REG,JAX,19,TEN,37,0
2021-10-10,2021,5,REG,MIN,19,DET,17,0
2021-10-10,2021,5,REG,PIT,27,DEN,19,0
2021-10-10,2021,5,REG,TB,45,MIA,17,0
2021-10-10,2021,5,REG,WAS,22,NO,33,0
2021-10-10,2021,5,REG,LAC,47,CLE,42,0
2021-10-10,2021,5,REG,LV,9,CHI,20,0
2021-10-10,2021,5,REG,ARI,17,SF,10,0
2021-10-10,2021,5,REG,DAL,44,NYG,20,0
2021-10-10,2021,5,REG,KC,20,BUF,38,0
2021-10-11,2021,5,REG,BAL,31,IND,25,0
2021-10-14,2021,6,REG,PHI,22,TB,28,0
2021-10-17,2021,6,REG,JAX,23,MIA,20,0
2021-10-17,2021,6,REG,BAL,34,LAC,6,0
2021-10-17,2021,6,REG,CAR,28,MIN,34,0
2021-10-17,2021,6,REG,CHI,14,GB,24,0
2021-10-17,2021,6,REG,DET,11,CIN,34,0
2021-10-17,2021,6,REG,IND,31,HOU,3,0
2021-10-17,2021,6,REG,NYG,11,LA,38,0
2021-10-17,2021,6,REG,WAS,13,KC,31,0
2021-10-17,2021,6,REG,CLE,14,ARI,37,0
2021-10-17,2021,6,REG,DEN,24,LV,34,0
2021-10-17,2021,6,REG,NE,29,DAL,35,0
2021-10-17,2021,6,REG,PIT,23,SEA,20,0
2021-10-18,2021,6,REG,TEN,34,BUF,31,0
2021-10-21,2021,7,REG,CLE,17,DEN,14,0
2021-10-24,2021,7,REG,BAL,17,CIN,41,0
2021-10-24,2021,7,REG,GB,24,WAS,10,0
2021-10-24,2021,7,REG,MIA,28,ATL,30,0
2021-10-24,2021,7,REG,NE,54,NYJ,13,0
2021-10-24,2021,7,REG,NYG,25,CAR,3,0
2021-10-24,2021,7,REG,TEN,27,KC,3,0
2021-10-24,2021,7,REG,LA,28,DET,19,0
2021-10-24,2021,7,REG,LV,33,PHI,22,0
2021-10-24,2021,7,REG,ARI,31,HOU,5,0
2021-10-24,2021,7,REG,TB,38,CHI,3,0
2021-10-24,2021,7,REG,SF,18,IND,30,0
2021-10-25,2021,7,REG,SEA,10,NO,13,0
2021-10-28,2021,8,REG,ARI,21,GB,24,0
2021-10-31,2021,8,REG,ATL,13,CAR,19,0
2021-10-31,2021,8,REG,BUF,26,MIA,11,0
2021-10-31,2021,8,REG,CHI,22,SF,33,0
2021-10-31,2021,8,REG,CLE,10,PIT,15,0
2021-10-31,2021,8,REG,DET,6,PHI,44,0
2021-10-31,2021,8,REG,HOU,22,LA,38,0
2021-10-31,2021,8,REG,IND,31,TEN,34,0
2021-10-31,2021,8,REG,NYJ,34,CIN,31,0
2021-10-31,2021,8,REG,LAC,24,NE,27,0
2021-10-31,2021,8,REG,SEA,31,JAX,7,0
2021-10-31,2021,8,REG,DEN,17,WAS,10,0
2021-10-31,2021,8,REG,NO,36,TB,27,0
2021-10-31,2021,8,REG,MIN,16,DAL,20,0
2021-11-01,2021,8,REG,KC,20,NYG,17,0
2021-11-04,2021,9,REG,IND,45,NYJ,30,0
2021-11-07,2021,9,REG,BAL,34,MIN,31,0
2021-11-07,2021,9,REG,CAR,6,NE,24,0
2021-11-07,2021,9,REG,CIN,16,CLE,41,0
2021-11-07,2021,9,REG,DAL,16,DEN,30,0
2021-11-07,2021,9,REG,JAX,9,BUF,6,0
2021-11-07,2021,9,REG,MIA,17,HOU,9,0
2021-11-07,2021,9,REG,NO,25,ATL,27,0
2021-11-07,2021,9,REG,NYG,23,LV,16,0
2021-11-07,2021,9,REG,PHI,24,LAC,27,0
2021-11-07,2021,9,REG,KC,13,GB,7,0
2021-11-07,2021,9,REG,SF,17,ARI,31,0
2021-11-07,2021,9,REG,LA,16,TEN,28,0
2021-11-08,2021,9,REG,PIT,29,CHI,27,0
2021-11-11,2021,10,REG,MIA,22,BAL,10,0
2021-11-14,2021,10,REG,DAL,43,ATL,3,0
2021-11-14,2021,10,REG,IND,23,JAX,17,0
2021-11-14,2021,10,REG,NE,45,CLE,7,0
2021-11-14,2021,10,REG,NYJ,17,BUF,45,0
2021-11-14,2021,10,REG,PIT,16,DET,16,0
2021-11-14,2021,10,REG,TEN,23,NO,21,0
2021-11-14,2021,10,REG,WAS,29,TB,19,0
2021-11-14,2021,10,REG,ARI,10,CAR,34,0
2021-11-14,2021,10,REG,LAC,20,MIN,27,0
2021-11-14,2021,10,REG,DEN,13,PHI,30,0
2021-11-14,2021,10,REG,GB,17,SEA,0,0
2021-11-14,2021,10,REG,LV,14,KC,41,0
2021-11-15,2021,10,REG,SF,31,LA,10,0
2021-11-18,2021,11,REG,ATL,0,NE,25,0
2021-11-21,2021,11,REG,BUF,15,IND,41,0
2021-11-21,2021,11,REG,CAR,21,WAS,27,0
2021-11-21,2021,11,REG,CHI,13,BAL,16,0
2021-11-21,2021,11,REG,CLE,13,DET,10,0
2021-11-21,2021,11,REG,JAX,10,SF,30,0
2021-11-21,2021,11,REG,MIN,34,GB,31,0
2021-11-21,2021,11,REG,NYJ,17,MIA,24,0
2021-11-21,2021,11,REG,PHI,40,NO,29,0
2021-11-21,2021,11,REG,TEN,13,HOU,22,0
2021-11-21,2021,11,REG,LV,13,CIN,32,0
2021-11-21,2021,11,REG,KC,19,DAL,9,0
2021-11-21,2021,11,REG,SEA,13,ARI,23,0
2021-11-21,2021,11,REG,LAC,41,PIT,37,0
2021-11-22,2021,11,REG,TB,30,NYG,10,0
2021-11-25,2021,12,REG,DET,14,CHI,16,0
2021-11-25,2021,12,REG,DAL,33,LV,36,0
2021-11-25,2021,12,REG,NO,6,BUF,31,0
2021-11-28,2021,12,REG,CIN,41,PIT,10,0
2021-11-28,2021,12,REG,HOU,14,NYJ,21,0
2021-11-28,2021,12,REG,IND,31,TB,38,0
2021-11-28,2021,12,REG,JAX,14,ATL,21,0
2021-11-28,2021,12,REG,MIA,33,CAR,10,0
2021-11-28,2021,12,REG,NE,36,TEN,13,0
2021-11-28,2021,12,REG,NYG,13,PHI,7,0
2021-11-28,2021,12,REG,DEN,28,LAC,13,0
2021-11-28,2021,12,REG,GB,36,LA,28,0
2021-11-28,2021,12,REG,SF,34,MIN,26,0
2021-11-28,2021,12,REG,BAL,16,CLE,10,0
2021-11-29,2021,12,REG,WAS,17,SEA,15,0
2021-12-02,2021,13,REG,NO,17,DAL,27,0
2021-12-05,2021,13,REG,ATL,17,TB,30,0
2021-12-05,2021,13,REG,CHI,22,ARI,33,0
2021-12-05,2021,13,REG,CIN,22,LAC,41,0
2021-12-05,2021,13,REG,DET,29,MIN,27,0
2021-12-05,2021,13,REG,HOU,0,IND,31,0
2021-12-05,2021,13,REG,MIA,20,NYG,9,0
2021-12-05,2021,13,REG,NYJ,18,PHI,33,0
2021-12-05,2021,13,REG,LA,37,JAX,7,0
2021-12-05,2021,13,REG,LV,15,WAS,17,0
2021-12-05,2021,13,REG,PIT,20,BAL,19,0
2021-12-05,2021,13,REG,SEA,30,SF,23,0
2021-12-05,2021,13,REG,KC,22,DEN,9,0
2021-12-06,2021,13,REG,BUF,10,NE,14,0
2021-12-09,2021,14,REG,MIN,36,PIT,28,0
2021-12-12,2021,14,REG,CAR,21,ATL,29,0
2021-12-12,2021,14,REG,CLE,24,BAL,22,0
2021-12-12,2021,14,REG,HOU,13,SEA,33,0
2021-12-12,2021,14,REG,KC,48,LV,9,0
2021-12-12,2021,14,REG,NYJ,9,NO,30,0
2021-12-12,2021,14,REG,TEN,20,JAX,0,0
2021-12-12,2021,14,REG,WAS,20,DAL,27,0
2021-12-12,2021,14,REG,DEN,38,DET,10,0
2021-12-12,2021,14,REG,LAC,37,NYG,21,0
2021-12-12,2021,14,REG,CIN,23,SF,26,0
2021-12-12,2021,14,REG,TB,33,BUF,27,0
2021-12-12,2021,14,REG,GB,45,CHI,30,0
2021-12-13,2021,14,REG,ARI,23,LA,30,0
2021-12-16,2021,15,REG,LAC,28,KC,34,0
2021-12-18,2021,15,REG,IND,27,NE,17,0
2021-12-19,2021,15,REG,BUF,31,CAR,14,0
2021-12-19,2021,15,REG,DET,30,ARI,12,0
2021-12-19,2021,15,REG,JAX,16,HOU,30,0
2021-12-19,2021,15,REG,MIA,31,NYJ,24,0
2021-12-19,2021,15,REG,NYG,6,DAL,21,0
2021-12-19,2021,15,REG,PIT,19,TEN,13,0
2021-12-19,2021,15,REG,DEN,10,CIN,15,0
2021-12-19,2021,15,REG,SF,31,ATL,13,0
2021-12-19,2021,15,REG,BAL,30,GB,31,0
2021-12-19,2021,15,REG,TB,0,NO,9,0
2021-12-20,2021,15,REG,CLE,14,LV,16,0
2021-12-20,2021,15,REG,CHI,9,MIN,17,0
2021-12-21,2021,15,REG,LA,20,SEA,10,0
2021-12-21,2021,15,REG,PHI,27,WAS,17,0
2021-12-23,2021,16,REG,TEN,20,SF,17,0
2021-12-25,2021,16,REG,GB,24,CLE,22,0
2021-12-25,2021,16,REG,ARI,16,IND,22,0
2021-12-26,2021,16,REG,ATL,20,DET,16,0
2021-12-26,2021,16,REG,CAR,6,TB,32,0
2021-12-26,2021,16,REG,CIN,41,BAL,21,0
2021-12-26,2021,16,REG,HOU,41,LAC,29,0
2021-12-26,2021,16,REG,MIN,23,LA,30,0
2021-12-26,2021,16,REG,NE,21,BUF,33,0
2021-12-26,2021,16,REG,NYJ,26,JAX,21,0
2021-12-26,2021,16,REG,PHI,34,NYG,10,0
2021-12-26,2021,16,REG,SEA,24,CHI,25,0
2021-12-26,2021,16,REG,KC,36,PIT,10,0
2021-12-26,2021,16,REG,LV,17,DEN,13,0
2021-12-26,2021,16,REG,DAL,56,WAS,14,0
2021-12-27,2021,16,REG,NO,3,MIA,20,0
2022-01-02,2021,17,REG,BAL,19,LA,20,0
2022-01-02,2021,17,REG,BUF,29,ATL,15,0
2022-01-02,2021,17,REG,CHI,29,NYG,3,0
2022-01-02,2021,17,REG,CIN,34,KC,31,0
2022-01-02,2021,17,REG,IND,20,LV,23,0
2022-01-02,2021,17,REG,NE,50,JAX,10,0
2022-01-02,2021,17,REG,NYJ,24,TB,28,0
2022-01-02,2021,17,REG,TEN,34,MIA,3,0
2022-01-02,2021,17,REG,WAS,16,PHI,20,0
2022-01-02,2021,17,REG,LAC,34,DEN,13,0
2022-01-02,2021,17,REG,SF,23,HOU,7,0
2022-01-02,2021,17,REG,DAL,22,ARI,25,0
2022-01-02,2021,17,REG,NO,18,CAR,10,0
2022-01-02,2021,17,REG,SEA,51,DET,29,0
2022-01-02,2021,17,REG,GB,37,MIN,10,0
2022-01-03,2021,17,REG,PIT,26,CLE,14,0
2022-01-08,2021,18,REG,DEN,24,KC,28,0
2022-01-08,2021,18,REG,PHI,26,DAL,51,0
2022-01-09,2021,18,REG,BAL,13,PIT,16,0
2022-01-09,2021,18,REG,CLE,21,CIN,16,0
2022-01-09,2021,18,REG,DET,37,GB,30,0
2022-01-09,2021,18,REG,HOU,25,TEN,28,0
2022-01-09,2021,18,REG,JAX,26,IND,11,0
2022-01-09,2021,18,REG,MIN,31,CHI,17,0
2022-01-09,2021,18,REG,NYG,7,WAS,22,0
2022-01-09,2021,18,REG,ARI,30,SEA,38,0
2022-01-09,2021,18,REG,ATL,20,NO,30,0
2022-01-09,2021,18,REG,BUF,27,NYJ,10,0
2022-01-09,2021,18,REG,LA,24,SF,27,0
2022-01-09,2021,18,REG,MIA,33,NE,24,0
2022-01-09,2021,18,REG,TB,41,CAR,17,0
2022-01-09,2021,18,REG,LV,35,LAC,32,0
2022-01-15,2021,19,WC,CIN,26,LV,19,0
2022-01-15,2021,19,WC,BUF,47,NE,17,0
2022-01-16,2021,19,WC,TB,31,PHI,15,0
2022-01-16,2021,19,WC,DAL,17,SF,23,0
2022-01-16,2021,19,WC,KC,42,PIT,21,0
2022-01-17,2021,19,WC,LA,34,ARI,11,0
2022-01-22,2021,20,DIV,TEN,16,CIN,19,0
2022-01-22,2021,20,DIV,GB,10,SF,13,0
2022-01-23,2021,20,DIV,TB,27,LA,30,0
2022-01-23,2021,20,DIV,KC,42,BUF,36,0
2022-01-30,2021,21,CON,KC,24,CIN,27,0
2022-01-30,2021,21,CON,LA,20,SF,17,0
2022-02-13,2021,22,SB,CIN,20,LA,23,0
2022-09-08,2022,1,REG,LA,10,BUF,31,0
2022-09-11,2022,1,REG,ATL,26,NO,27,0
2022-09-11,2022,1,REG,CAR,24,CLE,26,0
2022-09-11,2022,1,REG,CHI,19,SF,10,0
2022-09-11,2022,1,REG,CIN,20,PIT,23,0
2022-09-11,2022,1,REG,DET,35,PHI,38,0
2022-09-11,2022,1,REG,HOU,20,IND,20,0
2022-09-11,2022,1,REG,MIA,20,NE,7,0
2022-09-11,2022,1,REG,NYJ,9,BAL,24,0
2022-09-11,2022,1,REG,WAS,28,JAX,22,0
2022-09-11,2022,1,REG,ARI,21,KC,44,0
2022-09-11,2022,1,REG,LAC,24,LV,19,0
2022-09-11,2022,1,REG,MIN,23,GB,7,0
2022-09-11,2022,1,REG,TEN,20,NYG,21,0
2022-09-11,2022,1,REG,DAL,3,TB,19,0
2022-09-12,2022,1,REG,SEA,17,DEN,16,0
2022-09-15,2022,2,REG,KC,27,LAC,24,0
2022-09-18,2022,2,REG,BAL,38,MIA,42,0
2022-09-18,2022,2,REG,CLE,30,NYJ,31,0
2022-09-18,2022,2,REG,DET,36,WAS,27,0
2022-09-18,2022,2,REG,JAX,24,IND,0,0
2022-09-18,2022,2,REG,NO,10,TB,20,0
2022-09-18,2022,2,REG,NYG,19,CAR,16,0
2022-09-18,2022,2,REG,PIT,14,NE,17,0
2022-09-18,2022,2,REG,LA,31,ATL,27,0
2022-09-18,2022,2,REG,SF,27,SEA,7,0
2022-09-18,2022,2,REG,DAL,20,CIN,17,0
2022-09-18,2022,2,REG,DEN,16,HOU,9,0
2022-09-18,2022,2,REG,LV,23,ARI,29,0
2022-09-18,2022,2,REG,GB,27,CHI,10,0
2022-09-19,2022,2,REG,BUF,41,TEN,7,0
2022-09-19,2022,2,REG,PHI,24,MIN,7,0
2022-09-22,2022,3,REG,CLE,29,PIT,17,0
2022-09-25,2022,3,REG,CAR,22,NO,14,0
2022-09-25,2022,3,REG,CHI,23,HOU,20,0
2022-09-25,2022,3,REG,IND,20,KC,17,0
2022-09-25,2022,3,REG,MIA,21,BUF,19,0
2022-09-25,2022,3,REG,MIN,28,DET,24,0
2022-09-25,2022,3,REG,NE,26,BAL,37,0
2022-09-25,2022,3,REG,NYJ,12,CIN,27,0
2022-09-25,2022,3,REG,TEN,24,LV,22,0
2022-09-25,2022,3,REG,WAS,8,PHI,24,0
2022-09-25,2022,3,REG,LAC,10,JAX,38,0
2022-09-25,2022,3,REG,ARI,12,LA,20,0
2022-09-25,2022,3,REG,SEA,23,ATL,27,0
2022-09-25,2022,3,REG,TB,12,GB,14,0
2022-09-25,2022,3,REG,DEN,11,SF,10,0
2022-09-26,2022,3,REG,NYG,16,DAL,23,0
2022-09-29,2022,4,REG,CIN,27,MIA,15,0
2022-10-02,2022,4,REG,NO,25,MIN,28,0
2022-10-02,2022,4,REG,ATL,23,CLE,20,0
2022-10-02,2022,4,REG,BAL,20,BUF,23,0
2022-10-02,2022,4,REG,DAL,25,WAS,10,0
2022-10-02,2022,4,REG,DET,45,SEA,48,0
2022-10-02,2022,4,REG,HOU,24,LAC,34,0
2022-10-02,2022,4,REG,IND,17,TEN,24,0
2022-10-02,2022,4,REG,NYG,20,CHI,12,0
2022-10-02,2022,4,REG,PHI,29,JAX,21,0
2022-10-02,2022,4,REG,PIT,20,NYJ,24,0
2022-10-02,2022,4,REG,CAR,16,ARI,26,0
2022-10-02,2022,4,REG,GB,27,NE,24,0
2022-10-02,2022,4,REG,LV,32,DEN,23,0
2022-10-02,2022,4,REG,TB,31,KC,41,0
2022-10-03,2022,4,REG,SF,24,LA,9,0
2022-10-06,2022,5,REG,DEN,9,IND,12,0
2022-10-09,2022,5,REG,GB,22,NYG,27,0
2022-10-09,2022,5,REG,BUF,38,PIT,3,0
2022-10-09,2022,5,REG,CLE,28,LAC,30,0
2022-10-09,2022,5,REG,JAX,6,HOU,13,0
2022-10-09,2022,5,REG,MIN,29,CHI,22,0
2022-10-09,2022,5,REG,NE,29,DET,0,0
2022-10-09,2022,5,REG,NO,39,SEA,32,0
2022-10-09,2022,5,REG,NYJ,40,MIA,17,0
2022-10-09,2022,5,REG,TB,21,ATL,15,0
2022-10-09,2022,5,REG,WAS,17,TEN,21,0
2022-10-09,2022,5,REG,CAR,15,SF,37,0
2022-10-09,2022,5,REG,ARI,17,PHI,20,0
2022-10-09,2022,5,REG,LA,10,DAL,22,0
2022-10-09,2022,5,REG,BAL,19,CIN,17,0
2022-10-10,2022,5,REG,KC,30,LV,29,0
2022-10-13,2022,6,REG,CHI,7,WAS,12,0
2022-10-16,2022,6,REG,ATL,28,SF,14,0
2022-10-16,2022,6,REG,CLE,15,NE,38,0
2022-10-16,2022,6,REG,GB,10,NYJ,27,0
2022-10-16,2022,6,REG,IND,34,JAX,27,0
2022-10-16,2022,6,REG,MIA,16,MIN,24,0
2022-10-16,2022,6,REG,NO,26,CIN,30,0
2022-10-16,2022,6,REG,NYG,24,BAL,20,0
2022-10-16,2022,6,REG,PIT,20,TB,18,0
2022-10-16,2022,6,REG,LA,24,CAR,10,0
2022-10-16,2022,6,REG,SEA,19,ARI,9,0
2022-10-16,2022,6,REG,KC,20,BUF,24,0
2022-10-16,2022,6,REG,PHI,26,DAL,17,0
2022-10-17,2022,6,REG,LAC,19,DEN,16,0
2022-10-20,2022,7,REG,ARI,42,NO,34,0
2022-10-23,2022,7,REG,BAL,23,CLE,20,0
2022-10-23,2022,7,REG,CAR,21,TB,3,0
2022-10-23,2022,7,REG,CIN,35,ATL,17,0
2022-10-23,2022,7,REG,DAL,24,DET,6,0
2022-10-23,2022,7,REG,JAX,17,NYG,23,0
2022-10-23,2022,7,REG,TEN,19,IND,10,0
2022-10-23,2022,7,REG,WAS,23,GB,21,0
2022-10-23,2022,7,REG,DEN,9,NYJ,16,0
2022-10-23,2022,7,REG,LV,38,HOU,20,0
2022-10-23,2022,7,REG,LAC,23,SEA,37,0
2022-10-23,2022,7,REG,SF,23,KC,44,0
2022-10-23,2022,7,REG,MIA,16,PIT,10,0
2022-10-24,2022,7,REG,NE,14,CHI,33,0
2022-10-27,2022,8,REG,TB,22,BAL,27,0
2022-10-30,2022,8,REG,JAX,17,DEN,21,0
2022-10-30,2022,8,REG,ATL,37,CAR,34,0
2022-10-30,2022,8,REG,DAL,49,CHI,29,0
2022-10-30,2022,8,REG,DET,27,MIA,31,0
2022-10-30,2022,8,REG,MIN,34,ARI,26,0
2022-10-30,2022,8,REG,NO,24,LV,0,0
2022-10-30,2022,8,REG,NYJ,17,NE,22,0
2022-10-30,2022,8,REG,PHI,35,PIT,13,0
2022-10-30,2022,8,REG,HOU,10,TEN,17,0
2022-10-30,2022,8,REG,IND,16,WAS,17,0
2022-10-30,2022,8,REG,LA,14,SF,31,0
2022-10-30,2022,8,REG,SEA,27,NYG,13,0
2022-10-30,2022,8,REG,BUF,27,GB,17,0
2022-10-31,2022,8,REG,CLE,32,CIN,13,0
2022-11-03,2022,9,REG,HOU,17,PHI,29,0
2022-11-06,2022,9,REG,ATL,17,LAC,20,0
2022-11-06,2022,9,REG,CHI,32,MIA,35,0
2022-11-06,2022,9,REG,CIN,42,CAR,21,0
2022-11-06,2022,9,REG,DET,15,GB,9,0
2022-11-06,2022,9,REG,JAX,27,LV,20,0
2022-11-06,2022,9,REG,NE,26,IND,3,0
2022-11-06,2022,9,REG,NYJ,20,BUF,17,0
2022-11-06,2022,9,REG,WAS,17,MIN,20,0
2022-11-06,2022,9,REG,ARI,21,SEA,31,0
2022-11-06,2022,9,REG,TB,16,LA,13,0
2022-11-06,2022,9,REG,KC,20,TEN,17,0
2022-11-07,2022,9,REG,NO,13,BAL,27,0
2022-11-10,2022,10,REG,CAR,25,ATL,15,0
2022-11-13,2022,10,REG,TB,21,SEA,16,0
2022-11-13,2022,10,REG,BUF,30,MIN,33,0
2022-11-13,2022,10,REG,CHI,30,DET,31,0
2022-11-13,2022,10,REG,KC,27,JAX,17,0
2022-11-13,2022,10,REG,MIA,39,CLE,17,0
2022-11-13,2022,10,REG,NYG,24,HOU,16,0
2022-11-13,2022,10,REG,PIT,20,NO,10,0
2022-11-13,2022,10,REG,TEN,17,DEN,10,0
2022-11-13,2022,10,REG,LV,20,IND,25,0
2022-11-13,2022,10,REG,GB,31,DAL,28,0
2022-11-13,2022,10,REG,LA,17,ARI,27,0
2022-11-13,2022,10,REG,SF,22,LAC,16,0
2022-11-14,2022,10,REG,PHI,21,WAS,32,0
2022-11-17,2022,11,REG,GB,17,TEN,27,0
2022-11-20,2022,11,REG,ATL,27,CHI,24,0
2022-11-20,2022,11,REG,BAL,13,CAR,3,0
2022-11-20,2022,11,REG,BUF,31,CLE,23,0
2022-11-20,2022,11,REG,HOU,10,WAS,23,0
2022-11-20,2022,11,REG,IND,16,PHI,17,0
2022-11-20,2022,11,REG,NE,10,NYJ,3,0
2022-11-20,2022,11,REG,NO,27,LA,20,0
2022-11-20,2022,11,REG,NYG,18,DET,31,0
2022-11-20,2022,11,REG,DEN,16,LV,22,0
2022-11-20,2022,11,REG,MIN,3,DAL,40,0
2022-11-20,2022,11,REG,PIT,30,CIN,37,0
2022-11-20,2022,11,REG,LAC,27,KC,30,0
2022-11-21,2022,11,REG,ARI,10,SF,38,0
2022-11-24,2022,12,REG,DET,25,BUF,28,0
2022-11-24,2022,12,REG,DAL,28,NYG,20,0
2022-11-24,2022,12,REG,MIN,33,NE,26,0
2022-11-27,2022,12,REG,CAR,23,DEN,10,0
2022-11-27,2022,12,REG,CLE,23,TB,17,0
2022-11-27,2022,12,REG,JAX,28,BAL,27,0
2022-11-27,2022,12,REG,MIA,30,HOU,15,0
2022-11-27,2022,12,REG,NYJ,31,CHI,10,0
2022-11-27,2022,12,REG,TEN,16,CIN,20,0
2022-11-27,2022,12,REG,WAS,19,ATL,13,0
2022-11-27,2022,12,REG,ARI,24,LAC,25,0
2022-11-27,2022,12,REG,SEA,34,LV,40,0
2022-11-27,2022,12,REG,KC,26,LA,10,0
2022-11-27,2022,12,REG,SF,13,NO,0,0
2022-11-27,2022,12,REG,PHI,40,GB,33,0
2022-11-28,2022,12,REG,IND,17,PIT,24,0
2022-12-01,2022,13,REG,NE,10,BUF,24,0
2022-12-04,2022,13,REG,ATL,16,PIT,19,0
2022-12-04,2022,13,REG,BAL,10,DEN,9,0
2022-12-04,2022,13,REG,CHI,19,GB,28,0
2022-12-04,2022,13,REG,DET,40,JAX,14,0
2022-12-04,2022,13,REG,HOU,14,CLE,27,0
2022-12-04,2022,13,REG,MIN,27,NYJ,22,0
2022-12-04,2022,13,REG,NYG,20,WAS,20,0
2022-12-04,2022,13,REG,PHI,35,TEN,10,0
2022-12-04,2022,13,REG,LA,23,SEA,27,0
2022-12-04,2022,13,REG,SF,33,MIA,17,0
2022-12-04,2022,13,REG,CIN,27,KC,24,0
2022-12-04,2022,13,REG,LV,27,LAC,20,0
2022-12-04,2022,13,REG,DAL,54,IND,19,0
2022-12-05,2022,13,REG,TB,17,NO,16,0
2022-12-08,2022,14,REG,LA,17,LV,16,0
2022-12-11,2022,14,REG,BUF,20,NYJ,12,0
2022-12-11,2022,14,REG,CIN,23,CLE,10,0
2022-12-11,2022,14,REG,DAL,27,HOU,23,0
2022-12-11,2022,14,REG,DET,34,MIN,23,0
2022-12-11,2022,14,REG,NYG,22,PHI,48,0
2022-12-11,2022,14,REG,PIT,14,BAL,16,0
2022-12-11,2022,14,REG,TEN,22,JAX,36,0
2022-12-11,2022,14,REG,DEN,28,KC,34,0
2022-12-11,2022,14,REG,SEA,24,CAR,30,0
2022-12-11,2022,14,REG,SF,35,TB,7,0
2022-12-11,2022,14,REG,LAC,23,MIA,17,0
2022-12-12,2022,14,REG,ARI,13,NE,27,0
2022-12-15,2022,15,REG,SEA,13,SF,21,0
2022-12-17,2022,15,REG,MIN,39,IND,36,0
2022-12-17,2022,15,REG,CLE,13,BAL,3,0
2022-12-17,2022,15,REG,BUF,32,MIA,29,0
2022-12-18,2022,15,REG,CAR,16,PIT,24,0
2022-12-18,2022,15,REG,CHI,20,PHI,25,0
2022-12-18,2022,15,REG,HOU,24,KC,30,0
2022-12-18,2022,15,REG,JAX,40,DAL,34,0
2022-12-18,2022,15,REG,NO,21,ATL,18,0
2022-12-18,2022,15,REG,NYJ,17,DET,20,0
2022-12-18,2022,15,REG,DEN,24,ARI,15,0
2022-12-18,2022,15,REG,LV,30,NE,24,0
2022-12-18,2022,15,REG,LAC,17,TEN,14,0
2022-12-18,2022,15,REG,TB,23,CIN,34,0
2022-12-18,2022,15,REG,WAS,12,NYG,20,0
2022-12-19,2022,15,REG,GB,24,LA,12,0
2022-12-22,2022,16,REG,NYJ,3,JAX,19,0
2022-12-24,2022,16,REG,BAL,17,ATL,9,0
2022-12-24,2022,16,REG,CAR,37,DET,23,0
2022-12-24,2022,16,REG,CHI,13,BUF,35,0
2022-12-24,2022,16,REG,CLE,10,NO,17,0
2022-12-24,2022,16,REG,KC,24,SEA,10,0
2022-12-24,2022,16,REG,MIN,27,NYG,24,0
2022-12-24,2022,16,REG,NE,18,CIN,22,0
2022-12-24,2022,16,REG,TEN,14,HOU,19,0
2022-12-24,2022,16,REG,SF,37,WAS,20,0
2022-12-24,2022,16,REG,DAL,40,PHI,34,0
2022-12-24,2022,16,REG,PIT,13,LV,10,0
2022-12-25,2022,16,REG,MIA,20,GB,26,0
2022-12-25,2022,16,REG,LA,51,DEN,14,0
2022-12-25,2022,16,REG,ARI,16,TB,19,0
2022-12-26,2022,16,REG,IND,3,LAC,20,0
2022-12-29,2022,17,REG,TEN,13,DAL,27,0
2023-01-01,2022,17,REG,ATL,20,ARI,19,0
2023-01-01,2022,17,REG,DET,41,CHI,10,0
2023-01-01,2022,17,REG,HOU,3,JAX,31,0
2023-01-01,2022,17,REG,KC,27,DEN,24,0
2023-01-01,2022,17,REG,NE,23,MIA,21,0
2023-01-01,2022,17,REG,NYG,38,IND,10,0
2023-01-01,2022,17,REG,PHI,10,NO,20,0
2023-01-01,2022,17,REG,TB,30,CAR,24,0
2023-01-01,2022,17,REG,WAS,10,CLE,24,0
2023-01-01,2022,17,REG,LV,34,SF,37,0
2023-01-01,2022,17,REG,SEA,23,NYJ,6,0
2023-01-01,2022,17,REG,GB,41,MIN,17,0
2023-01-01,2022,17,REG,LAC,31,LA,10,0
2023-01-01,2022,17,REG,BAL,13,PIT,16,0
2023-01-07,2022,18,REG,LV,13,KC,31,0
2023-01-07,2022,18,REG,JAX,20,TEN,16,0
2023-01-08,2022,18,REG,ATL,30,TB,17,0
2023-01-08,2022,18,REG,BUF,35,NE,23,0
2023-01-08,2022,18,REG,CHI,13,MIN,29,0
2023-01-08,2022,18,REG,CIN,27,BAL,16,0
2023-01-08,2022,18,REG,IND,31,HOU,32,0
2023-01-08,2022,18,REG,MIA,11,NYJ,6,0
2023-01-08,2022,18,REG,NO,7,CAR,10,0
2023-01-08,2022,18,REG,PIT,28,CLE,14,0
2023-01-08,2022,18,REG,DEN,31,LAC,28,0
2023-01-08,2022,18,REG,PHI,22,NYG,16,0
2023-01-08,2022,18,REG,SEA,19,LA,16,0
2023-01-08,2022,18,REG,SF,38,ARI,13,0
2023-01-08,2022,18,REG,WAS,26,DAL,6,0
2023-01-08,2022,18,REG,GB,16,DET,20,0
2023-01-14,2022,19,WC,SF,41,SEA,23,0
2023-01-14,2022,19,WC,JAX,31,LAC,30,0
2023-01-15,2022,19,WC,BUF,34,MIA,31,0
2023-01-15,2022,19,WC,MIN,24,NYG,31,0
2023-01-15,2022,19,WC,CIN,24,BAL,17,0
2023-01-16,2022,19,WC,TB,14,DAL,31,0
2023-01-21,2022,20,DIV,KC,27,JAX,20,0
2023-01-21,2022,20,DIV,PHI,38,NYG,7,0
2023-01-22,2022,20,DIV,BUF,10,CIN,27,0
2023-01-22,2022,20,DIV,SF,19,DAL,12,0
2023-01-29,2022,21,CON,PHI,31,SF,7,0
2023-01-29,2022,21,CON,KC,23,CIN,20,0
2023-02-12,2022,22,SB,PHI,35,KC,38,0
2023-09-07,2023,1,REG,KC,20,DET,21,0
2023-09-10,2023,1,REG,ATL,24,CAR,10,0
2023-09-10,2023,1,REG,BAL,25,HOU,9,0
2023-09-10,2023,1,REG,CLE,24,CIN,3,0
2023-09-10,2023,1,REG,IND,21,JAX,31,0
2023-09-10,2023,1,REG,MIN,17,TB,20,0
2023-09-10,2023,1,REG,NO,16,TEN,15,0
2023-09-10,2023,1,REG,PIT,7,SF,30,0
2023-09-10,2023,1,REG,WAS,20,ARI,16,0
2023-09-10,2023,1,REG,CHI,20,GB,38,0
2023-09-10,2023,1,REG,DEN,16,LV,17,0
2023-09-10,2023,1,REG,LAC,34,MIA,36,0
2023-09-10,2023,1,REG,NE,20,PHI,25,0
2023-09-10,2023,1,REG,SEA,13,LA,30,0
2023-09-10,2023,1,REG,NYG,0,DAL,40,0
2023-09-11,2023,1,REG,NYJ,22,BUF,16,0
2023-09-14,2023,2,REG,PHI,34,MIN,28,0
2023-09-17,2023,2,REG,ATL,25,GB,24,0
2023-09-17,2023,2,REG,BUF,38,LV,10,0
2023-09-17,2023,2,REG,CIN,24,BAL,27,0
2023-09-17,2023,2,REG,DET,31,SEA,37,0
2023-09-17,2023,2,REG,HOU,20,IND,31,0
2023-09-17,2023,2,REG,JAX,9,KC,17,0
2023-09-17,2023,2,REG,TB,27,CHI,17,0
2023-09-17,2023,2,REG,TEN,27,LAC,24,0
2023-09-17,2023,2,REG,ARI,28,NYG,31,0
2023-09-17,2023,2,REG,LA,23,SF,30,0
2023-09-17,2023,2,REG,DAL,30,NYJ,10,0
2023-09-17,2023,2,REG,DEN,33,WAS,35,0
2023-09-17,2023,2,REG,NE,17,MIA,24,0
2023-09-18,2023,2,REG,CAR,17,NO,20,0
2023-09-18,2023,2,REG,PIT,26,CLE,22,0
2023-09-21,2023,3,REG,SF,30,NYG,12,0
2023-09-24,2023,3,REG,BAL,19,IND,22,0
2023-09-24,2023,3,REG,CLE,27,TEN,3,0
2023-09-24,2023,3,REG,DET,20,ATL,6,0
2023-09-24,2023,3,REG,GB,18,NO,17,0
2023-09-24,2023,3,REG,JAX,17,HOU,37,0
2023-09-24,2023,3,REG,MIA,70,DEN,20,0
2023-09-24,2023,3,REG,MIN,24,LAC,28,0
2023-09-24,2023,3,REG,NYJ,10,NE,15,0
2023-09-24,2023,3,REG,WAS,3,BUF,37,0
2023-09-24,2023,3,REG,SEA,37,CAR,27,0
2023-09-24,2023,3,REG,ARI,28,DAL,16,0
2023-09-24,2023,3,REG,KC,41,CHI,10,0
2023-09-24,2023,3,REG,LV,18,PIT,23,0
2023-09-25,2023,3,REG,TB,11,PHI,25,0
2023-09-25,2023,3,REG,CIN,19,LA,16,0
2023-09-28,2023,4,REG,GB,20,DET,34,0
2023-10-01,2023,4,REG,JAX,23,ATL,7,0
2023-10-01,2023,4,REG,BUF,48,MIA,20,0
2023-10-01,2023,4,REG,CAR,13,MIN,21,0
2023-10-01,2023,4,REG,CHI,28,DEN,31,0
2023-10-01,2023,4,REG,CLE,3,BAL,28,0
2023-10-01,2023,4,REG,HOU,30,PIT,6,0
2023-10-01,2023,4,REG,IND,23,LA,29,0
2023-10-01,2023,4,REG,NO,9,TB,26,0
2023-10-01,2023,4,REG,PHI,34,WAS,31,0
2023-10-01,2023,4,REG,TEN,27,CIN,3,0
2023-10-01,2023,4,REG,LAC,24,LV,17,0
2023-10-01,2023,4,REG,DAL,38,NE,3,0
2023-10-01,2023,4,REG,SF,35,ARI,16,0
2023-10-01,2023,4,REG,NYJ,20,KC,23,0
2023-10-02,2023,4,REG,NYG,3,SEA,24,0
2023-10-05,2023,5,REG,WAS,20,CHI,40,0
2023-10-08,2023,5,REG,BUF,20,JAX,25,0
2023-10-08,2023,5,REG,ATL,21,HOU,19,0
2023-10-08,2023,5,REG,DET,42,CAR,24,0
2023-10-08,2023,5,REG,IND,23,TEN,16,0
2023-10-08,2023,5,REG,MIA,31,NYG,16,0
2023-10-08,2023,5,REG,NE,0,NO,34,0
2023-10-08,2023,5,REG,PIT,17,BAL,10,0
2023-10-08,2023,5,REG,ARI,20,CIN,34,0
2023-10-08,2023,5,REG,LA,14,PHI,23,0
2023-10-08,2023,5,REG,DEN,21,NYJ,31,0
2023-10-08,2023,5,REG,MIN,20,KC,27,0
2023-10-08,2023,5,REG,SF,42,DAL,10,0
2023-10-09,2023,5,REG,LV,17,GB,13,0
2023-10-12,2023,6,REG,KC,19,DEN,8,0
2023-10-15,2023,6,REG,TEN,16,BAL,24,0
2023-10-15,2023,6,REG,ATL,16,WAS,24,0
2023-10-15,2023,6,REG,CHI,13,MIN,19,0
2023-10-15,2023,6,REG,CIN,17,SEA,13,0
2023-10-15,2023,6,REG,CLE,19,SF,17,0
2023-10-15,2023,6,REG,HOU,20,NO,13,0
2023-10-15,2023,6,REG,JAX,37,IND,20,0
2023-10-15,2023,6,REG,MIA,42,CAR,21,0
2023-10-15,2023,6,REG,LV,21,NE,17,0
2023-10-15,2023,6,REG,LA,26,ARI,9,0
2023-10-15,2023,6,REG,NYJ,20,PHI,14,0
2023-10-15,2023,6,REG,TB,6,DET,20,0
2023-10-15,2023,6,REG,BUF,14,NYG,9,0
2023-10-16,2023,6,REG,LAC,17,DAL,20,0
2023-10-19,2023,7,REG,NO,24,JAX,31,0
2023-10-22,2023,7,REG,BAL,38,DET,6,0
2023-10-22,2023,7,REG,CHI,30,LV,12,0
2023-10-22,2023,7,REG,IND,38,CLE,39,0
2023-10-22,2023,7,REG,NE,29,BUF,25,0
2023-10-22,2023,7,REG,NYG,14,WAS,7,0
2023-10-22,2023,7,REG,TB,13,ATL,16,0
2023-10-22,2023,7,REG,LA,17,PIT,24,0
2023-10-22,2023,7,REG,SEA,20,ARI,10,0
2023-10-22,2023,7,REG,DEN,19,GB,17,0
2023-10-22,2023,7,REG,KC,31,LAC,17,0
2023-10-22,2023,7,REG,PHI,31,MIA,17,0
2023-10-23,2023,7,REG,MIN,22,SF,17,0
2023-10-26,2023,8,REG,BUF,24,TB,18,0
2023-10-29,2023,8,REG,CAR,15,HOU,13,0
2023-10-29,2023,8,REG,DAL,43,LA,20,0
2023-10-29,2023,8,REG,GB,10,MIN,24,0
2023-10-29,2023,8,REG,IND,27,NO,38,0
2023-10-29,2023,8,REG,MIA,31,NE,17,0
2023-10-29,2023,8,REG,NYG,10,NYJ,13,0
2023-10-29,2023,8,REG,PIT,10,JAX,20,0
2023-10-29,2023,8,REG,TEN,28,ATL,23,0
2023-10-29,2023,8,REG,WAS,31,PHI,38,0
2023-10-29,2023,8,REG,SEA,24,CLE,20,0
2023-10-29,2023,8,REG,ARI,24,BAL,31,0
2023-10-29,2023,8,REG,DEN,24,KC,9,0
2023-10-29,2023,8,REG,SF,17,CIN,31,0
2023-10-29,2023,8,REG,LAC,30,CHI,13,0
2023-10-30,2023,8,REG,DET,26,LV,14,0
2023-11-02,2023,9,REG,PIT,20,TEN,16,0
2023-11-05,2023,9,REG,KC,21,MIA,14,0
2023-11-05,2023,9,REG,ATL,28,MIN,31,0
2023-11-05,2023,9,REG,BAL,37,SEA,3,0
2023-11-05,2023,9,REG,CLE,27,ARI,0,0
2023-11-05,2023,9,REG,GB,20,LA,3,0
2023-11-05,2023,9,REG,HOU,39,TB,37,0
2023-11-05,2023,9,REG,NE,17,WAS,20,0
2023-11-05,2023,9,REG,NO,24,CHI,17,0
2023-11-05,2023,9,REG,CAR,13,IND,27,0
2023-11-05,2023,9,REG,LV,30,NYG,6,0
2023-11-05,2023,9,REG,PHI,28,DAL,23,0
2023-11-05,2023,9,REG,CIN,24,BUF,18,0
2023-11-06,2023,9,REG,NYJ,6,LAC,27,0
2023-11-09,2023,10,REG,CHI,16,CAR,13,0
2023-11-12,2023,10,REG,NE,6,IND,10,0
2023-11-12,2023,10,REG,BAL,31,CLE,33,0
2023-11-12,2023,10,REG,CIN,27,HOU,30,0
2023-11-12,2023,10,REG,JAX,3,SF,34,0
2023-11-12,2023,10,REG,MIN,27,NO,19,0
2023-11-12,2023,10,REG,PIT,23,GB,19,0
2023-11-12,2023,10,REG,TB,20,TEN,6,0
2023-11-12,2023,10,REG,ARI,25,ATL,23,0
2023-11-12,2023,10,REG,LAC,38,DET,41,0
2023-11-12,2023,10,REG,DAL,49,NYG,17,0
2023-11-12,2023,10,REG,SEA,29,WAS,26,0
2023-11-12,2023,10,REG,LV,16,NYJ,12,0
2023-11-13,2023,10,REG,BUF,22,DEN,24,0
2023-11-16,2023,11,REG,BAL,34,CIN,20,0
2023-11-19,2023,11,REG,CAR,10,DAL,33,0
2023-11-19,2023,11,REG,CLE,13,PIT,10,0
2023-11-19,2023,11,REG,DET,31,CHI,26,0
2023-11-19,2023,11,REG,GB,23,LAC,20,0
2023-11-19,2023,11,REG,HOU,21,ARI,16,0
2023-11-19,2023,11,REG,JAX,34,TEN,14,0
2023-11-19,2023,11,REG,MIA,20,LV,13,0
2023-11-19,2023,11,REG,WAS,19,NYG,31,0
2023-11-19,2023,11,REG,SF,27,TB,14,0
2023-11-19,2023,11,REG,BUF,32,NYJ,6,0
2023-11-19,2023,11,REG,LA,17,SEA,16,0
2023-11-19,2023,11,REG,DEN,21,MIN,20,0
2023-11-20,2023,11,REG,KC,17,PHI,21,0
2023-11-23,2023,12,REG,DET,22,GB,29,0
2023-11-23,2023,12,REG,DAL,45,WAS,10,0
2023-11-23,2023,12,REG,SEA,13,SF,31,0
2023-11-24,2023,12,REG,NYJ,13,MIA,34,0
2023-11-26,2023,12,REG,ATL,24,NO,15,0
2023-11-26,2023,12,REG,CIN,10,PIT,16,0
2023-11-26,2023,12,REG,HOU,21,JAX,24,0
2023-11-26,2023,12,REG,IND,27,TB,20,0
2023-11-26,2023,12,REG,NYG,10,NE,7,0
2023-11-26,2023,12,REG,TEN,17,CAR,10,0
2023-11-26,2023,12,REG,ARI,14,LA,37,0
2023-11-26,2023,12,REG,DEN,29,CLE,12,0
2023-11-26,2023,12,REG,LV,17,KC,31,0
2023-11-26,2023,12,REG,PHI,37,BUF,34,0
2023-11-26,2023,12,REG,LAC,10,BAL,20,0
2023-11-27,2023,12,REG,MIN,10,CHI,12,0
2023-11-30,2023,13,REG,DAL,41,SEA,35,0
2023-12-03,2023,13,REG,HOU,22,DEN,17,0
2023-12-03,2023,13,REG,NE,0,LAC,6,0
2023-12-03,2023,13,REG,NO,28,DET,33,0
2023-12-03,2023,13,REG,NYJ,8,ATL,13,0
2023-12-03,2023,13,REG,PIT,10,ARI,24,0
2023-12-03,2023,13,REG,TEN,28,IND,31,0
2023-12-03,2023,13,REG,WAS,15,MIA,45,0
2023-12-03,2023,13,REG,TB,21,CAR,18,0
2023-12-03,2023,13,REG,LA,36,CLE,19,0
2023-12-03,2023,13,REG,PHI,19,SF,42,0
2023-12-03,2023,13,REG,GB,27,KC,19,0
2023-12-04,2023,13,REG,JAX,31,CIN,34,0
2023-12-07,2023,14,REG,PIT,18,NE,21,0
2023-12-10,2023,14,REG,ATL,25,TB,29,0
2023-12-10,2023,14,REG,BAL,37,LA,31,0
2023-12-10,2023,14,REG,CHI,28,DET,13,0
2023-12-10,2023,14,REG,CIN,34,IND,14,0
2023-12-10,2023,14,REG,CLE,31,JAX,27,0
2023-12-10,2023,14,REG,NO,28,CAR,6,0
2023-12-10,2023,14,REG,NYJ,30,HOU,6,0
2023-12-10,2023,14,REG,LV,0,MIN,3,0
2023-12-10,2023,14,REG,SF,28,SEA,16,0
2023-12-10,2023,14,REG,KC,17,BUF,20,0
2023-12-10,2023,14,REG,LAC,7,DEN,24,0
2023-12-10,2023,14,REG,DAL,33,PHI,13,0
2023-12-11,2023,14,REG,MIA,27,TEN,28,0
2023-12-11,2023,14,REG,NYG,24,GB,22,0
2023-12-14,2023,15,REG,LV,63,LAC,21,0
2023-12-16,2023,15,REG,CIN,27,MIN,24,0
2023-12-16,2023,15,REG,IND,30,PIT,13,0
2023-12-16,2023,15,REG,DET,42,DEN,17,0
2023-12-17,2023,15,REG,CAR,9,ATL,7,0
2023-12-17,2023,15,REG,CLE,20,CHI,17,0
2023-12-17,2023,15,REG,GB,20,TB,34,0
2023-12-17,2023,15,REG,MIA,30,NYJ,0,0
2023-12-17,2023,15,REG,NE,17,KC,27,0
2023-12-17,2023,15,REG,NO,24,NYG,6,0
2023-12-17,2023,15,REG,TEN,16,HOU,19,0
2023-12-17,2023,15,REG,ARI,29,SF,45,0
2023-12-17,2023,15,REG,LA,28,WAS,20,0
2023-12-17,2023,15,REG,BUF,31,DAL,10,0
2023-12-17,2023,15,REG,JAX,7,BAL,23,0
2023-12-18,2023,15,REG,SEA,20,PHI,17,0
2023-12-21,2023,16,REG,LA,30,NO,22,0
2023-12-23,2023,16,REG,PIT,34,CIN,11,0
2023-12-23,2023,16,REG,LAC,22,BUF,24,0
2023-12-24,2023,16,REG,ATL,29,IND,10,0
2023-12-24,2023,16,REG,CAR,30,GB,33,0
2023-12-24,2023,16,REG,HOU,22,CLE,36,0
2023-12-24,2023,16,REG,MIN,24,DET,30,0
2023-12-24,2023,16,REG,NYJ,30,WAS,28,0
2023-12-24,2023,16,REG,TEN,17,SEA,20,0
2023-12-24,2023,16,REG,TB,30,JAX,12,0
2023-12-24,2023,16,REG,CHI,27,ARI,16,0
2023-12-24,2023,16,REG,MIA,22,DAL,20,0
2023-12-24,2023,16,REG,DEN,23,NE,26,0
2023-12-25,2023,16,REG,KC,14,LV,20,0
2023-12-25,2023,16,REG,PHI,33,NYG,25,0
2023-12-25,2023,16,REG,SF,19,BAL,33,0
2023-12-28,2023,17,REG,CLE,37,NYJ,20,0
2023-12-30,2023,17,REG,DAL,20,DET,19,0
2023-12-31,2023,17,REG,BAL,56,MIA,19,0
2023-12-31,2023,17,REG,BUF,27,NE,21,0
2023-12-31,2023,17,REG,CHI,37,ATL,17,0
2023-12-31,2023,17,REG,HOU,26,TEN,3,0
2023-12-31,2023,17,REG,IND,23,LV,20,0
2023-12-31,2023,17,REG,JAX,26,CAR,0,0
2023-12-31,2023,17,REG,NYG,25,LA,26,0
2023-12-31,2023,17,REG,PHI,31,ARI,35,0
2023-12-31,2023,17,REG,TB,13,NO,23,0
2023-12-31,2023,17,REG,WAS,10,SF,27,0
2023-12-31,2023,17,REG,SEA,23,PIT,30,0
2023-12-31,2023,17,REG,DEN,16,LAC,9,0
2023-12-31,2023,17,REG,KC,25,CIN,17,0
2023-12-31,2023,17,REG,MIN,10,GB,33,0
2024-01-06,2023,18,REG,BAL,10,PIT,17,0
2024-01-06,2023,18,REG,IND,19,HOU,23,0
2024-01-07,2023,18,REG,CAR,0,TB,9,0
2024-01-07,2023,18,REG,CIN,31,CLE,14,0
2024-01-07,2023,18,REG,DET,30,MIN,20,0
2024-01-07,2023,18,REG,NE,3,NYJ,17,0
2024-01-07,2023,18,REG,NO,48,ATL,17,0
2024-01-07,2023,18,REG,TEN,28,JAX,20,0
2024-01-07,2023,18,REG,ARI,20,SEA,21,0
2024-01-07,2023,18,REG,GB,17,CHI,9,0
2024-01-07,2023,18,REG,LAC,12,KC,13,0
2024-01-07,2023,18,REG,LV,27,DEN,14,0
2024-01-07,2023,18,REG,NYG,27,PHI,10,0
2024-01-07,2023,18,REG,SF,20,LA,21,0
2024-01-07,2023,18,REG,WAS,10,DAL,38,0
2024-01-07,2023,18,REG,MIA,14,BUF,21,0
2024-01-13,2023,19,WC,HOU,45,CLE,14,0
2024-01-13,2023,19,WC,KC,26,MIA,7,0
2024-01-14,2023,19,WC,DAL,32,GB,48,0
2024-01-14,2023,19,WC,DET,24,LA,23,0
2024-01-15,2023,19,WC,BUF,31,PIT,17,0
2024-01-15,2023,19,WC,TB,32,PHI,9,0
2024-01-20,2023,20,DIV,BAL,34,HOU,10,0
2024-01-20,2023,20,DIV,SF,24,GB,21,0
2024-01-21,2023,20,DIV,DET,31,TB,23,0
2024-01-21,2023,20,DIV,BUF,24,KC,27,0
2024-01-28,2023,21,CON,BAL,10,KC,17,0
2024-01-28,2023,21,CON,SF,34,DET,31,0
2024-02-11,2023,22,SB,KC,25,SF,22,0
2024-09-05,2024,1,REG,KC,27,BAL,20,0
2024-09-06,2024,1,REG,PHI,34,GB,29,0
2024-09-08,2024,1,REG,ATL,10,PIT,18,0
2024-09-08,2024,1,REG,BUF,34,ARI,28,0
2024-09-08,2024,1,REG,CHI,24,TEN,17,0
2024-09-08,2024,1,REG,CIN,10,NE,16,0
2024-09-08,2024,1,REG,IND,27,HOU,29,0
2024-09-08,2024,1,REG,MIA,20,JAX,17,0
2024-09-08,2024,1,REG,NO,47,CAR,10,0
2024-09-08,2024,1,REG,NYG,6,MIN,28,0
2024-09-08,2024,1,REG,LAC,22,LV,10,0
2024-09-08,2024,1,REG,SEA,26,DEN,20,0
2024-09-08,2024,1,REG,CLE,17,DAL,33,0
2024-09-08,2024,1,REG,TB,37,WAS,20,0
2024-09-08,2024,1,REG,DET,26,LA,20,0
2024-09-09,2024,1,REG,SF,32,NYJ,19,0
2024-09-12,2024,2,REG,MIA,10,BUF,31,0
2024-09-15,2024,2,REG,BAL,23,LV,26,0
2024-09-15,2024,2,REG,CAR,3,LAC,26,0
2024-09-15,2024,2,REG,DAL,19,NO,44,0
2024-09-15,2024,2,REG,DET,16,TB,20,0
2024-09-15,2024,2,REG,GB,16,IND,10,0
2024-09-15,2024,2,REG,JAX,13,CLE,18,0
2024-09-15,2024,2,REG,MIN,23,SF,17,0
2024-09-15,2024,2,REG,NE,20,SEA,23,0
2024-09-15,2024,2,REG,TEN,17,NYJ,24,0
2024-09-15,2024,2,REG,WAS,21,NYG,18,0
2024-09-15,2024,2,REG,ARI,41,LA,10,0
2024-09-15,2024,2,REG,DEN,6,PIT,13,0
2024-09-15,2024,2,REG,KC,26,CIN,25,0
2024-09-15,2024,2,REG,HOU,19,CHI,13,0
2024-09-16,2024,2,REG,PHI,21,ATL,22,0
2024-09-19,2024,3,REG,NYJ,24,NE,3,0
2024-09-22,2024,3,REG,CLE,15,NYG,21,0
2024-09-22,2024,3,REG,IND,21,CHI,16,0
2024-09-22,2024,3,REG,MIN,34,HOU,7,0
2024-09-22,2024,3,REG,NO,12,PHI,15,0
2024-09-22,2024,3,REG,PIT,20,LAC,10,0
2024-09-22,2024,3,REG,TB,7,DEN,26,0
2024-09-22,2024,3,REG,TEN,14,GB,30,0
2024-09-22,2024,3,REG,LV,22,CAR,36,0
2024-09-22,2024,3,REG,SEA,24,MIA,3,0
2024-09-22,2024,3,REG,ARI,13,DET,20,0
2024-09-22,2024,3,REG,DAL,25,BAL,28,0
2024-09-22,2024,3,REG,LA,27,SF,24,0
2024-09-22,2024,3,REG,ATL,17,KC,22,0
2024-09-23,2024,3,REG,BUF,47,JAX,10,0
2024-09-23,2024,3,REG,CIN,33,WAS,38,0
2024-09-26,2024,4,REG,NYG,15,DAL,20,0
2024-09-29,2024,4,REG,ATL,26,NO,24,0
2024-09-29,2024,4,REG,CAR,24,CIN,34,0
2024-09-29,2024,4,REG,CHI,24,LA,18,0
2024-09-29,2024,4,REG,GB,29,MIN,31,0
2024-09-29,2024,4,REG,HOU,24,JAX,20,0
2024-09-29,2024,4,REG,IND,27,PIT,24,0
2024-09-29,2024,4,REG,NYJ,9,DEN,10,0
2024-09-29,2024,4,REG,TB,33,PHI,16,0
2024-09-29,2024,4,REG,ARI,14,WAS,42,0
2024-09-29,2024,4,REG,SF,30,NE,13,0
2024-09-29,2024,4,REG,LAC,10,KC,17,0
2024-09-29,2024,4,REG,LV,20,CLE,16,0
2024-09-29,2024,4,REG,BAL,35,BUF,10,0
2024-09-30,2024,4,REG,MIA,12,TEN,31,0
2024-09-30,2024,4,REG,DET,42,SEA,29,0
2024-10-03,2024,5,REG,ATL,36,TB,30,0
2024-10-06,2024,5,REG,MIN,23,NYJ,17,0
2024-10-06,2024,5,REG,CHI,36,CAR,10,0
2024-10-06,2024,5,REG,CIN,38,BAL,41,0
2024-10-06,2024,5,REG,HOU,23,BUF,20,0
2024-10-06,2024,5,REG,JAX,37,IND,34,0
2024-10-06,2024,5,REG,NE,10,MIA,15,0
2024-10-06,2024,5,REG,WAS,34,CLE,13,0
2024-10-06,2024,5,REG,DEN,34,LV,18,0
2024-10-06,2024,5,REG,SF,23,ARI,24,0
2024-10-06,2024,5,REG,LA,19,GB,24,0
2024-10-06,2024,5,REG,SEA,20,NYG,29,0
2024-10-06,2024,5,REG,PIT,17,DAL,20,0
2024-10-07,2024,5,REG,KC,26,NO,13,0
2024-10-10,2024,6,REG,SEA,24,SF,36,0
2024-10-13,2024,6,REG,CHI,35,JAX,16,0
2024-10-13,2024,6,REG,BAL,30,WAS,23,0
2024-10-13,2024,6,REG,GB,34,ARI,13,0
2024-10-13,2024,6,REG,NE,21,HOU,41,0
2024-10-13,2024,6,REG,NO,27,TB,51,0
2024-10-13,2024,6,REG,PHI,20,CLE,16,0
2024-10-13,2024,6,REG,TEN,17,IND,20,0
2024-10-13,2024,6,REG,DEN,16,LAC,23,0
2024-10-13,2024,6,REG,LV,13,PIT,32,0
2024-10-13,2024,6,REG,CAR,20,ATL,38,0
2024-10-13,2024,6,REG,DAL,9,DET,47,0
2024-10-13,2024,6,REG,NYG,7,CIN,17,0
2024-10-14,2024,6,REG,NYJ,20,BUF,23,0
2024-10-17,2024,7,REG,NO,10,DEN,33,0
2024-10-20,2024,7,REG,JAX,32,NE,16,0
2024-10-20,2024,7,REG,ATL,14,SEA,34,0
2024-10-20,2024,7,REG,BUF,34,TEN,10,0
2024-10-20,2024,7,REG,CLE,14,CIN,21,0
2024-10-20,2024,7,REG,GB,24,HOU,22,0
2024-10-20,2024,7,REG,IND,16,MIA,10,0
2024-10-20,2024,7,REG,MIN,29,DET,31,0
2024-10-20,2024,7,REG,NYG,3,PHI,28,0
2024-10-20,2024,7,REG,LA,20,LV,15,0
2024-10-20,2024,7,REG,WAS,40,CAR,7,0
2024-10-20,2024,7,REG,SF,18,KC,28,0
2024-10-20,2024,7,REG,PIT,37,NYJ,15,0
2024-10-21,2024,7,REG,TB,31,BAL,41,0
2024-10-21,2024,7,REG,ARI,17,LAC,15,0
2024-10-24,2024,8,REG,LA,30,MIN,20,0
2024-10-27,2024,8,REG,CIN,17,PHI,37,0
2024-10-27,2024,8,REG,CLE,29,BAL,24,0
2024-10-27,2024,8,REG,DET,52,TEN,14,0
2024-10-27,2024,8,REG,HOU,23,IND,20,0
2024-10-27,2024,8,REG,JAX,27,GB,30,0
2024-10-27,2024,8,REG,MIA,27,ARI,28,0
2024-10-27,2024,8,REG,NE,25,NYJ,22,0
2024-10-27,2024,8,REG,TB,26,ATL,31,0
2024-10-27,2024,8,REG,LAC,26,NO,8,0
2024-10-27,2024,8,REG,SEA,10,BUF,31,0
2024-10-27,2024,8,REG,DEN,28,CAR,14,0
2024-10-27,2024,8,REG,LV,20,KC,27,0
2024-10-27,2024,8,REG,WAS,18,CHI,15,0
2024-10-27,2024,8,REG,SF,30,DAL,24,0
2024-10-28,2024,8,REG,PIT,26,NYG,18,0
2024-10-31,2024,9,REG,NYJ,21,HOU,13,0
2024-11-03,2024,9,REG,ATL,27,DAL,21,0
2024-11-03,2024,9,REG,BAL,41,DEN,10,0
2024-11-03,2024,9,REG,BUF,30,MIA,27,0
2024-11-03,2024,9,REG,CAR,23,NO,22,0
2024-11-03,2024,9,REG,CIN,41,LV,24,0
2024-11-03,2024,9,REG,CLE,10,LAC,27,0
2024-11-03,2024,9,REG,NYG,22,WAS,27,0
2024-11-03,2024,9,REG,TEN,20,NE,17,0
2024-11-03,2024,9,REG,ARI,29,CHI,9,0
2024-11-03,2024,9,REG,PHI,28,JAX,23,0
2024-11-03,2024,9,REG,GB,14,DET,24,0
2024-11-03,2024,9,REG,SEA,20,LA,26,0
2024-11-03,2024,9,REG,MIN,21,IND,13,0
2024-11-04,2024,9,REG,KC,30,TB,24,0
2024-11-07,2024,10,REG,BAL,35,CIN,34,0
2024-11-10,2024,10,REG,CAR,20,NYG,17,0
2024-11-10,2024,10,REG,CHI,3,NE,19,0
2024-11-10,2024,10,REG,IND,20,BUF,30,0
2024-11-10,2024,10,REG,JAX,7,MIN,12,0
2024-11-10,2024,10,REG,KC,16,DEN,14,0
2024-11-10,2024,10,REG,NO,20,ATL,17,0
2024-11-10,2024,10,REG,TB,20,SF,23,0
2024-11-10,2024,10,REG,WAS,27,PIT,28,0
2024-11-10,2024,10,REG,LAC,27,TEN,17,0
2024-11-10,2024,10,REG,ARI,31,NYJ,6,0
2024-11-10,2024,10,REG,DAL,6,PHI,34,0
2024-11-10,2024,10,REG,HOU,23,DET,26,0
2024-11-11,2024,10,REG,LA,15,MIA,23,0
2024-11-14,2024,11,REG,PHI,26,WAS,18,0
2024-11-17,2024,11,REG,CHI,19,GB,20,0
2024-11-17,2024,11,REG,DET,52,JAX,6,0
2024-11-17,2024,11,REG,MIA,34,LV,19,0
2024-11-17,2024,11,REG,NE,22,LA,28,0
2024-11-17,2024,11,REG,NO,35,CLE,14,0
2024-11-17,2024,11,REG,NYJ,27,IND,28,0
2024-11-17,2024,11,REG,PIT,18,BAL,16,0
2024-11-17,2024,11,REG,TEN,13,MIN,23,0
2024-11-17,2024,11,REG,DEN,38,ATL,6,0
2024-11-17,2024,11,REG,SF,17,SEA,20,0
2024-11-17,2024,11,REG,BUF,30,KC,21,0
2024-11-17,2024,11,REG,LAC,34,CIN,27,0
2024-11-18,2024,11,REG,DAL,10,HOU,34,0
2024-11-21,2024,12,REG,CLE,24,PIT,19,0
2024-11-24,2024,12,REG,CAR,27,KC,30,0
2024-11-24,2024,12,REG,CHI,27,MIN,30,0
2024-11-24,2024,12,REG,HOU,27,TEN,32,0
2024-11-24,2024,12,REG,IND,6,DET,24,0
2024-11-24,2024,12,REG,MIA,34,NE,15,0
2024-11-24,2024,12,REG,NYG,7,TB,30,0
2024-11-24,2024,12,REG,WAS,26,DAL,34,0
2024-11-24,2024,12,REG,LV,19,DEN,29,0
2024-11-24,2024,12,REG,GB,38,SF,10,0
2024-11-24,2024,12,REG,SEA,16,ARI,6,0
2024-11-24,2024,12,REG,LA,20,PHI,37,0
2024-11-25,2024,12,REG,LAC,23,BAL,30,0
2024-11-28,2024,13,REG,DET,23,CHI,20,0
2024-11-28,2024,13,REG,DAL,27,NYG,20,0
2024-11-28,2024,13,REG,GB,30,MIA,17,0
2024-11-29,2024,13,REG,KC,19,LV,17,0
2024-12-01,2024,13,REG,ATL,13,LAC,17,0
2024-12-01,2024,13,REG,CIN,38,PIT,44,0
2024-12-01,2024,13,REG,JAX,20,HOU,23,0
2024-12-01,2024,13,REG,MIN,23,ARI,22,0
2024-12-01,2024,13,REG,NE,24,IND,25,0
2024-12-01,2024,13,REG,NYJ,21,SEA,26,0
2024-12-01,2024,13,REG,WAS,42,TEN,19,0
2024-12-01,2024,13,REG,CAR,23,TB,26,0
2024-12-01,2024,13,REG,NO,14,LA,21,0
2024-12-01,2024,13,REG,BAL,19,PHI,24,0
2024-12-01,2024,13,REG,BUF,35,SF,10,0
2024-12-02,2024,13,REG,DEN,41,CLE,32,0
2024-12-05,2024,14,REG,DET,34,GB,31,0
2024-12-08,2024,14,REG,MIA,32,NYJ,26,0
2024-12-08,2024,14,REG,MIN,42,ATL,21,0
2024-12-08,2024,14,REG,NYG,11,NO,14,0
2024-12-08,2024,14,REG,PHI,22,CAR,16,0
2024-12-08,2024,14,REG,PIT,27,CLE,14,0
2024-12-08,2024,14,REG,TB,28,LV,13,0
2024-12-08,2024,14,REG,TEN,6,JAX,10,0
2024-12-08,2024,14,REG,ARI,18,SEA,30,0
2024-12-08,2024,14,REG,LA,44,BUF,42,0
2024-12-08,2024,14,REG,SF,38,CHI,13,0
2024-12-08,2024,14,REG,KC,19,LAC,17,0
2024-12-09,2024,14,REG,DAL,20,CIN,27,0
2024-12-12,2024,15,REG,SF,6,LA,12,0
2024-12-15,2024,15,REG,CAR,14,DAL,30,0
2024-12-15,2024,15,REG,CLE,7,KC,21,0
2024-12-15,2024,15,REG,HOU,20,MIA,12,0
2024-12-15,2024,15,REG,JAX,25,NYJ,32,0
2024-12-15,2024,15,REG,NO,19,WAS,20,0
2024-12-15,2024,15,REG,NYG,14,BAL,35,0
2024-12-15,2024,15,REG,TEN,27,CIN,37,0
2024-12-15,2024,15,REG,ARI,30,NE,17,0
2024-12-15,2024,15,REG,DEN,31,IND,13,0
2024-12-15,2024,15,REG,DET,42,BUF,48,0
2024-12-15,2024,15,REG,LAC,17,TB,40,0
2024-12-15,2024,15,REG,PHI,27,PIT,13,0
2024-12-15,2024,15,REG,SEA,13,GB,30,0
2024-12-16,2024,15,REG,MIN,30,CHI,12,0
2024-12-16,2024,15,REG,LV,9,ATL,15,0
2024-12-19,2024,16,REG,LAC,34,DEN,27,0
2024-12-21,2024,16,REG,KC,27,HOU,19,0
2024-12-21,2024,16,REG,BAL,34,PIT,17,0
2024-12-22,2024,16,REG,ATL,34,NYG,7,0
2024-12-22,2024,16,REG,CAR,36,ARI,30,0
2024-12-22,2024,16,REG,CHI,17,DET,34,0
2024-12-22,2024,16,REG,CIN,24,CLE,6,0
2024-12-22,2024,16,REG,IND,38,TEN,30,0
2024-12-22,2024,16,REG,NYJ,9,LA,19,0
2024-12-22,2024,16,REG,WAS,36,PHI,33,0
2024-12-22,2024,16,REG,SEA,24,MIN,27,0
2024-12-22,2024,16,REG,BUF,24,NE,21,0
2024-12-22,2024,16,REG,LV,19,JAX,14,0
2024-12-22,2024,16,REG,MIA,29,SF,17,0
2024-12-22,2024,16,REG,DAL,26,TB,24,0
2024-12-23,2024,16,REG,GB,34,NO,0,0
2024-12-25,2024,17,REG,PIT,10,KC,29,0
2024-12-25,2024,17,REG,HOU,2,BAL,31,0
2024-12-26,2024,17,REG,CHI,3,SEA,6,0
2024-12-28,2024,17,REG,NE,7,LAC,40,0
2024-12-28,2024,17,REG,CIN,30,DEN,24,0
2024-12-28,2024,17,REG,LA,13,ARI,9,0
2024-12-29,2024,17,REG,BUF,40,NYJ,14,0
2024-12-29,2024,17,REG,JAX,20,TEN,13,0
2024-12-29,2024,17,REG,NO,10,LV,25,0
2024-12-29,2024,17,REG,NYG,45,IND,33,0
2024-12-29,2024,17,REG,PHI,41,DAL,7,0
2024-12-29,2024,17,REG,TB,48,CAR,14,0
2024-12-29,2024,17,REG,CLE,3,MIA,20,0
2024-12-29,2024,17,REG,MIN,27,GB,25,0
2024-12-29,2024,17,REG,WAS,30,ATL,24,0
2024-12-30,2024,17,REG,SF,34,DET,40,0
2025-01-04,2024,18,REG,BAL,35,CLE,10,0
2025-01-04,2024,18,REG,PIT,17,CIN,19,0
2025-01-05,2024,18,REG,ATL,38,CAR,44,0
2025-01-05,2024,18,REG,DAL,19,WAS,23,0
2025-01-05,2024,18,REG,GB,22,CHI,24,0
2025-01-05,2024,18,REG,IND,26,JAX,23,0
2025-01-05,2024,18,REG,NE,23,BUF,16,0
2025-01-05,2024,18,REG,PHI,20,NYG,13,0
2025-01-05,2024,18,REG,TB,27,NO,19,0
2025-01-05,2024,18,REG,TEN,14,HOU,23,0
2025-01-05,2024,18,REG,ARI,47,SF,24,0
2025-01-05,2024,18,REG,DEN,38,KC,0,0
2025-01-05,2024,18,REG,LA,25,SEA,30,0
2025-01-05,2024,18,REG,LV,20,LAC,34,0
2025-01-05,2024,18,REG,NYJ,32,MIA,20,0
2025-01-05,2024,18,REG,DET,31,MIN,9,0
2025-01-11,2024,19,WC,HOU,32,LAC,12,0
2025-01-11,2024,19,WC,BAL,28,PIT,14,0
2025-01-12,2024,19,WC,BUF,31,DEN,7,0
2025-01-12,2024,19,WC,PHI,22,GB,10,0
2025-01-12,2024,19,WC,TB,20,WAS,23,0
2025-01-13,2024,19,WC,LA,27,MIN,9,0
2025-01-18,2024,20,DIV,KC,23,HOU,14,0
2025-01-18,2024,20,DIV,DET,31,WAS,45,0
2025-01-19,2024,20,DIV,PHI,28,LA,22,0
2025-01-19,2024,20,DIV,BUF,27,BAL,25,0
2025-01-26,2024,21,CON,PHI,55,WAS,23,0
2025-01-26,2024,21,CON,KC,32,BUF,29,0
2025-02-09,2024,22,SB,PHI,40,KC,22,0
2025-09-04,2025,1,REG,PHI,24,DAL,20,0
2025-09-05,2025,1,REG,LAC,27,KC,21,0
2025-09-07,2025,1,REG,ATL,20,TB,23,0
2025-09-07,2025,1,REG,CLE,16,CIN,17,0
2025-09-07,2025,1,REG,IND,33,MIA,8,0
2025-09-07,2025,1,REG,JAX,26,CAR,10,0
2025-09-07,2025,1,REG,NE,13,LV,20,0
2025-09-07,2025,1,REG,NO,13,ARI,20,0
2025-09-07,2025,1,REG,NYJ,32,PIT,34,0
2025-09-07,2025,1,REG,WAS,21,NYG,6,0
2025-09-07,2025,1,REG,DEN,20,TEN,12,0
2025-09-07,2025,1,REG,SEA,13,SF,17,0
2025-09-07,2025,1,REG,GB,27,DET,13,0
2025-09-07,2025,1,REG,LA,14,HOU,9,0
2025-09-07,2025,1,REG,BUF,41,BAL,40,0
2025-09-08,2025,1,REG,CHI,24,MIN,27,0
2025-09-11,2025,2,REG,GB,27,WAS,18,0
2025-09-14,2025,2,REG,BAL,41,CLE,17,0
2025-09-14,2025,2,REG,CIN,31,JAX,27,0
2025-09-14,2025,2,REG,DAL,40,NYG,37,0
2025-09-14,2025,2,REG,DET,52,CHI,21,0
2025-09-14,2025,2,REG,MIA,27,NE,33,0
2025-09-14,2025,2,REG,NO,21,SF,26,0
2025-09-14,2025,2,REG,NYJ,10,BUF,30,0
2025-09-14,2025,2,REG,PIT,17,SEA,31,0
2025-09-14,2025,2,REG,TEN,19,LA,33,0
2025-09-14,2025,2,REG,ARI,27,CAR,22,0
2025-09-14,2025,2,REG,IND,29,DEN,28,0
2025-09-14,2025,2,REG,KC,17,PHI,20,0
2025-09-14,2025,2,REG,MIN,6,ATL,22,0
2025-09-15,2025,2,REG,HOU,19,TB,20,0
2025-09-15,2025,2,REG,LV,9,LAC,20,0
2025-09-18,2025,3,REG,BUF,31,MIA,21,0
2025-09-21,2025,3,REG,CAR,30,ATL,0,0
2025-09-21,2025,3,REG,CLE,13,GB,10,0
2025-09-21,2025,3,REG,JAX,17,HOU,10,0
2025-09-21,2025,3,REG,MIN,48,CIN,10,0
2025-09-21,2025,3,REG,NE,14,PIT,21,0
2025-09-21,2025,3,REG,PHI,33,LA,26,0
2025-09-21,2025,3,REG,TB,29,NYJ,27,0
2025-09-21,2025,3,REG,TEN,20,IND,41,0
2025-09-21,2025,3,REG,WAS,41,LV,24,0
2025-09-21,2025,3,REG,LAC,23,DEN,20,0
2025-09-21,2025,3,REG,SEA,44,NO,13,0
2025-09-21,2025,3,REG,CHI,31,DAL,14,0
2025-09-21,2025,3,REG,SF,16,ARI,15,0
2025-09-21,2025,3,REG,NYG,9,KC,22,0
2025-09-22,2025,3,REG,BAL,30,DET,38,0
2025-09-25,2025,4,REG,ARI,20,SEA,23,0
2025-09-28,2025,4,REG,PIT,24,MIN,21,0
2025-09-28,2025,4,REG,ATL,34,WAS,27,0
2025-09-28,2025,4,REG,BUF,31,NO,19,0
2025-09-28,2025,4,REG,DET,34,CLE,10,0
2025-09-28,2025,4,REG,HOU,26,TEN,0,0
2025-09-28,2025,4,REG,NE,42,CAR,13,0
2025-09-28,2025,4,REG,NYG,21,LAC,18,0
2025-09-28,2025,4,REG,TB,25,PHI,31,0
2025-09-28,2025,4,REG,LA,27,IND,20,0
2025-09-28,2025,4,REG,SF,21,JAX,26,0
2025-09-28,2025,4,REG,KC,37,BAL,20,0
2025-09-28,2025,4,REG,LV,24,CHI,25,0
2025-09-28,2025,4,REG,DAL,40,GB,40,0
2025-09-29,2025,4,REG,MIA,27,NYJ,21,0
2025-09-29,2025,4,REG,DEN,28,CIN,3,0
2025-10-02,2025,5,REG,LA,23,SF,26,0
2025-10-05,2025,5,REG,CLE,17,MIN,21,0
2025-10-05,2025,5,REG,BAL,10,HOU,44,0
2025-10-05,2025,5,REG,CAR,27,MIA,24,0
2025-10-05,2025,5,REG,IND,40,LV,6,0
2025-10-05,2025,5,REG,NO,26,NYG,14,0
2025-10-05,2025,5,REG,NYJ,22,DAL,37,0
2025-10-05,2025,5,REG,PHI,17,DEN,21,0
2025-10-05,2025,5,REG,ARI,21,TEN,22,0
2025-10-05,2025,5,REG,SEA,35,TB,38,0
2025-10-05,2025,5,REG,CIN,24,DET,37,0
2025-10-05,2025,5,REG,LAC,10,WAS,27,0
2025-10-05,2025,5,REG,BUF,20,NE,23,0
2025-10-06,2025,5,REG,JAX,31,KC,28,0
2025-10-09,2025,6,REG,NYG,34,PHI,17,0
2025-10-12,2025,6,REG,NYJ,11,DEN,13,0
2025-10-12,2025,6,REG,BAL,3,LA,17,0
2025-10-12,2025,6,REG,CAR,30,DAL,27,0
2025-10-12,2025,6,REG,IND,31,ARI,27,0
2025-10-12,2025,6,REG,JAX,12,SEA,20,0
2025-10-12,2025,6,REG,MIA,27,LAC,29,0
2025-10-12,2025,6,REG,NO,19,NE,25,0
2025-10-12,2025,6,REG,PIT,23,CLE,9,0
2025-10-12,2025,6,REG,LV,20,TEN,10,0
2025-10-12,2025,6,REG,GB,27,CIN,18,0
2025-10-12,2025,6,REG,TB,30,SF,19,0
2025-10-12,2025,6,REG,KC,30,DET,17,0
2025-10-13,2025,6,REG,ATL,24,BUF,14,0
2025-10-13,2025,6,REG,WAS,24,CHI,25,0
2025-10-16,2025,7,REG,CIN,33,PIT,31,0
2025-10-19,2025,7,REG,JAX,7,LA,35,0
2025-10-19,2025,7,REG,CHI,26,NO,14,0
2025-10-19,2025,7,REG,CLE,31,MIA,6,0
2025-10-19,2025,7,REG,KC,31,LV,0,0
2025-10-19,2025,7,REG,MIN,22,PHI,28,0
2025-10-19,2025,7,REG,NYJ,6,CAR,13,0
2025-10-19,2025,7,REG,TEN,13,NE,31,0
2025-10-19,2025,7,REG,DEN,33,NYG,32,0
2025-10-19,2025,7,REG,LAC,24,IND,38,0
2025-10-19,2025,7,REG,ARI,23,GB,27,0
2025-10-19,2025,7,REG,DAL,44,WAS,22,0
2025-10-19,2025,7,REG,SF,20,ATL,10,0
2025-10-20,2025,7,REG,DET,24,TB,9,0
2025-10-20,2025,7,REG,SEA,27,HOU,19,0
2025-10-23,2025,8,REG,LAC,37,MIN,10,0
2025-10-26,2025,8,REG,ATL,10,MIA,34,0
2025-10-26,2025,8,REG,BAL,30,CHI,16,0
2025-10-26,2025,8,REG,CAR,9,BUF,40,0
2025-10-26,2025,8,REG,CIN,38,NYJ,39,0
2025-10-26,2025,8,REG,HOU,26,SF,15,0
2025-10-26,2025,8,REG,NE,32,CLE,13,0
2025-10-26,2025,8,REG,PHI,38,NYG,20,0
2025-10-26,2025,8,REG,NO,3,TB,23,0
2025-10-26,2025,8,REG,DEN,44,DAL,24,0
2025-10-26,2025,8,REG,IND,38,TEN,14,0
2025-10-26,2025,8,REG,PIT,25,GB,35,0
2025-10-27,2025,8,REG,KC,28,WAS,7,0
2025-10-30,2025,9,REG,MIA,6,BAL,28,0
2025-11-02,2025,9,REG,CIN,42,CHI,47,0
2025-11-02,2025,9,REG,DET,24,MIN,27,0
2025-11-02,2025,9,REG,GB,13,CAR,16,0
2025-11-02,2025,9,REG,HOU,15,DEN,18,0
2025-11-02,2025,9,REG,NE,24,ATL,23,0
2025-11-02,2025,9,REG,NYG,24,SF,34,0
2025-11-02,2025,9,REG,PIT,27,IND,20,0
2025-11-02,2025,9,REG,TEN,20,LAC,27,0
2025-11-02,2025,9,REG,LA,34,NO,10,0
2025-11-02,2025,9,REG,LV,29,JAX,30,0
2025-11-02,2025,9,REG,BUF,28,KC,21,0
2025-11-02,2025,9,REG,WAS,14,SEA,38,0
2025-11-03,2025,9,REG,DAL,17,ARI,27,0
2025-11-06,2025,10,REG,DEN,10,LV,7,0
2025-11-09,2025,10,REG,IND,31,ATL,25,0
2025-11-09,2025,10,REG,CAR,7,NO,17,0
2025-11-09,2025,10,REG,CHI,24,NYG,20,0
2025-11-09,2025,10,REG,HOU,36,JAX,29,0
2025-11-09,2025,10,REG,MIA,30,BUF,13,0
2025-11-09,2025,10,REG,MIN,19,BAL,27,0
2025-11-09,2025,10,REG,NYJ,27,CLE,20,0
2025-11-09,2025,10,REG,TB,23,NE,28,0
2025-11-09,2025,10,REG,SEA,44,ARI,22,0
2025-11-09,2025,10,REG,SF,26,LA,42,0
2025-11-09,2025,10,REG,WAS,22,DET,44,0
2025-11-09,2025,10,REG,LAC,25,PIT,10,0
2025-11-10,2025,10,REG,GB,7,PHI,10,0
2025-11-13,2025,11,REG,NE,27,NYJ,14,0
2025-11-16,2025,11,REG,MIA,16,WAS,13,0
2025-11-16,2025,11,REG,ATL,27,CAR,30,0
2025-11-16,2025,11,REG,BUF,44,TB,32,0
2025-11-16,2025,11,REG,JAX,35,LAC,6,0
2025-11-16,2025,11,REG,MIN,17,CHI,19,0
2025-11-16,2025,11,REG,NYG,20,GB,27,0
2025-11-16,2025,11,REG,PIT,34,CIN,12,0
2025-11-16,2025,11,REG,TEN,13,HOU,16,0
2025-11-16,2025,11,REG,ARI,22,SF,41,0
2025-11-16,2025,11,REG,LA,21,SEA,19,0
2025-11-16,2025,11,REG,CLE,16,BAL,23,0
2025-11-16,2025,11,REG,DEN,22,KC,19,0
2025-11-16,2025,11,REG,PHI,16,DET,9,0
2025-11-17,2025,11,REG,LV,16,DAL,33,0
2025-11-20,2025,12,REG,HOU,23,BUF,19,0
2025-11-23,2025,12,REG,BAL,23,NYJ,10,0
2025-11-23,2025,12,REG,CHI,31,PIT,28,0
2025-11-23,2025,12,REG,CIN,20,NE,26,0
2025-11-23,2025,12,REG,DET,34,NYG,27,0
2025-11-23,2025,12,REG,GB,23,MIN,6,0
2025-11-23,2025,12,REG,KC,23,IND,20,0
2025-11-23,2025,12,REG,TEN,24,SEA,30,0
2025-11-23,2025,12,REG,ARI,24,JAX,27,0
2025-11-23,2025,12,REG,LV,10,CLE,24,0
2025-11-23,2025,12,REG,DAL,24,PHI,21,0
2025-11-23,2025,12,REG,NO,10,ATL,24,0
2025-11-23,2025,12,REG,LA,34,TB,7,0
2025-11-24,2025,12,REG,SF,20,CAR,9,0
2025-11-27,2025,13,REG,DET,24,GB,31,0
2025-11-27,2025,13,REG,DAL,31,KC,28,0
2025-11-27,2025,13,REG,BAL,14,CIN,32,0
2025-11-28,2025,13,REG,PHI,15,CHI,24,0
2025-11-30,2025,13,REG,CAR,31,LA,28,0
2025-11-30,2025,13,REG,CLE,8,SF,26,0
2025-11-30,2025,13,REG,IND,16,HOU,20,0
2025-11-30,2025,13,REG,MIA,21,NO,17,0
2025-11-30,2025,13,REG,NYJ,27,ATL,24,0
2025-11-30,2025,13,REG,TB,20,ARI,17,0
2025-11-30,2025,13,REG,TEN,3,JAX,25,0
2025-11-30,2025,13,REG,SEA,26,MIN,0,0
2025-11-30,2025,13,REG,LAC,31,LV,14,0
2025-11-30,2025,13,REG,PIT,7,BUF,26,0
2025-11-30,2025,13,REG,WAS,26,DEN,27,0
2025-12-01,2025,13,REG,NE,33,NYG,15,0
2025-12-04,2025,14,REG,DET,44,DAL,30,0
2025-12-07,2025,14,REG,ATL,9,SEA,37,0
2025-12-07,2025,14,REG,BAL,22,PIT,27,0
2025-12-07,2025,14,REG,BUF,39,CIN,34,0
2025-12-07,2025,14,REG,CLE,29,TEN,31,0
2025-12-07,2025,14,REG,JAX,36,IND,19,0
2025-12-07,2025,14,REG,MIN,31,WAS,0,0
2025-12-07,2025,14,REG,NYJ,10,MIA,34,0
2025-12-07,2025,14,REG,TB,20,NO,24,0
2025-12-07,2025,14,REG,LV,17,DEN,24,0
2025-12-07,2025,14,REG,ARI,17,LA,45,0
2025-12-07,2025,14,REG,GB,28,CHI,21,0
2025-12-07,2025,14,REG,KC,10,HOU,20,0
2025-12-08,2025,14,REG,LAC,22,PHI,19,0
2025-12-11,2025,15,REG,TB,28,ATL,29,0
2025-12-14,2025,15,REG,CHI,31,CLE,3,0
2025-12-14,2025,15,REG,CIN,0,BAL,24,0
2025-12-14,2025,15,REG,HOU,40,ARI,20,0
2025-12-14,2025,15,REG,JAX,48,NYJ,20,0
2025-12-14,2025,15,REG,KC,13,LAC,16,0
2025-12-14,2025,15,REG,NE,31,BUF,35,0
2025-12-14,2025,15,REG,NYG,21,WAS,29,0
2025-12-14,2025,15,REG,PHI,31,LV,0,0
2025-12-14,2025,15,REG,DEN,34,GB,26,0
2025-12-14,2025,15,REG,LA,41,DET,34,0
2025-12-14,2025,15,REG,NO,20,CAR,17,0
2025-12-14,2025,15,REG,SEA,18,IND,16,0
2025-12-14,2025,15,REG,SF,37,TEN,24,0
2025-12-14,2025,15,REG,DAL,26,MIN,34,0
2025-12-15,2025,15,REG,PIT,28,MIA,15,0
2025-12-18,2025,16,REG,SEA,38,LA,37,0
2025-12-20,2025,16,REG,WAS,18,PHI,29,0
2025-12-20,2025,16,REG,CHI,22,GB,16,0
2025-12-21,2025,16,REG,CAR,23,TB,20,0
2025-12-21,2025,16,REG,CLE,20,BUF,23,0
2025-12-21,2025,16,REG,DAL,17,LAC,34,0
2025-12-21,2025,16,REG,MIA,21,CIN,45,0
2025-12-21,2025,16,REG,NO,29,NYJ,6,0
2025-12-21,2025,16,REG,NYG,13,MIN,16,0
2025-12-21,2025,16,REG,TEN,26,KC,9,0
2025-12-21,2025,16,REG,ARI,19,ATL,26,0
2025-12-21,2025,16,REG,DEN,20,JAX,34,0
2025-12-21,2025,16,REG,DET,24,PIT,29,0
2025-12-21,2025,16,REG,HOU,23,LV,21,0
2025-12-21,2025,16,REG,BAL,24,NE,28,0
2025-12-22,2025,16,REG,IND,27,SF,48,0
2025-12-25,2025,17,REG,WAS,23,DAL,30,0
2025-12-25,2025,17,REG,MIN,23,DET,10,0
2025-12-25,2025,17,REG,KC,13,DEN,20,0
2025-12-27,2025,17,REG,LAC,16,HOU,20,0
2025-12-27,2025,17,REG,GB,24,BAL,41,0
2025-12-28,2025,17,REG,CAR,10,SEA,27,0
2025-12-28,2025,17,REG,CIN,37,ARI,14,0
2025-12-28,2025,17,REG,CLE,13,PIT,6,0
2025-12-28,2025,17,REG,IND,17,JAX,23,0
2025-12-28,2025,17,REG,MIA,20,TB,17,0
2025-12-28,2025,17,REG,NYJ,10,NE,42,0
2025-12-28,2025,17,REG,TEN,26,NO,34,0
2025-12-28,2025,17,REG,LV,10,NYG,34,0
2025-12-28,2025,17,REG,BUF,12,PHI,13,0
2025-12-28,2025,17,REG,SF,42,CHI,38,0
2025-12-29,2025,17,REG,ATL,27,LA,24,0
2026-01-03,2025,18,REG,TB,16,CAR,14,0
2026-01-03,2025,18,REG,SF,3,SEA,13,0
2026-01-04,2025,18,REG,ATL,19,NO,17,0
2026-01-04,2025,18,REG,CIN,18,CLE,20,0
2026-01-04,2025,18,REG,HOU,38,IND,30,0
2026-01-04,2025,18,REG,JAX,41,TEN,7,0
2026-01-04,2025,18,REG,MIN,16,GB,3,0
2026-01-04,2025,18,REG,NYG,34,DAL,17,0
2026-01-04,2025,18,REG,BUF,35,NYJ,8,0
2026-01-04,2025,18,REG,CHI,16,DET,19,0
2026-01-04,2025,18,REG,DEN,19,LAC,3,0
2026-01-04,2025,18,REG,LA,37,ARI,20,0
2026-01-04,2025,18,REG,LV,14,KC,12,0
2026-01-04,2025,18,REG,NE,38,MIA,10,0
2026-01-04,2025,18,REG,PHI,17,WAS,24,0
2026-01-04,2025,18,REG,PIT,26,BAL,24,0
2026-01-10,2025,19,WC,CAR,31,LA,34,0
2026-01-10,2025,19,WC,CHI,31,GB,27,0
2026-01-11,2025,19,WC,JAX,24,BUF,27,0
2026-01-11,2025,19,WC,PHI,19,SF,23,0
2026-01-11,2025,19,WC,NE,16,LAC,3,0
2026-01-12,2025,19,WC,PIT,6,HOU,30,0
2026-01-17,2025,20,DIV,DEN,33,BUF,30,0
2026-01-17,2025,20,DIV,SEA,41,SF,6,0
2026-01-18,2025,20,DIV,NE,28,HOU,16,0
2026-01-18,2025,20,DIV,CHI,17,LA,20,0
2026-01-25,2025,21,CON,DEN,7,NE,10,0
2026-01-25,2025,21,CON,SEA,31,LA,27,0
2026-02-08,2025,22,SB,NE,13,SEA,29,0
